/*******************************************************************************
 * Size: 14 px
 * Bpp: 2
 ******************************************************************************/

#ifdef LV_LVGL_H_INCLUDE_SIMPLE
#include "lvgl.h"
#else
#include "lvgl.h"
#endif

#ifndef UI_FONT_ZH_14
#define UI_FONT_ZH_14 1
#endif

#if UI_FONT_ZH_14

/*-----------------
 *    BITMAPS
 *----------------*/

/*Store the image of the glyphs*/
static LV_ATTRIBUTE_LARGE_CONST const uint8_t glyph_bitmap[] = {
    /* U+00B7 "·" */
    0x3c, 0x20, 0x50, 0x10,

    /* U+2013 "–" */
    0x7f, 0xa0,

    /* U+2014 "—" */
    0x7f, 0xfd, 0x0,

    /* U+2018 "‘" */
    0xd, 0xe, 0x71, 0x80,

    /* U+2019 "’" */
    0x20, 0x31, 0x66, 0x90,

    /* U+201C "“" */
    0xf, 0xc8, 0x82, 0x56, 0x5, 0x8, 0x5a, 0x20,

    /* U+201D "”" */
    0x21, 0x85, 0xb4, 0x62, 0x41, 0xab, 0x4, 0x28,

    /* U+2026 "…" */
    0x20, 0x94, 0x14, 0x28, 0x2f, 0x4, 0xa0,

    /* U+3000 "　" */

    /* U+3001 "、" */
    0xf, 0x68, 0x54, 0x40, 0xd1, 0x3, 0x20,

    /* U+3002 "。" */
    0x19, 0x1e, 0xde, 0x2f, 0x23, 0xbd, 0xa0,

    /* U+3008 "〈" */
    0xd, 0x6, 0x43, 0xa8, 0x15, 0x2, 0x44, 0x2a,
    0x5, 0x40, 0xd4, 0xe, 0x50, 0x6a, 0x7, 0x58,
    0x65, 0x83, 0x50, 0x3b, 0x0,

    /* U+3009 "〉" */
    0x20, 0xf2, 0x1a, 0x81, 0xd4, 0xc, 0x88, 0x6a,
    0x7, 0x50, 0x35, 0x2, 0x50, 0x6a, 0x5, 0xc1,
    0x2c, 0x15, 0x3, 0x61, 0x80,

    /* U+300A "《" */
    0x9, 0x10, 0xd9, 0x5, 0x6c, 0x19, 0xd0, 0x3b,
    0x85, 0xba, 0x7, 0x43, 0x3a, 0x1f, 0x90, 0xaa,
    0xc3, 0xe4, 0x2a, 0xb0, 0xff, 0xa2, 0x0,

    /* U+300B "》" */
    0x11, 0xd, 0x18, 0x69, 0xe0, 0x9d, 0xe, 0xdd,
    0x9, 0xdc, 0x3d, 0xa1, 0xda, 0x7, 0xe, 0xda,
    0x1, 0xf, 0x75, 0x7, 0xfa, 0x20, 0x80,

    /* U+300C "「" */
    0xfc, 0x9f, 0x21, 0xff, 0xd7, 0xc3, 0x0,

    /* U+300D "」" */
    0xf, 0xec, 0x3f, 0xfa, 0xef, 0xc0,

    /* U+300E "『" */
    0x97, 0xb5, 0xc1, 0x4b, 0x3, 0x50, 0x7f, 0xf5,
    0x10, 0xc0,

    /* U+300F "』" */
    0xa, 0x60, 0xb7, 0xf, 0xfe, 0x92, 0xc1, 0xf3,
    0x80,

    /* U+3010 "【" */
    0xe, 0x7e, 0x42, 0x90, 0x90, 0xa0, 0xc8, 0x7f,
    0xf3, 0x10, 0xd0, 0x72, 0x1a, 0x40,

    /* U+3011 "】" */
    0x7e, 0x54, 0x19, 0xe, 0x83, 0x21, 0xff, 0xcc,
    0x43, 0x41, 0x21, 0x30, 0x4f, 0xc8,

    /* U+4E00 "一" */
    0x3f, 0xff, 0x81, 0x1f, 0xff, 0xc0, 0x80,

    /* U+4E07 "万" */
    0x3f, 0xff, 0x80, 0xf, 0xa7, 0xfe, 0xf, 0xfe,
    0xae, 0xff, 0x41, 0xf5, 0xfc, 0x87, 0x94, 0x19,
    0x41, 0xc8, 0x7f, 0xf0, 0x78, 0x3f, 0xe5, 0x83,
    0xbc, 0x13, 0x61, 0xe5, 0x5, 0x61, 0xbe, 0x43,
    0x61, 0xdf, 0x41, 0x0,

    /* U+4E09 "三" */
    0xf, 0xfe, 0x27, 0xff, 0x83, 0x7f, 0xf8, 0x3f,
    0xfa, 0x8f, 0xfe, 0xe, 0x7f, 0xf0, 0x7f, 0xf8,
    0xbf, 0xff, 0x80, 0x0,

    /* U+4E0A "上" */
    0xf, 0x61, 0xff, 0xfa, 0xfe, 0x43, 0xf7, 0xf2,
    0x1f, 0xfe, 0xea, 0xe2, 0xbc, 0x95, 0xdd, 0x79,

    /* U+4E0B "下" */
    0x3f, 0xff, 0x80, 0xf, 0xe3, 0xfc, 0x1f, 0x21,
    0xff, 0xc2, 0x83, 0xff, 0x85, 0xa1, 0xff, 0x5f,
    0x21, 0xff, 0x54, 0x1f, 0xfc, 0x7, 0xf, 0xff,
    0x70,

    /* U+4E0D "不" */
    0x3f, 0xff, 0x80, 0xf, 0xf1, 0xfc, 0x1f, 0x48,
    0x7f, 0xd3, 0xa1, 0xfc, 0xb1, 0xe0, 0xfa, 0x98,
    0x29, 0xa1, 0xb3, 0xc, 0xf4, 0x7, 0x40, 0xfb,
    0xb, 0x43, 0xfa, 0xf, 0xfe, 0xf8,

    /* U+4E0E "与" */
    0xc, 0x87, 0xfc, 0xe1, 0xff, 0x6f, 0xfc, 0x84,
    0xff, 0xe4, 0x3f, 0xf8, 0x88, 0x7f, 0xca, 0xff,
    0xc8, 0x1f, 0xfc, 0x87, 0xff, 0x5, 0x3f, 0xf4,
    0x20, 0xff, 0xd0, 0x7f, 0xf0, 0x54, 0x1f, 0xbe,
    0xa0, 0x7e, 0xfc, 0x0,

    /* U+4E2D "中" */
    0xe, 0xc3, 0xff, 0x9f, 0xfc, 0x7f, 0x1f, 0x8f,
    0xc1, 0xff, 0xcc, 0x43, 0x21, 0xdd, 0x47, 0x51,
    0x5c, 0x57, 0x21, 0xfc, 0x87, 0xff, 0x28,

    /* U+4E32 "串" */
    0xe, 0xc3, 0xff, 0x8f, 0xf8, 0xfe, 0xb, 0xe3,
    0xf0, 0x7f, 0xf1, 0x3e, 0x3f, 0x5, 0xf8, 0xfe,
    0x2f, 0xc7, 0xf4, 0x7e, 0x3f, 0x41, 0xff, 0xc2,
    0xfc, 0x7e, 0x8f, 0xe3, 0xfa, 0x43, 0xfe,

    /* U+4E3A "为" */
    0x2, 0xc, 0x3f, 0x41, 0xff, 0x50, 0x3f, 0xcc,
    0x1f, 0x9f, 0xc7, 0xf9, 0xfa, 0x7f, 0x83, 0xbc,
    0x1f, 0xe5, 0xa0, 0x28, 0x25, 0x9, 0x7, 0xa8,
    0xb, 0xe, 0xe0, 0xc9, 0xe3, 0x90, 0xf2, 0xa8,
    0x86, 0xbc, 0x92, 0x1d, 0x7a, 0x0,

    /* U+4E8B "事" */
    0xf, 0x30, 0x7d, 0x5e, 0x6b, 0x81, 0x5c, 0xaa,
    0xe0, 0xae, 0x8a, 0xab, 0xe, 0xac, 0xd4, 0x1d,
    0xea, 0x9a, 0x90, 0xef, 0x95, 0xf8, 0x3f, 0xf8,
    0x30, 0x5d, 0x65, 0x54, 0x69, 0xfd, 0x3f, 0x1a,
    0xf, 0xd3, 0xf0, 0x77, 0xe9, 0xf9, 0xf, 0x3d,
    0x85, 0x0,

    /* U+4E8C "二" */
    0x7, 0xff, 0x83, 0x7f, 0xf8, 0x3f, 0xff, 0xe1,
    0xff, 0xce, 0xff, 0xfe, 0x0,

    /* U+4E94 "五" */
    0xf, 0xfe, 0x27, 0xff, 0x83, 0x7d, 0x3f, 0xc1,
    0xff, 0xc9, 0xf0, 0x7f, 0x3e, 0x6f, 0xc1, 0xcf,
    0x8f, 0xc8, 0x7f, 0xf0, 0x10, 0xfc, 0xa0, 0xff,
    0xe0, 0x78, 0x2f, 0x6, 0xf9, 0xbe, 0x6f, 0x3,
    0xff, 0xf8, 0x0,

    /* U+4EAE "亮" */
    0xf, 0x21, 0xf9, 0x7b, 0xcb, 0xc1, 0xf7, 0x7,
    0xca, 0xff, 0xca, 0xc, 0xd7, 0x83, 0xf5, 0x79,
    0xf, 0x75, 0xec, 0x37, 0xff, 0xf0, 0x2, 0xff,
    0xf0, 0x58, 0x3a, 0xb8, 0x18, 0x7a, 0xb0, 0x7e,
    0x90, 0xfb, 0x5, 0xe8, 0x25, 0x79, 0x5, 0xa1,
    0xdf, 0x40,

    /* U+4EC5 "仅" */
    0xc, 0x87, 0xff, 0x6, 0xf, 0xfe, 0x5, 0x5f,
    0xf0, 0x65, 0x47, 0xe9, 0xb, 0x9, 0xd, 0xe0,
    0x68, 0x5c, 0x12, 0x80, 0xc1, 0x28, 0xa, 0xa,
    0xe, 0xa1, 0x40, 0xfe, 0x55, 0x3, 0xfe, 0x58,
    0x3f, 0xd1, 0x61, 0xf9, 0xc9, 0xb4, 0x39, 0xf4,
    0x7, 0xc8, 0x5b, 0x7, 0xa4,

    /* U+4EE4 "令" */
    0xf, 0x90, 0xff, 0xe0, 0x50, 0x3f, 0xef, 0x58,
    0x7f, 0x72, 0xad, 0xe, 0xbc, 0xe3, 0xd0, 0x2f,
    0x81, 0xe0, 0x7c, 0x9a, 0x1a, 0x9, 0xd0, 0x5f,
    0xaf, 0xa0, 0xd7, 0xf9, 0x50, 0x7c, 0x82, 0x60,
    0xfd, 0x53, 0x87, 0xf6, 0x30, 0x7f, 0xd5, 0x7,
    0xff, 0x1, 0xc3, 0x80,

    /* U+4EF6 "件" */
    0xf, 0xfe, 0x2c, 0x85, 0x7, 0xe5, 0xa0, 0xfe,
    0x93, 0xc1, 0xfc, 0xc3, 0x6f, 0xc8, 0x30, 0x2b,
    0xcf, 0xc9, 0x20, 0xe0, 0xfd, 0xc0, 0x83, 0xf9,
    0xa, 0xf9, 0xfc, 0x1d, 0x7c, 0xfe, 0xf, 0xff,
    0x68,

    /* U+4EFB "任" */
    0xd, 0x7, 0xc8, 0x65, 0xa, 0xbd, 0x7, 0x5d,
    0x99, 0xc8, 0x48, 0x28, 0xa0, 0xfa, 0xf, 0xfe,
    0x7, 0x7, 0xff, 0x2, 0x47, 0xf1, 0xf8, 0x40,
    0xfe, 0x3f, 0x7, 0xff, 0xc6, 0xf8, 0xf9,

    /* U+4F19 "伙" */
    0xf, 0xfe, 0x2c, 0x85, 0x87, 0xe5, 0x7, 0xfd,
    0x21, 0xf9, 0x9, 0x88, 0x3d, 0x3, 0x9, 0xe,
    0xa1, 0x21, 0xfc, 0xa2, 0x80, 0x60, 0xe4, 0x3c,
    0xa1, 0x12, 0xf, 0xed, 0xc3, 0xfe, 0x64, 0x3f,
    0xd2, 0x58, 0x7e, 0xc8, 0x56, 0x87, 0x74, 0xa,
    0xa0,

    /* U+4F1A "会" */
    0xf, 0x90, 0xff, 0xe0, 0x50, 0x3f, 0xe8, 0xb0,
    0xfe, 0xc9, 0xb4, 0x3a, 0xd8, 0xd, 0xe4, 0x19,
    0x95, 0xbf, 0x3, 0x8a, 0xf2, 0x40, 0xbf, 0xfe,
    0x5, 0xf1, 0x7f, 0x83, 0xa8, 0x83, 0x43, 0xd0,
    0x85, 0xc8, 0x69, 0x3f, 0x98, 0x37, 0x4f, 0xea,
    0x20,

    /* U+4F34 "伴" */
    0xf, 0xfe, 0x2c, 0x85, 0x87, 0xe5, 0x61, 0xd8,
    0x69, 0x14, 0x1f, 0xcc, 0x78, 0x2a, 0x5, 0x84,
    0xc1, 0x68, 0x20, 0x9f, 0x8e, 0xe3, 0xc0, 0x7e,
    0x3e, 0x84, 0x3f, 0xf8, 0xbf, 0x8f, 0xc1, 0xdf,
    0x8f, 0xc1, 0xff, 0xd3, 0x43, 0xfe,

    /* U+4F4D "位" */
    0xc, 0x84, 0x87, 0xf4, 0x1a, 0xf, 0xa8, 0x12,
    0x1f, 0x95, 0x7c, 0xfc, 0x16, 0x97, 0xfc, 0x8,
    0x34, 0x85, 0x86, 0xc2, 0xf0, 0x7d, 0x6, 0x42,
    0x50, 0x7f, 0x20, 0xf0, 0x7f, 0xf0, 0x50, 0xfe,
    0x40, 0x87, 0xfa, 0x14, 0x1f, 0xab, 0x65, 0x10,

    /* U+4F55 "何" */
    0x9, 0xf, 0xfe, 0xc, 0x1f, 0xfc, 0x5, 0xbf,
    0xf0, 0x56, 0xff, 0x8c, 0x10, 0x87, 0xf9, 0x41,
    0x74, 0xc3, 0xd8, 0x4d, 0x10, 0xe4, 0x3f, 0xf8,
    0xcd, 0x10, 0xff, 0x34, 0xc3, 0xfd, 0x87, 0xff,
    0x5, 0xf, 0xfe, 0x25, 0xe4, 0x36, 0x1d, 0x7a,
    0x0,

    /* U+4F59 "余" */
    0xf, 0xfe, 0x43, 0x87, 0xfc, 0xec, 0x1f, 0xd7,
    0x4f, 0x7, 0xd9, 0x1, 0xb4, 0x2b, 0x4a, 0xdb,
    0xe4, 0xf5, 0x59, 0x5b, 0x44, 0x3f, 0xf8, 0x37,
    0xe9, 0xfe, 0x5, 0xfa, 0x7f, 0x83, 0x50, 0x33,
    0x7, 0x2a, 0xc, 0x90, 0x57, 0x83, 0xd1, 0x2,
    0x83, 0xd8, 0x54, 0xe, 0x7c, 0x87, 0x80,

    /* U+4F5C "作" */
    0xc, 0x87, 0xff, 0x6, 0x6, 0x1f, 0xd4, 0x10,
    0xff, 0x28, 0x9f, 0x54, 0x83, 0x45, 0x47, 0x52,
    0x41, 0x50, 0x3f, 0xb0, 0x41, 0x75, 0x2, 0x9,
    0xb, 0xa8, 0x3f, 0xf9, 0x9f, 0x90, 0xfe, 0xfc,
    0x87, 0xff, 0x40,

    /* U+4F7F "使" */
    0xf, 0xfe, 0x2c, 0x85, 0x87, 0xe5, 0x7, 0xfd,
    0x3f, 0x8f, 0xc1, 0x37, 0xe3, 0xf0, 0x30, 0x3f,
    0x1f, 0x44, 0x85, 0x78, 0xf4, 0xe, 0xf, 0xfe,
    0x2, 0x1a, 0xf1, 0xe8, 0x3c, 0xde, 0x3e, 0x83,
    0xda, 0xc1, 0xfe, 0xba, 0x7, 0xf9, 0x57, 0x21,
    0xe7, 0x37, 0x8b, 0x0,

    /* U+4FDD "保" */
    0x9, 0xf, 0xfe, 0xc, 0x7f, 0xc8, 0x4a, 0x7,
    0xf2, 0x1a, 0x81, 0xff, 0x41, 0xab, 0x90, 0x41,
    0xba, 0x34, 0xd3, 0x83, 0xff, 0x80, 0x85, 0xf8,
    0xfc, 0x1d, 0xf0, 0x5f, 0x7, 0xd4, 0x2c, 0x3f,
    0x42, 0x36, 0x1c, 0xfa, 0x9, 0xb0, 0x95, 0xa1,
    0xce, 0x0,

    /* U+4FEE "修" */
    0x9, 0xc, 0x87, 0xe8, 0x2c, 0x3f, 0x50, 0x9,
    0x7d, 0x4, 0xa1, 0x9f, 0x88, 0x10, 0x23, 0xa3,
    0xe0, 0x28, 0xa, 0x12, 0x10, 0x78, 0x2b, 0xd7,
    0xe2, 0xd, 0x75, 0x16, 0x1f, 0x37, 0x44, 0x3f,
    0x31, 0xe5, 0x7, 0xcc, 0x6c, 0x1e, 0xc6, 0x2a,
    0x43, 0xee, 0x28, 0x10,

    /* U+50A8 "储" */
    0xb, 0xe, 0xc3, 0xca, 0x90, 0xf6, 0x17, 0x51,
    0xe3, 0xd0, 0x48, 0x23, 0xc6, 0x20, 0x82, 0x40,
    0x92, 0x5, 0xf, 0x8b, 0x12, 0x4c, 0x70, 0x43,
    0xd1, 0x41, 0xed, 0x5f, 0x7, 0xcc, 0xfc, 0x1f,
    0x96, 0xa6, 0x1f, 0xa5, 0x53, 0xf, 0x26, 0xaa,
    0x83, 0xce, 0x82, 0xa4, 0x2c, 0x3b, 0xa, 0x0,

    /* U+5141 "允" */
    0xf, 0x21, 0xff, 0xc0, 0x83, 0xff, 0x80, 0xb0,
    0xa0, 0xfd, 0x60, 0x60, 0xfb, 0x83, 0x58, 0x74,
    0x75, 0x71, 0x7, 0x43, 0x43, 0xc8, 0x69, 0xd0,
    0xec, 0x3f, 0xf9, 0x1e, 0xf, 0x21, 0x96, 0xf,
    0x68, 0x1b, 0xf, 0x94, 0x7c, 0x19, 0xf9, 0x7,
    0x7, 0x5f, 0x40,

    /* U+5165 "入" */
    0xf, 0xfe, 0x35, 0x3, 0xff, 0x81, 0x10, 0x7f,
    0xf0, 0x25, 0x7, 0xff, 0x6, 0xf, 0xfe, 0xb,
    0x7, 0xf9, 0x52, 0x1f, 0xeb, 0x28, 0x1f, 0x96,
    0x14, 0x1f, 0xa8, 0x15, 0x87, 0xb8, 0x32, 0xa0,
    0x9e, 0x43, 0xa7, 0x5, 0x10, 0xfb, 0x41, 0xa1,
    0xfd, 0x0,

    /* U+5168 "全" */
    0xf, 0xfe, 0x45, 0x3, 0xfe, 0x5c, 0x1f, 0xcd,
    0xf2, 0x1f, 0x53, 0x5, 0xc1, 0xd9, 0x86, 0x8d,
    0x1e, 0x7f, 0xcd, 0x15, 0xbf, 0x2b, 0xe7, 0x43,
    0xde, 0xf, 0xea, 0xfc, 0x1e, 0xa9, 0x55, 0x7,
    0xf7, 0x83, 0xff, 0x93, 0xfd, 0x4f, 0xe0,

    /* U+516D "六" */
    0xf, 0x21, 0xff, 0xc1, 0x90, 0xff, 0xe0, 0x58,
    0x7f, 0xf0, 0x1c, 0x3e, 0xff, 0x5f, 0xc0, 0xff,
    0xfe, 0x0, 0x7f, 0xf1, 0xf0, 0xd8, 0x7d, 0x21,
    0xac, 0x3c, 0xc1, 0x96, 0xd, 0xc1, 0xea, 0x5,
    0x28, 0x3e, 0xb0, 0x30, 0x7e, 0x50, 0x30, 0xff,
    0x40,

    /* U+5173 "关" */
    0x9, 0xf, 0x41, 0xe7, 0xd, 0x61, 0xf2, 0x12,
    0xc1, 0xde, 0x7e, 0x8f, 0x21, 0x7e, 0x9f, 0xc8,
    0x7f, 0xf2, 0x70, 0xfd, 0xfc, 0xaf, 0xe0, 0x7f,
    0x3, 0xf8, 0x3d, 0x36, 0x1f, 0xd3, 0x36, 0x1e,
    0x73, 0x3, 0x68, 0x5d, 0x41, 0x9f, 0x81, 0xe4,
    0x3e, 0xb0,

    /* U+5176 "其" */
    0xa, 0x43, 0x30, 0x7f, 0xf1, 0xad, 0xbf, 0x4f,
    0x81, 0x6d, 0xfa, 0x7c, 0x1d, 0x7e, 0x83, 0xf5,
    0xfa, 0xf, 0xfe, 0x55, 0xfa, 0xf, 0xd7, 0xe8,
    0x3b, 0xcd, 0xfa, 0x7c, 0xf, 0xa9, 0xea, 0x7c,
    0x13, 0xe4, 0xf, 0xa0, 0xb3, 0x83, 0x5e, 0x80,

    /* U+5185 "内" */
    0xe, 0x83, 0xff, 0x98, 0x87, 0x7f, 0x37, 0xe0,
    0x7e, 0x3f, 0x21, 0xff, 0xc5, 0x4c, 0x3f, 0xae,
    0xc3, 0xee, 0x1b, 0xc, 0xf2, 0x6, 0x81, 0x3a,
    0x19, 0x83, 0xff, 0x80, 0x87, 0xf7, 0x80,

    /* U+51C6 "准" */
    0xf, 0x21, 0xfa, 0xd, 0x3, 0xf, 0x20, 0xa0,
    0x10, 0xea, 0x1, 0xbc, 0xfc, 0x16, 0x67, 0xc7,
    0xc1, 0xb8, 0xa8, 0xa2, 0x1b, 0x4a, 0x8a, 0x21,
    0x28, 0x3f, 0xf8, 0x10, 0x5f, 0x1e, 0x83, 0x20,
    0xf8, 0xf4, 0xa, 0x7, 0xff, 0x1, 0x41, 0x7c,
    0x7c, 0xc, 0x37, 0xfc, 0x0,

    /* U+5206 "分" */
    0xf, 0xfe, 0x36, 0x85, 0x87, 0xc8, 0x84, 0xa0,
    0xf5, 0x86, 0xa0, 0x74, 0x87, 0xac, 0x28, 0x83,
    0xca, 0xc2, 0xe9, 0xea, 0xbd, 0x2, 0x68, 0x75,
    0x22, 0x1f, 0xf2, 0x83, 0xca, 0xf, 0xfe, 0x5,
    0x3, 0xfc, 0xf8, 0x3f, 0xdf, 0x5, 0xf4, 0x1b,
    0x83, 0x7c, 0x84,

    /* U+5207 "切" */
    0x6, 0x15, 0x7c, 0x1e, 0xa3, 0x52, 0x19, 0x41,
    0xf3, 0x16, 0x1f, 0x98, 0xa2, 0x1f, 0xfc, 0x25,
    0x7, 0xff, 0x3, 0x9, 0xc, 0xc4, 0x81, 0xd,
    0xe8, 0x3f, 0x2b, 0x8a, 0x7, 0x98, 0x10, 0x85,
    0xe0, 0xd1, 0x3, 0xca, 0xd, 0x40, 0xbe, 0x0,

    /* U+5217 "列" */
    0xf, 0xfe, 0x6, 0x7f, 0xc1, 0xef, 0x1f, 0x8c,
    0x39, 0x41, 0xff, 0x6f, 0xc8, 0x7c, 0xfc, 0x87,
    0xd2, 0x12, 0x83, 0xcd, 0x0, 0x87, 0xd9, 0xf8,
    0x3f, 0x99, 0x40, 0x43, 0xea, 0x5, 0x7, 0x3e,
    0xf, 0xeb, 0xc1, 0xef, 0x25, 0x3, 0xef, 0x40,

    /* U+5220 "删" */
    0xf, 0xfe, 0x6, 0x5e, 0x6f, 0x21, 0xee, 0x7,
    0x2, 0xf, 0xfe, 0x9e, 0x7, 0xe, 0x56, 0xcc,
    0xc8, 0x4a, 0xe8, 0xf4, 0x43, 0xff, 0x8a, 0x87,
    0xec, 0x3e, 0x43, 0x21, 0x20, 0xd0, 0xf9, 0xe9,
    0xea, 0x25, 0xad, 0x6a, 0xb0, 0x5c,

    /* U+5230 "到" */
    0xf, 0xfe, 0x6, 0x7f, 0xc2, 0x1b, 0xc7, 0xe2,
    0xe, 0x61, 0x83, 0xf4, 0x22, 0x83, 0xca, 0xc1,
    0xc1, 0xe6, 0xa4, 0xc3, 0xe5, 0xb, 0x7, 0x90,
    0xff, 0xe0, 0x2c, 0x2c, 0x1f, 0xe5, 0x46, 0x19,
    0xb3, 0x30, 0xfb, 0xe9, 0x40, 0xf2, 0x28, 0x3e,
    0xf4,

    /* U+5236 "制" */
    0xf, 0xfe, 0x1c, 0x41, 0xf6, 0x4, 0x3e, 0x42,
    0x4d, 0xf8, 0x70, 0xaf, 0x3f, 0x7, 0x97, 0x4b,
    0x7, 0x61, 0xe4, 0x39, 0x76, 0xa0, 0xf3, 0xcd,
    0x30, 0xfa, 0x8f, 0x21, 0xff, 0xc2, 0x60, 0xff,
    0xe4, 0x3a, 0x1e, 0x50, 0x1f, 0x3, 0xc8, 0x68,
    0x3b, 0xd0,

    /* U+5237 "刷" */
    0xf, 0xfe, 0x6, 0x5f, 0xe0, 0xfb, 0xf8, 0x18,
    0x72, 0x1f, 0xfc, 0xa, 0xb9, 0xf, 0xba, 0x34,
    0xf, 0x9b, 0x68, 0x1e, 0x7e, 0x64, 0x3f, 0xf9,
    0x18, 0x79, 0xc, 0x87, 0xd0, 0x4e, 0x20, 0xa0,
    0x79, 0x41, 0x48, 0x3c, 0xa0, 0xd0, 0x6f, 0x40,

    /* U+524D "前" */
    0xf, 0xfe, 0x2c, 0x1e, 0xc3, 0xd6, 0x1a, 0x81,
    0xaa, 0x2b, 0x3d, 0x1, 0x57, 0x5b, 0xa8, 0x3f,
    0xf8, 0x8, 0x4f, 0x58, 0x51, 0xa1, 0x35, 0x7,
    0xf9, 0xf8, 0x3f, 0xcf, 0xc1, 0xfe, 0x6a, 0xf,
    0xf3, 0x4c, 0x3f, 0xf8, 0x28, 0x14, 0x1f, 0xaf,
    0x2, 0xd4, 0x6, 0x2d, 0x5, 0xe0, 0x0,

    /* U+52A0 "加" */
    0xa, 0xf, 0xfe, 0x97, 0xf1, 0xe7, 0xe0, 0x7c,
    0xe, 0x7c, 0x1f, 0xfc, 0xbc, 0x3f, 0xec, 0x24,
    0x3f, 0x90, 0xff, 0x90, 0x21, 0xf9, 0x41, 0xff,
    0x58, 0x3c, 0xf, 0x85, 0xda, 0x81, 0xf0, 0xc3,
    0xe0, 0x61, 0x60,

    /* U+52A1 "务" */
    0xe, 0x43, 0xff, 0x80, 0xc1, 0xff, 0x33, 0x5b,
    0x83, 0x59, 0x5b, 0x60, 0x9e, 0xe8, 0xe4, 0x19,
    0x42, 0x31, 0xa1, 0xbd, 0x17, 0xf5, 0x83, 0xd2,
    0x60, 0x69, 0x85, 0xf8, 0xfe, 0xd, 0xf3, 0x7e,
    0xf, 0x96, 0xf, 0xf5, 0x30, 0xca, 0xb, 0xf0,
    0x5e, 0xa0, 0x5e, 0x43, 0x7c, 0x10,

    /* U+52A8 "动" */
    0xf, 0xec, 0x3a, 0xfd, 0x7, 0xeb, 0xf4, 0x1f,
    0xfc, 0x25, 0x12, 0x83, 0xf7, 0x81, 0xc0, 0xff,
    0x50, 0xa0, 0x5c, 0xfc, 0x1f, 0xdc, 0x41, 0x21,
    0xe4, 0x24, 0x43, 0xca, 0xb, 0x3c, 0x1d, 0x3d,
    0xa2, 0x83, 0xaf, 0x4f, 0x40, 0x28, 0x8, 0x64,
    0x6e, 0xc3, 0xe6, 0x2f, 0x20,

    /* U+5305 "包" */
    0xd, 0x7, 0xff, 0x5, 0xf, 0xfe, 0x6, 0x7f,
    0xc8, 0x53, 0xff, 0x21, 0x2a, 0xf, 0xfb, 0xea,
    0xd8, 0x48, 0x20, 0x56, 0x9, 0xf, 0xfe, 0x45,
    0x64, 0x3f, 0xab, 0xdc, 0x1f, 0xf5, 0xac, 0x1f,
    0xfc, 0xc, 0x35, 0xff, 0x84,

    /* U+533A "区" */
    0xff, 0xfa, 0x7, 0xff, 0xa0, 0x94, 0x1a, 0x81,
    0xcd, 0x2, 0x60, 0xf6, 0x47, 0x83, 0xf4, 0x68,
    0x7f, 0xf2, 0xa3, 0x20, 0xfb, 0x22, 0x20, 0xea,
    0x82, 0x83, 0xd2, 0x1d, 0x6, 0xff, 0xf8,

    /* U+534F "协" */
    0x4, 0x86, 0x83, 0xff, 0x82, 0x87, 0xfc, 0xa1,
    0x41, 0xa6, 0x8f, 0x8f, 0x82, 0x95, 0x34, 0x68,
    0x87, 0x62, 0xc1, 0xa0, 0xf6, 0x98, 0x48, 0x79,
    0x34, 0x25, 0x6, 0xa0, 0x81, 0x3c, 0x1a, 0x68,
    0x19, 0xc3, 0xca, 0xb, 0x10, 0xef, 0x5, 0x87,
    0xd4, 0x7, 0x94, 0x1a, 0x64, 0x1f, 0x4,

    /* U+5370 "印" */
    0xc, 0xa0, 0xfc, 0xde, 0x7, 0xf4, 0x5e, 0x90,
    0x7e, 0x40, 0x87, 0xff, 0x37, 0xf0, 0x7f, 0x7e,
    0xf, 0xfe, 0xcd, 0x87, 0x21, 0x77, 0x82, 0x7a,
    0x17, 0x21, 0x9f, 0x22, 0x1f, 0xf0,

    /* U+53CA "及" */
    0x2f, 0xfc, 0x1d, 0x78, 0xfc, 0x87, 0xf2, 0x7,
    0xf, 0xec, 0x14, 0xf4, 0x1e, 0x41, 0xf3, 0x86,
    0x54, 0x86, 0x50, 0x6f, 0x30, 0x4a, 0xe, 0x51,
    0x60, 0xa0, 0x65, 0x1, 0xbe, 0xe, 0xa0, 0x79,
    0xd, 0xc0, 0x7f, 0x5a, 0x9, 0x2f, 0x40, 0xf8,

    /* U+53D6 "取" */
    0x7f, 0xc1, 0xf3, 0x4f, 0x1f, 0xe8, 0x3f, 0x6f,
    0xa0, 0xd7, 0x82, 0x41, 0xe0, 0xaf, 0x7, 0x94,
    0x1f, 0xca, 0xf, 0x5e, 0xa, 0xe8, 0x1a, 0xf0,
    0x65, 0x83, 0xc9, 0x1, 0x41, 0x35, 0x64, 0x2e,
    0x3, 0xea, 0x1, 0xbd, 0x21, 0xfb, 0xc0, 0xf0,
    0x7b, 0x20, 0xd0,

    /* U+53E3 "口" */
    0xf, 0xfe, 0xf, 0xff, 0x82, 0xff, 0xc1, 0xff,
    0xff, 0xf, 0xfe, 0xd, 0x7e, 0xd, 0x5f, 0x80,

    /* U+53EF "可" */
    0x3f, 0xff, 0x80, 0xf, 0xfe, 0x9c, 0x3f, 0xf8,
    0xb7, 0xf0, 0x7f, 0x7e, 0xf, 0xfe, 0xd2, 0x1f,
    0xfc, 0x1b, 0xe4, 0x3f, 0x7f, 0x41, 0xf9, 0xf,
    0xb0, 0xff, 0x3e, 0x60, 0x0,

    /* U+540C "同" */
    0xff, 0xfe, 0x1, 0xff, 0xe0, 0xaf, 0xf0, 0x75,
    0xfe, 0xf, 0xfe, 0x37, 0xf2, 0x1e, 0x7e, 0x83,
    0xff, 0x8e, 0xfd, 0x7, 0xcf, 0xe4, 0x3d, 0x87,
    0xfc, 0x86, 0xbd, 0x0,

    /* U+540D "名" */
    0xf, 0x21, 0xff, 0x61, 0xff, 0x67, 0x57, 0x4,
    0xf7, 0x58, 0x80, 0xfc, 0x85, 0xe0, 0x98, 0xba,
    0xb0, 0xfd, 0xbc, 0x1e, 0x6e, 0x2f, 0xc0, 0xbc,
    0xff, 0x82, 0xa2, 0x1f, 0xfc, 0xe6, 0xbc, 0x1f,
    0x57, 0x80,

    /* U+540E "后" */
    0xf, 0xca, 0xa0, 0x6b, 0xf5, 0x9c, 0x19, 0xfd,
    0x45, 0x7, 0xff, 0x23, 0xff, 0xc8, 0x5f, 0xfe,
    0x43, 0xff, 0x8d, 0xff, 0x83, 0xef, 0xf0, 0x65,
    0x7, 0xff, 0x3, 0xc1, 0xff, 0xc0, 0x50, 0x2b,
    0xc1, 0x30, 0x55, 0xe0, 0x94, 0xc, 0x3d, 0x80,

    /* U+542F "启" */
    0xf, 0x41, 0xff, 0xc0, 0xe0, 0xfa, 0xfa, 0x7f,
    0x4, 0xff, 0xe0, 0xff, 0xe3, 0x7f, 0xe0, 0xef,
    0xfe, 0xf, 0xfe, 0x37, 0xfe, 0x45, 0xf, 0xf9,
    0x7, 0x83, 0xfe, 0x50, 0xff, 0x91, 0x40, 0x7f,
    0xc8, 0xc0, 0x83, 0xd2,

    /* U+5468 "周" */
    0x7, 0xff, 0x83, 0x7d, 0x4f, 0x83, 0xd5, 0xe0,
    0xfa, 0xbc, 0x1e, 0x6b, 0xc8, 0x73, 0x4f, 0x51,
    0xf, 0xfe, 0x3d, 0x76, 0x19, 0x40, 0xac, 0x1d,
    0xe0, 0x75, 0x7, 0x28, 0x15, 0xb0, 0x94, 0x9,
    0xb, 0xc0, 0x60, 0xfb, 0xe0,

    /* U+547D "命" */
    0xf, 0xa0, 0xff, 0xe0, 0x6a, 0xf, 0xe7, 0xbc,
    0x87, 0xd4, 0xd2, 0xf2, 0x17, 0xcf, 0xe7, 0xe0,
    0x5b, 0x7f, 0x16, 0x7, 0xf0, 0x3f, 0x7, 0x79,
    0x3, 0xe4, 0x3f, 0xfa, 0xb4, 0xe, 0xd0, 0xea,
    0x83, 0x78, 0x36, 0x1f, 0xf0,

    /* U+548C "和" */
    0xf, 0xfe, 0x12, 0xae, 0x43, 0xfd, 0x46, 0xea,
    0xc5, 0x61, 0xab, 0x3, 0xd4, 0xf0, 0x7d, 0xe1,
    0xf0, 0x7e, 0x45, 0x7, 0xf4, 0xd0, 0x3f, 0x36,
    0x70, 0x79, 0x90, 0xa0, 0xfb, 0xf, 0x5f, 0x8,
    0x7d, 0x7c, 0x1f, 0xb0, 0xd0,

    /* U+56DB "四" */
    0xaf, 0xfe, 0x3, 0x4d, 0xa3, 0x4d, 0x9, 0x41,
    0xc8, 0x64, 0x3f, 0xf8, 0x18, 0x7f, 0xb0, 0xff,
    0x2c, 0x15, 0x40, 0x6c, 0x2e, 0xa0, 0x38, 0x7f,
    0xf1, 0xd0, 0x7f, 0xf4, 0x5f, 0xff, 0x0,

    /* U+56DE "回" */
    0xff, 0xfe, 0x1, 0xff, 0xe0, 0xff, 0xe2, 0x7f,
    0x83, 0xef, 0xc1, 0xff, 0xd4, 0xfc, 0x1f, 0x7f,
    0x83, 0xff, 0x89, 0xff, 0xe0, 0x7f, 0xf8,

    /* U+56FA "固" */
    0xff, 0xfa, 0x3f, 0x5f, 0xa0, 0xf6, 0x87, 0xdf,
    0x37, 0xa0, 0xdf, 0x37, 0xa0, 0xea, 0x35, 0x7,
    0x9b, 0xd2, 0x1f, 0xfc, 0x7a, 0xc1, 0xf7, 0x5b,
    0xc, 0x87, 0xfd, 0xd7, 0xf0,

    /* U+5728 "在" */
    0xe, 0x90, 0xff, 0xe0, 0x28, 0x3f, 0x55, 0x95,
    0xf0, 0x2a, 0x2b, 0xf0, 0x65, 0x80, 0x87, 0xea,
    0x5, 0xa1, 0xed, 0xf, 0xfb, 0xa, 0xf3, 0x7a,
    0x3, 0x2, 0xf3, 0x7a, 0x4, 0x87, 0xff, 0x7d,
    0xf9, 0xbe, 0x0,

    /* U+5907 "备" */
    0xd, 0x40, 0xff, 0x96, 0xac, 0x87, 0x33, 0xd3,
    0x50, 0x6b, 0xc4, 0x36, 0x1d, 0x42, 0x3b, 0xf,
    0x9b, 0x27, 0x90, 0xaf, 0xd3, 0x7e, 0x8b, 0x6f,
    0xe9, 0xe0, 0xdf, 0x1f, 0x7, 0xdf, 0x1f, 0x7,
    0xdf, 0x1f, 0x7, 0xff, 0x27, 0xe3, 0xe0, 0xc0,

    /* U+590D "复" */
    0x9, 0x41, 0xff, 0xc0, 0xb5, 0xfc, 0x17, 0x61,
    0xfe, 0xef, 0xfe, 0x41, 0xaa, 0xbe, 0x43, 0xd5,
    0xf0, 0x7d, 0xff, 0x7, 0xa9, 0x87, 0x41, 0xfb,
    0xf8, 0x3a, 0xda, 0xc0, 0x42, 0x7a, 0xcf, 0xa0,
    0xcb, 0x4a, 0xcd, 0x40, 0x7b, 0xf5, 0xc7, 0x20,

    /* U+5916 "外" */
    0xf, 0xfe, 0x2c, 0x86, 0xc3, 0xe5, 0x7, 0xff,
    0x7, 0xe4, 0x3f, 0x53, 0xc8, 0x7f, 0x28, 0xa,
    0x2, 0x1a, 0x43, 0xea, 0x6, 0xb6, 0x42, 0xc8,
    0x11, 0xe6, 0xd, 0x8, 0x6d, 0xf, 0x48, 0x6a,
    0x7, 0xfd, 0xc1, 0xfe, 0x79, 0xf, 0xf7, 0x90,
    0xff, 0x0,

    /* U+5931 "失" */
    0xa, 0x4, 0x87, 0xf2, 0x1f, 0xfc, 0x4, 0x3f,
    0xf8, 0x31, 0xe6, 0xfc, 0x12, 0x7c, 0xdf, 0x82,
    0xb0, 0xff, 0xe0, 0x41, 0xff, 0xc1, 0xea, 0xda,
    0xf0, 0x2b, 0x81, 0xd6, 0xf, 0x53, 0x83, 0xfa,
    0x50, 0xc1, 0xe7, 0x20, 0x46, 0x85, 0xd4, 0x1a,
    0xac, 0x1e, 0x43, 0xcf, 0x80,

    /* U+59CB "始" */
    0xf, 0xfe, 0x24, 0x1d, 0x87, 0xc8, 0x64, 0x3f,
    0xf8, 0x34, 0x20, 0xac, 0xf0, 0xb1, 0xc0, 0xab,
    0x5, 0x88, 0xa0, 0x68, 0x22, 0x9e, 0xa0, 0x10,
    0xaf, 0x54, 0xe1, 0x98, 0xbf, 0x82, 0xb9, 0x1f,
    0xc8, 0x4c, 0x1f, 0xfc, 0x1d, 0xc3, 0xfc, 0x94,
    0xf, 0xe7, 0x84, 0x15, 0x90, 0x0,

    /* U+5B57 "字" */
    0xf, 0x21, 0xff, 0xc0, 0xe0, 0xf7, 0xf2, 0xbf,
    0x81, 0xff, 0xe0, 0x25, 0xfe, 0x84, 0x8b, 0xf4,
    0x44, 0x1f, 0x5e, 0xf, 0xe4, 0x83, 0xbf, 0xa7,
    0xf8, 0xfe, 0xa7, 0xf0, 0x7f, 0xf1, 0xf0, 0xff,
    0x5a, 0x1e,

    /* U+5B58 "存" */
    0xe, 0x43, 0xff, 0x83, 0x7, 0xf7, 0xe3, 0xfe,
    0x7, 0xc7, 0xfe, 0xc, 0xa0, 0xff, 0xe0, 0x50,
    0xad, 0xe0, 0xda, 0xa, 0xb7, 0xb, 0x43, 0x9e,
    0xd, 0x63, 0xf4, 0xfc, 0x88, 0x1f, 0xa7, 0xe4,
    0x3f, 0xfa, 0xd7, 0x61, 0x80,

    /* U+5B83 "它" */
    0xe, 0x83, 0xfe, 0xe0, 0xef, 0xe9, 0xfe, 0x3f,
    0xfc, 0x1f, 0xfc, 0x1c, 0xc3, 0xf6, 0x1e, 0x6e,
    0xe, 0x6f, 0xd0, 0x77, 0xd2, 0x1f, 0x48, 0x7f,
    0xf1, 0x58, 0x3f, 0xde, 0x5, 0xff, 0x8,

    /* U+5B89 "安" */
    0xe, 0x83, 0xff, 0x82, 0x87, 0xaf, 0xcd, 0xfa,
    0x5, 0xf5, 0xfa, 0x9, 0x5, 0x86, 0x41, 0x4,
    0xc1, 0xd1, 0xf8, 0xff, 0x8f, 0x8f, 0xc7, 0xc1,
    0x68, 0x52, 0x1e, 0x8e, 0x8c, 0x1e, 0x6d, 0x42,
    0x1f, 0x5d, 0xd3, 0x40, 0xfe, 0x47, 0xa2, 0x3e,
    0x43, 0x9d, 0x0,

    /* U+5B8C "完" */
    0xf, 0x41, 0xff, 0xc2, 0x83, 0xef, 0xe5, 0x7f,
    0x5, 0xff, 0xe0, 0xeb, 0xfd, 0x6, 0xcb, 0xfd,
    0x18, 0x7f, 0xf1, 0x3f, 0xff, 0x80, 0xf, 0xa9,
    0xe3, 0xf0, 0x76, 0x1f, 0xfc, 0x15, 0x7, 0x90,
    0xdc, 0x1f, 0x69, 0xe9, 0x9, 0xf9, 0x47, 0x90,
    0xd7, 0xe0,

    /* U+5BA1 "审" */
    0xe, 0x43, 0xfe, 0x90, 0xef, 0xe2, 0xfe, 0x3f,
    0x3f, 0xc7, 0x59, 0xae, 0xc6, 0xa3, 0xa9, 0xf,
    0x28, 0x3e, 0xf9, 0xfc, 0x1b, 0xe7, 0xf0, 0x6a,
    0x9e, 0xa0, 0xd5, 0x15, 0x82, 0xc2, 0x50, 0x58,
    0x7f, 0xf0, 0x40,

    /* U+5BB9 "容" */
    0xf, 0x21, 0xff, 0xc1, 0xe0, 0xfb, 0xac, 0xa,
    0xd8, 0x54, 0xea, 0xea, 0xb, 0x2c, 0x26, 0x86,
    0x7, 0xd1, 0xe2, 0xf0, 0x6d, 0x3d, 0x63, 0x84,
    0x94, 0xc7, 0xd0, 0x6b, 0x57, 0xe1, 0xe0, 0xb3,
    0xfc, 0x78, 0x10, 0x7f, 0x90, 0xff, 0xe3, 0xff,
    0x83, 0x0,

    /* U+5BC6 "密" */
    0xf, 0xfe, 0x46, 0x1f, 0xab, 0x8e, 0xb8, 0xd,
    0x47, 0xab, 0x21, 0xef, 0x3, 0xe, 0xe3, 0x77,
    0x95, 0x81, 0xd, 0x4d, 0x24, 0x14, 0x6, 0x60,
    0xf4, 0xa, 0x68, 0xfe, 0x30, 0x77, 0x6f, 0xc8,
    0x6a, 0x7, 0xec, 0x3f, 0xf8, 0xf5, 0x35, 0x83,
    0xab, 0x75, 0x82,

    /* U+5BF9 "对" */
    0xf, 0xfb, 0xf, 0xfe, 0x2f, 0xf2, 0x1f, 0xbf,
    0x21, 0xff, 0xc3, 0xfc, 0x68, 0xa0, 0x2b, 0xf1,
    0xa3, 0x2c, 0x21, 0xfb, 0xa6, 0x38, 0x7e, 0xc3,
    0x28, 0x3e, 0x99, 0x24, 0x3c, 0xaa, 0x83, 0xf3,
    0x63, 0x87, 0xef, 0x7, 0xbc, 0x85, 0x7, 0xde,
    0x80,

    /* U+5C06 "将" */
    0xb, 0xd, 0x87, 0xfd, 0x9f, 0x2a, 0x9, 0xef,
    0x85, 0x8, 0x3d, 0x3, 0xc0, 0xb0, 0x47, 0xe0,
    0xd0, 0x1b, 0xb8, 0x3e, 0xf9, 0x10, 0xd0, 0xab,
    0xe3, 0xc4, 0x7, 0xbe, 0x3c, 0x90, 0x52, 0x1c,
    0xc1, 0xb8, 0x3f, 0xf8, 0x18, 0x7f, 0xf0, 0x6c,
    0x20,

    /* U+5C11 "少" */
    0xf, 0x61, 0xff, 0xcc, 0x83, 0xd0, 0x75, 0x87,
    0xc8, 0x65, 0x7, 0xa8, 0x15, 0x3, 0xf3, 0x4,
    0x87, 0xe8, 0x28, 0x3f, 0x44, 0x1f, 0x20, 0x83,
    0xfd, 0x19, 0x7, 0xe6, 0xe8, 0x1c, 0xab, 0xf2,
    0x1c, 0xe7, 0xa4, 0x3e,

    /* U+5C31 "就" */
    0xf, 0xfe, 0x2c, 0x1d, 0x87, 0xdc, 0x1e, 0xc2,
    0xf4, 0xf8, 0x37, 0x81, 0xfe, 0xe, 0x80, 0xfe,
    0xa6, 0x7a, 0x41, 0x7a, 0x2c, 0xf9, 0x5, 0x58,
    0x4e, 0x19, 0xf1, 0x41, 0xf, 0xa0, 0x40, 0xf0,
    0x73, 0x83, 0x85, 0x7, 0x48, 0x11, 0x41, 0xa1,
    0xd, 0x50, 0x7a, 0x6c, 0xa0, 0x1b, 0xc0, 0x74,
    0x90, 0x53, 0x40,

    /* U+5C4F "屏" */
    0x7, 0xff, 0xa0, 0xdf, 0xfa, 0xe, 0xff, 0xd0,
    0x77, 0x9f, 0xd5, 0x7, 0xb8, 0x29, 0xe, 0x79,
    0xf8, 0xe0, 0xcf, 0x8f, 0x9e, 0x9, 0xf, 0xfe,
    0x2, 0x5e, 0x3e, 0x7c, 0xf, 0x5a, 0xbe, 0x7c,
    0x5, 0xa, 0x83, 0xe5, 0x17, 0x83, 0xf3, 0x14,
    0xe, 0x82,

    /* U+5DE5 "工" */
    0xf, 0xfe, 0x1b, 0xff, 0xe8, 0xf, 0xe9, 0xfd,
    0x7, 0xff, 0xfc, 0x3f, 0xf9, 0xbf, 0xd3, 0xfc,
    0x80,

    /* U+5DF2 "已" */
    0x7f, 0xfa, 0x3, 0xff, 0xc1, 0xff, 0xc5, 0xc3,
    0xff, 0x9d, 0xff, 0x83, 0xbf, 0xf8, 0x3f, 0xf8,
    0x8, 0x7f, 0xf0, 0x54, 0x1f, 0xf6, 0x12, 0x1f,
    0x94, 0x53, 0xff, 0x40,

    /* U+5E38 "常" */
    0x20, 0x98, 0xa, 0x7, 0x83, 0xd2, 0x59, 0x53,
    0x42, 0x8d, 0xd3, 0xd4, 0xf2, 0xa, 0xfc, 0x90,
    0xd7, 0x92, 0x41, 0x5e, 0x2, 0xe, 0x9b, 0x4c,
    0x2a, 0xe2, 0xb0, 0x1a, 0xc5, 0x48, 0x79, 0x41,
    0xff, 0xc6, 0x43, 0xd5, 0x0,

    /* U+5E55 "幕" */
    0xd, 0x6, 0xc3, 0xaf, 0x3f, 0x8f, 0x81, 0x7a,
    0xfc, 0xfc, 0x13, 0xea, 0xc5, 0x87, 0x3f, 0xf0,
    0x7c, 0xbf, 0x7, 0xd7, 0x5c, 0x84, 0x98, 0x3f,
    0xc8, 0x68, 0xbc, 0x8, 0x33, 0x8c, 0xaa, 0x16,
    0xe, 0x3d, 0x3e, 0xa6, 0x98, 0x7e, 0xc5, 0x7,
    0xf4, 0xa0, 0x0,

    /* U+5E76 "并" */
    0x9, 0x41, 0xd0, 0x79, 0x83, 0x41, 0xf9, 0x41,
    0x30, 0x6b, 0xcd, 0xf1, 0xf0, 0x2f, 0x1f, 0x8f,
    0x83, 0xff, 0xa5, 0xf1, 0xf8, 0xf9, 0x3e, 0x3f,
    0x1f, 0x21, 0x21, 0xff, 0xc1, 0xa0, 0x7f, 0xd2,
    0x83, 0xfd, 0xe8, 0x3f, 0xed, 0xf, 0x61, 0x80,

    /* U+5E93 "库" */
    0xf, 0x90, 0xff, 0xe0, 0xf0, 0x7d, 0xfc, 0xaf,
    0xc8, 0x5f, 0x8f, 0xe4, 0x37, 0xc7, 0xf0, 0x77,
    0x8f, 0xf0, 0x7a, 0x80, 0x83, 0xf2, 0xaf, 0x3e,
    0x82, 0x47, 0xe9, 0xf4, 0x4, 0x3c, 0x87, 0xbc,
    0xff, 0x3f, 0x22, 0xdf, 0xcf, 0xc8, 0x87, 0xff,
    0x6, 0xf, 0xa0, 0xc0,

    /* U+5E94 "应" */
    0xf, 0xa0, 0xff, 0xe1, 0x21, 0xf7, 0xf3, 0x7e,
    0x42, 0xff, 0xf2, 0x1f, 0x41, 0x28, 0x3b, 0x9,
    0x6, 0x1e, 0x51, 0xe0, 0x28, 0x3a, 0xc5, 0xa,
    0xc, 0x81, 0xd, 0x40, 0x90, 0xa0, 0x6a, 0xd,
    0xe0, 0x21, 0x50, 0x32, 0xab, 0xc5, 0x48, 0x95,
    0xee, 0xa4,

    /* U+5EA6 "度" */
    0xf, 0x90, 0xff, 0xe0, 0xe8, 0x7d, 0xfc, 0xdf,
    0x90, 0xbe, 0x7e, 0x3c, 0x85, 0x79, 0xf8, 0xf0,
    0x6b, 0xcf, 0xc7, 0x83, 0xe5, 0xc1, 0xfe, 0x82,
    0x83, 0xcf, 0xab, 0xb0, 0x96, 0xd5, 0xf2, 0x83,
    0x60, 0x89, 0xb8, 0x29, 0x2, 0x32, 0x21, 0x27,
    0x7f, 0x1e, 0x40,

    /* U+5EFA "建" */
    0xf, 0xd8, 0x7b, 0xe5, 0x50, 0xe8, 0x17, 0x85,
    0x50, 0xe0, 0xe6, 0x7e, 0x3c, 0xe1, 0x4a, 0xf8,
    0xf3, 0x83, 0x35, 0x78, 0xf2, 0x17, 0xa1, 0xf1,
    0xf0, 0x51, 0xb5, 0x15, 0x20, 0xd4, 0x54, 0x54,
    0x81, 0x95, 0xf1, 0xf8, 0x39, 0xf8, 0xfc, 0x5,
    0x5a, 0xc, 0x3d, 0x43, 0x2f, 0xf0, 0x30, 0x9b,
    0xfc, 0x0,

    /* U+5F00 "开" */
    0x2f, 0xff, 0x81, 0x79, 0xbe, 0x6f, 0x7, 0xff,
    0x83, 0xe6, 0xf9, 0xbc, 0x9f, 0x1f, 0x9b, 0xc8,
    0x7f, 0xf1, 0x54, 0x1f, 0xfc, 0xa, 0x7, 0xfd,
    0xc1, 0xff, 0x51, 0xf, 0xfa, 0x43, 0xd2, 0x10,

    /* U+5F53 "当" */
    0xe, 0x90, 0x90, 0x61, 0xf3, 0x1, 0x83, 0xd6,
    0x9, 0xe, 0x50, 0x6c, 0x39, 0x80, 0xfe, 0x6f,
    0xc3, 0xff, 0xc1, 0xff, 0xc3, 0xff, 0xe0, 0xbf,
    0xf8, 0x3f, 0xf9, 0x68, 0x1a, 0xfd, 0x80,

    /* U+5F55 "录" */
    0xf, 0xfe, 0x27, 0xff, 0x21, 0xbf, 0xf2, 0x1d,
    0x7f, 0xc8, 0x75, 0xff, 0x21, 0xab, 0xf9, 0xe0,
    0x5d, 0x40, 0xa7, 0xa0, 0xb8, 0x1a, 0xb, 0xd,
    0x78, 0x2b, 0xd0, 0x73, 0x5b, 0x50, 0x73, 0xea,
    0x9, 0x86, 0xbd, 0x6, 0xa7, 0x81, 0x41, 0xe0,
    0x9f, 0x0,

    /* U+5F85 "待" */
    0xa, 0x43, 0x41, 0xe5, 0x83, 0xfc, 0xd8, 0xfc,
    0xfc, 0xf, 0xa, 0xf9, 0xf8, 0x11, 0x7, 0xff,
    0x2, 0x57, 0xe7, 0xe8, 0x90, 0x7f, 0x4f, 0x3,
    0x7, 0xf4, 0xe9, 0x5, 0xdf, 0x4e, 0x87, 0xd0,
    0x7f, 0xf0, 0x16, 0xf, 0xfe, 0x6, 0x87, 0xff,
    0xb, 0xb0, 0xec, 0x3b, 0xc8, 0x0,

    /* U+5FFD "忽" */
    0xc, 0x87, 0xff, 0x1, 0x83, 0xff, 0x81, 0x1f,
    0xf2, 0x17, 0x6d, 0xce, 0x85, 0x45, 0x9, 0x40,
    0xe9, 0x54, 0x28, 0x5, 0x5, 0x78, 0x84, 0x3e,
    0xa1, 0x71, 0xe8, 0x3e, 0x84, 0xf2, 0x1b, 0x31,
    0x82, 0xc2, 0x50, 0x6e, 0x1b, 0x5, 0x3, 0xa2,
    0x42, 0xc0, 0xff, 0x46, 0x0,

    /* U+6001 "态" */
    0xf, 0x28, 0x3f, 0xf8, 0x18, 0x7e, 0xfe, 0x6f,
    0xe0, 0x7f, 0xd, 0xf8, 0x3d, 0x58, 0x3f, 0xa1,
    0x1c, 0x3e, 0x8f, 0x33, 0xa1, 0x5e, 0x9e, 0x2a,
    0xc1, 0x68, 0x2c, 0xf, 0x82, 0xc8, 0xb0, 0xb0,
    0x94, 0x1a, 0x45, 0x81, 0x40, 0xca, 0x2a, 0x2,
    0x7, 0xfa, 0x10,

    /* U+6027 "性" */
    0x4, 0x1c, 0xa0, 0xff, 0x61, 0xfe, 0x43, 0xfe,
    0x81, 0x27, 0x4f, 0x43, 0x89, 0x7a, 0x9e, 0x8d,
    0x6, 0x87, 0xec, 0x26, 0xf, 0xc8, 0x67, 0xd4,
    0xf2, 0x1e, 0x7d, 0x4f, 0x21, 0xff, 0xd9, 0xf0,
    0x7e, 0x7e, 0x57, 0xc0,

    /* U+6062 "恢" */
    0xf, 0xfe, 0x24, 0x1b, 0xf, 0xfe, 0x5c, 0xf8,
    0xfe, 0x4, 0x7d, 0x3e, 0xbc, 0x4, 0x51, 0xe0,
    0x61, 0x90, 0x62, 0xa4, 0x10, 0x20, 0xfd, 0x87,
    0xe5, 0xbc, 0x50, 0x3d, 0x41, 0x5e, 0xf, 0x48,
    0x81, 0x41, 0xc9, 0x3, 0xd2, 0x1c, 0xc0, 0x91,
    0x90, 0xfb, 0xd0, 0x3c, 0x14, 0x16, 0x86, 0x80,

    /* U+611F "感" */
    0xf, 0xfe, 0x54, 0xc8, 0x7f, 0xf0, 0x28, 0x1b,
    0xae, 0x68, 0xc8, 0x57, 0xe9, 0xbc, 0x86, 0x5f,
    0x12, 0x12, 0xba, 0x81, 0x21, 0x20, 0x68, 0x93,
    0x5, 0xe1, 0xa0, 0xc2, 0xc2, 0xdd, 0x3f, 0xa4,
    0xc1, 0xd, 0x1, 0xe0, 0xb1, 0x11, 0x1d, 0x5,
    0x3, 0x49, 0x50, 0x34, 0x7f, 0x93, 0x0,

    /* U+6216 "或" */
    0xf, 0xd9, 0x21, 0xff, 0xc0, 0xb4, 0x15, 0xf1,
    0x43, 0x5, 0x7b, 0x2b, 0x7, 0xe4, 0x3f, 0x7e,
    0x83, 0x68, 0x4f, 0xa0, 0x28, 0x8, 0x7f, 0xd4,
    0xc, 0xfa, 0x7, 0x8, 0x6f, 0xd0, 0x90, 0x79,
    0xbc, 0xe2, 0x28, 0xe3, 0xd4, 0xf4, 0x69, 0xcb,
    0x78, 0x16, 0x80,

    /* U+6237 "户" */
    0xf, 0xfe, 0x34, 0x1f, 0xf7, 0x7, 0xaf, 0xa7,
    0xe8, 0xd, 0xff, 0x21, 0x21, 0xff, 0xcb, 0xff,
    0xc1, 0xbf, 0xf2, 0x1f, 0xf4, 0x28, 0x3f, 0xde,
    0xf, 0xf2, 0x83, 0xf9, 0x83, 0xfc,

    /* U+6240 "所" */
    0xe, 0x43, 0x90, 0x9a, 0x78, 0x6f, 0x82, 0xbb,
    0x8b, 0xe8, 0x3f, 0xc8, 0x7d, 0xd3, 0xf, 0xf5,
    0x41, 0x7f, 0x7, 0xf7, 0x9f, 0x5, 0xf0, 0x7f,
    0xdf, 0x83, 0xff, 0xa0, 0xa0, 0xf3, 0x6, 0xa0,
    0x7b, 0x42, 0x50, 0x7d, 0x6, 0x60, 0xa0, 0x80,

    /* U+6253 "打" */
    0xb, 0xf, 0xfe, 0x25, 0x7c, 0x87, 0xbf, 0x3e,
    0x4f, 0x1e, 0x5c, 0x28, 0x1e, 0x3c, 0x1f, 0xfc,
    0xe6, 0xf, 0xe6, 0x3c, 0x1f, 0xdc, 0x48, 0x7f,
    0x41, 0xff, 0xdd, 0xb4, 0x27, 0xc8, 0x6b, 0x82,
    0x7d, 0x4,

    /* U+6267 "执" */
    0xf, 0xfe, 0x22, 0x82, 0x90, 0xff, 0xeb, 0x74,
    0xdd, 0xbd, 0x5, 0xd3, 0x76, 0xf2, 0x1f, 0xe4,
    0x8, 0x77, 0x32, 0x1f, 0x51, 0xdc, 0x43, 0xdb,
    0x20, 0x7c, 0x86, 0x70, 0xba, 0x83, 0xfc, 0x81,
    0x61, 0xe, 0xf0, 0x73, 0x9c, 0xf0, 0x75, 0x33,
    0xc6, 0x87, 0x3a,

    /* U+6279 "批" */
    0x2, 0x86, 0x6, 0x1f, 0xfd, 0x47, 0xa6, 0x1f,
    0xcf, 0x4c, 0x3d, 0x40, 0xf9, 0xf1, 0xe8, 0x3e,
    0x7c, 0x48, 0x4d, 0x41, 0xc8, 0x4e, 0xd0, 0x3f,
    0x9b, 0xf, 0xfe, 0x5a, 0x1f, 0x3c, 0x16, 0xe,
    0x4d, 0xe7, 0xc8, 0x3c, 0xa, 0x2, 0xf8,

    /* U+62D2 "拒" */
    0x4, 0x87, 0xff, 0xd, 0xff, 0x83, 0xe7, 0xfc,
    0x3b, 0x61, 0xfc, 0xed, 0x8f, 0xf0, 0x7e, 0x7f,
    0x7, 0xb8, 0x3f, 0x99, 0x58, 0x7f, 0xb6, 0x47,
    0xf0, 0x4a, 0xc, 0xff, 0x7, 0xff, 0x4f, 0x50,
    0xaf, 0xf0, 0x3c, 0x17, 0xfc, 0x0,

    /* U+6362 "换" */
    0xf, 0xfe, 0x23, 0x4, 0xc1, 0xff, 0xc0, 0x9a,
    0x83, 0xf4, 0xf6, 0x1b, 0x99, 0x50, 0x28, 0x16,
    0xab, 0x29, 0xbc, 0x16, 0x8, 0xa1, 0x61, 0xe4,
    0x3f, 0xcc, 0xe1, 0xfe, 0xd5, 0x67, 0x8f, 0x31,
    0x60, 0xf8, 0x57, 0xa0, 0xfa, 0xa1, 0xf, 0x9f,
    0x25, 0x40, 0xa7, 0x79, 0xb, 0xd1, 0x6d, 0x3,
    0xcc,

    /* U+63A5 "接" */
    0x2, 0x83, 0x41, 0xff, 0x28, 0xd6, 0xf, 0xbc,
    0x3f, 0x3, 0xa8, 0x9a, 0x64, 0xe, 0xa0, 0x20,
    0xa0, 0x7d, 0x6f, 0x8f, 0x21, 0x6d, 0xe3, 0xf2,
    0x50, 0x14, 0xca, 0xe3, 0x76, 0xce, 0xda, 0xe,
    0x14, 0x83, 0x83, 0xf6, 0x72, 0x83, 0xfb, 0xa,
    0xa, 0x89, 0xc7, 0x7c, 0xb, 0x7, 0x21, 0x38,

    /* U+63A7 "控" */
    0x2, 0x83, 0x30, 0x7f, 0xf0, 0x14, 0x1f, 0xd7,
    0xc7, 0xd1, 0xd3, 0x3f, 0xe0, 0x74, 0xf1, 0x41,
    0x88, 0x39, 0x88, 0x78, 0x36, 0xae, 0x9, 0xc0,
    0xc8, 0xdf, 0xd0, 0x36, 0x4f, 0x8f, 0x81, 0x61,
    0xff, 0xdc, 0xe4, 0xfc, 0x7d, 0x1e, 0x7, 0xfe,
    0x80,

    /* U+63D2 "插" */
    0x4, 0x87, 0x99, 0xf, 0xbf, 0xc8, 0x7d, 0xf1,
    0x21, 0x6d, 0x1a, 0x8a, 0x93, 0x68, 0xd4, 0x54,
    0x87, 0xc8, 0x7f, 0xcf, 0x81, 0x78, 0xa, 0xa1,
    0x40, 0x58, 0x59, 0x43, 0xf, 0xd2, 0x13, 0x1,
    0x83, 0xf5, 0x0, 0xc1, 0xfa, 0xa2, 0x81, 0x4a,
    0x3, 0x4e, 0x81, 0x58, 0x18, 0x3b, 0x0,

    /* U+6478 "摸" */
    0x2, 0x82, 0xc1, 0x87, 0xea, 0x14, 0x28, 0x1e,
    0xa1, 0x43, 0x81, 0xd3, 0x26, 0x8e, 0x17, 0x4d,
    0x3f, 0x8, 0x7c, 0xfe, 0x43, 0xb4, 0x6b, 0x21,
    0x33, 0x8d, 0x64, 0x2d, 0xa3, 0xc7, 0x68, 0x2c,
    0x1f, 0x37, 0xc1, 0xef, 0x4a, 0xbc, 0x1f, 0x35,
    0x90, 0xb9, 0x5f, 0x3, 0x30, 0x78, 0x78, 0x33,
    0x80,

    /* U+64A4 "撤" */
    0xf, 0xfe, 0x26, 0x12, 0x14, 0x1f, 0x2a, 0x58,
    0x3f, 0xa7, 0x31, 0x43, 0x9a, 0xa1, 0x7, 0xe,
    0x71, 0x23, 0x68, 0x77, 0x4e, 0x13, 0xe, 0xf5,
    0xeb, 0xc1, 0x46, 0x50, 0x50, 0xa1, 0x7, 0xa8,
    0x1f, 0x30, 0x54, 0xc, 0x87, 0xdc, 0x12, 0x83,
    0xee, 0x7, 0x50, 0x34, 0x28, 0xa2, 0x82, 0xe1,
    0x57, 0x20, 0x80,

    /* U+64CD "操" */
    0x2, 0x83, 0xff, 0x8b, 0xd3, 0x83, 0xf9, 0xa8,
    0x37, 0x50, 0x54, 0xf0, 0x5d, 0x4c, 0x78, 0xe0,
    0xf7, 0x4f, 0x51, 0xd, 0xa1, 0xfe, 0xa0, 0x3a,
    0x2, 0x88, 0x4e, 0xaa, 0x7a, 0xa0, 0x58, 0x2f,
    0x53, 0xe0, 0xf5, 0xac, 0x78, 0x2c, 0x17, 0x7e,
    0x80, 0xbb, 0xc1, 0xbc, 0x7, 0x14, 0x5, 0x1,
    0x0,

    /* U+6536 "收" */
    0xf, 0xfe, 0x36, 0x9, 0xf, 0x21, 0xc8, 0x7d,
    0x7, 0x90, 0xff, 0x93, 0xf8, 0x3e, 0xcf, 0x4e,
    0x1f, 0x21, 0x78, 0x3e, 0xa9, 0x14, 0x1f, 0x4a,
    0x83, 0xe6, 0xc, 0xf0, 0x75, 0x86, 0xc4, 0x37,
    0x90, 0xd3, 0x87, 0xf3, 0xea, 0x61, 0xf3, 0xe0,
    0x34, 0x0,

    /* U+6539 "改" */
    0xf, 0xc8, 0x7a, 0xb8, 0x10, 0x7b, 0xf2, 0x28,
    0x3c, 0xb8, 0x1b, 0xf8, 0x3f, 0x37, 0x8c, 0x1f,
    0x89, 0xc3, 0xef, 0xc4, 0x8a, 0xf, 0xd0, 0xaa,
    0x7, 0xfa, 0x88, 0x7c, 0xc1, 0xfe, 0xbe, 0x7,
    0x28, 0x3b, 0x95, 0xcf, 0x40, 0x70, 0x5e, 0x41,
    0x80,

    /* U+6545 "故" */
    0xa, 0x42, 0x83, 0xff, 0x82, 0x87, 0xff, 0x23,
    0xcd, 0xe8, 0xfc, 0x9e, 0x6f, 0x2b, 0xce, 0x87,
    0xa5, 0x1, 0x9, 0x9a, 0x10, 0x7d, 0xf8, 0xca,
    0xc1, 0xfe, 0x5c, 0x1f, 0xfc, 0x4, 0x3f, 0xe8,
    0x50, 0x6a, 0x8f, 0x1e, 0x90, 0x5d, 0x47, 0x3,
    0xc0,

    /* U+6548 "效" */
    0x9, 0xe, 0x43, 0xed, 0xd, 0x87, 0x28, 0xd4,
    0x21, 0xfb, 0xc1, 0x6f, 0xc8, 0xca, 0x91, 0xf3,
    0x25, 0x1, 0x44, 0x32, 0x5, 0x3, 0xd2, 0x84,
    0x2e, 0xad, 0xed, 0x41, 0xa1, 0x41, 0x34, 0xf,
    0x90, 0x90, 0xf2, 0x70, 0x48, 0x85, 0x51, 0x3,
    0xb8, 0x36, 0x5, 0x79, 0x3c, 0x8, 0x33, 0x86,
    0xc0,

    /* U+654F "敏" */
    0x2, 0x1e, 0x43, 0xd0, 0x7a, 0xe, 0x4f, 0xd2,
    0x83, 0xaf, 0xeb, 0x7e, 0x41, 0xfc, 0x37, 0x28,
    0x9a, 0x64, 0x60, 0xc2, 0xdc, 0x2d, 0x34, 0x14,
    0xdc, 0x39, 0x9, 0x9f, 0x31, 0x70, 0x66, 0x88,
    0x48, 0x86, 0xf3, 0x31, 0x30, 0x57, 0xcd, 0x44,
    0x41, 0x9d, 0x57, 0x10, 0x84, 0xf8, 0x90, 0xa4,

    /* U+6574 "整" */
    0xd, 0x6, 0x83, 0xa9, 0xb4, 0x21, 0x60, 0x62,
    0xc, 0x72, 0xc1, 0xf3, 0x52, 0x24, 0x17, 0x98,
    0xa7, 0x21, 0x51, 0x6, 0x13, 0x5, 0x53, 0x2a,
    0xfa, 0x5, 0x18, 0x49, 0x3c, 0x17, 0xf5, 0xf8,
    0x37, 0xe9, 0xfc, 0x86, 0xc2, 0x7e, 0x43, 0xf9,
    0xf9, 0xb, 0xc7, 0xa7, 0xf9,

    /* U+6587 "文" */
    0xf, 0x21, 0xff, 0xc2, 0x83, 0xff, 0x80, 0x87,
    0xef, 0xf3, 0xfc, 0x9e, 0x6f, 0xe3, 0xc8, 0x54,
    0xd, 0x21, 0xf2, 0x82, 0x60, 0xfa, 0x80, 0xa0,
    0x7f, 0x7a, 0x10, 0xff, 0x9c, 0x3f, 0xdb, 0x50,
    0x79, 0xba, 0x39, 0xa1, 0x77, 0x90, 0xaf, 0x93,
    0xc8, 0x7d, 0x68,

    /* U+65AD "断" */
    0xf, 0xfe, 0x26, 0x1e, 0xb3, 0xc, 0x8d, 0xb0,
    0x14, 0x8, 0xbe, 0x40, 0xe3, 0x1, 0xe, 0x70,
    0xff, 0x90, 0xf7, 0xe4, 0x34, 0x83, 0xc6, 0x83,
    0x3c, 0x1f, 0xa8, 0xc, 0x43, 0xd0, 0x7f, 0xf0,
    0xb0, 0x38, 0x73, 0xfd, 0x21, 0xd7, 0xf2, 0x1f,
    0xfc, 0x8, 0x2c, 0x0,

    /* U+65B0 "新" */
    0x9, 0xf, 0xfe, 0xe, 0x84, 0xd3, 0x41, 0xe6,
    0xf3, 0x76, 0x83, 0x3c, 0x6b, 0x7, 0x91, 0x41,
    0xf9, 0xde, 0x75, 0x7e, 0x57, 0xa9, 0xe5, 0x78,
    0xd3, 0xd4, 0xf2, 0x1f, 0x7a, 0x9e, 0x30, 0xf2,
    0x81, 0x7, 0xf4, 0x82, 0x9a, 0x1e, 0x83, 0x48,
    0x7c, 0xa8, 0xc, 0x1e,

    /* U+65E0 "无" */
    0x7, 0xff, 0xa0, 0xbf, 0x37, 0xe8, 0x3f, 0xf9,
    0x48, 0x7d, 0xfc, 0xff, 0x93, 0xf8, 0x6f, 0xc8,
    0x72, 0x83, 0xff, 0x81, 0x40, 0xff, 0x94, 0x1f,
    0xf3, 0x40, 0xf3, 0x1, 0xb0, 0xfb, 0xc7, 0xc1,
    0x77, 0xca, 0x38, 0x33, 0xfc, 0x0,

    /* U+65E5 "日" */
    0x3f, 0xf9, 0x5f, 0xf0, 0x7f, 0xf5, 0x1f, 0xf8,
    0xf, 0xfc, 0x1f, 0xfd, 0x47, 0xfe, 0x3, 0xff,
    0x0,

    /* U+65F6 "时" */
    0xf, 0xf6, 0xa, 0xc1, 0xfc, 0xd0, 0x3f, 0xf8,
    0x4f, 0xf1, 0xc1, 0x9f, 0xe3, 0x8a, 0x20, 0x83,
    0xea, 0x20, 0x50, 0x7f, 0xdc, 0x1f, 0xfc, 0x5,
    0x7, 0xfd, 0x21, 0xd4, 0xf, 0xf3, 0x50, 0x7f,
    0x41, 0xef, 0xa0, 0x0,

    /* U+660E "明" */
    0xfe, 0x3f, 0xc7, 0xc1, 0x7e, 0xf, 0xfe, 0x45,
    0x60, 0x7c, 0x17, 0xe0, 0x7c, 0x12, 0xe0, 0xff,
    0xe4, 0x7e, 0x5, 0x4a, 0xbf, 0xd, 0x72, 0x1d,
    0x5, 0x21, 0xfe, 0x60, 0xbc, 0x86, 0xc3, 0x7a,

    /* U+663E "显" */
    0x3, 0xff, 0xc1, 0xcf, 0xfc, 0x1e, 0x6b, 0xd8,
    0x79, 0xaf, 0x61, 0xe6, 0xbe, 0xe, 0x7b, 0xa7,
    0x4c, 0x32, 0x8, 0x18, 0x10, 0xe4, 0x3e, 0x83,
    0x30, 0x7b, 0xc1, 0xd8, 0x7b, 0xd, 0x58, 0xa3,
    0x59, 0x2b, 0x74, 0xeb, 0x20,

    /* U+6682 "暂" */
    0xa, 0xf, 0x94, 0xb, 0x6a, 0x3a, 0x8, 0x23,
    0xd4, 0x5, 0x10, 0xb2, 0xb0, 0x3f, 0x3, 0xd1,
    0x41, 0xf1, 0x81, 0x62, 0xd0, 0xfb, 0xa, 0xf4,
    0x1e, 0x96, 0x6, 0x12, 0x1a, 0xdf, 0x5f, 0x21,
    0xd7, 0xfc, 0x1e, 0xaf, 0xc1, 0xea, 0xfc, 0x1e,
    0xbf, 0xe0, 0x80,

    /* U+6700 "最" */
    0x5, 0xd7, 0xb4, 0x3f, 0xf8, 0xf5, 0xf8, 0x3d,
    0xd7, 0xc1, 0x9f, 0xfd, 0x8, 0x50, 0x3c, 0x1f,
    0x93, 0xcf, 0xab, 0x7, 0x54, 0x4f, 0x94, 0x1a,
    0xa0, 0x6a, 0xf, 0x51, 0xc6, 0xa0, 0x31, 0xe4,
    0xa, 0x10, 0x37, 0xd7, 0x16, 0x60,

    /* U+6708 "月" */
    0xb, 0xff, 0x7, 0x7f, 0x83, 0xff, 0x8d, 0xfe,
    0xf, 0x7f, 0x83, 0xff, 0xa0, 0x9f, 0xe0, 0xdd,
    0xfe, 0xc, 0xa0, 0xfe, 0xe0, 0xfe, 0x58, 0x35,
    0xe0, 0x30, 0x75, 0xf0,

    /* U+6709 "有" */
    0xe, 0x43, 0xff, 0x83, 0x7, 0xf7, 0xe3, 0xfe,
    0x7, 0xc5, 0xff, 0x6, 0x44, 0x3f, 0xe8, 0xff,
    0x21, 0xb5, 0x7f, 0x41, 0xbb, 0x7f, 0xa0, 0xda,
    0x3f, 0xd0, 0x7c, 0xd7, 0x83, 0xe6, 0xbc, 0x1f,
    0xfc, 0xdb, 0x90, 0x0,

    /* U+670D "服" */
    0x2f, 0x81, 0xfd, 0x5, 0xe0, 0x9f, 0xc1, 0xff,
    0xc1, 0x43, 0x78, 0x3d, 0x70, 0x5e, 0x9, 0x6f,
    0x21, 0xfd, 0x5, 0x5, 0xe0, 0x9b, 0x44, 0xf,
    0x83, 0x28, 0xa0, 0x7f, 0xad, 0xf, 0xf9, 0x30,
    0x28, 0x3e, 0xe8, 0x82, 0x30, 0x9b, 0x7c, 0xa0,
    0x78, 0x1c, 0x14, 0x80,

    /* U+671F "期" */
    0x6, 0x6, 0xf, 0xfe, 0x15, 0xf8, 0xcf, 0x4c,
    0x7c, 0xc, 0xf4, 0xc1, 0xfa, 0xa0, 0xbe, 0xd,
    0x50, 0x5f, 0x6, 0xa8, 0x3f, 0xd5, 0x5, 0xd0,
    0x3f, 0x9b, 0xc0, 0xcf, 0x4c, 0x2c, 0xe, 0x9b,
    0xc1, 0xf4, 0x9c, 0xc1, 0xde, 0x3, 0xe4, 0xb4,
    0xc3, 0x30, 0x2e,

    /* U+672A "未" */
    0xf, 0x48, 0x7f, 0xf3, 0xf0, 0xfd, 0x59, 0x55,
    0x83, 0x56, 0x6b, 0x83, 0xff, 0x8b, 0xfc, 0xdf,
    0xc0, 0xfc, 0x82, 0xfc, 0x1c, 0x8d, 0xa1, 0xf3,
    0xc0, 0xb4, 0x3a, 0xe0, 0xd7, 0x5, 0xe8, 0x3d,
    0x78, 0x1a, 0x1f, 0x9c,

    /* U+672C "本" */
    0xf, 0x28, 0x3f, 0xfa, 0xff, 0xd4, 0xfe, 0x7,
    0xe1, 0x47, 0xe0, 0xea, 0x79, 0x41, 0xf9, 0x40,
    0xa0, 0x7d, 0xc1, 0xac, 0x3a, 0x50, 0x65, 0x41,
    0x60, 0xaf, 0x3, 0x5, 0x72, 0xab, 0x80, 0x86,
    0xf0, 0x64, 0x3f, 0xf8, 0x60,

    /* U+6743 "权" */
    0xb, 0xf, 0xfe, 0x25, 0x7c, 0x1f, 0xdf, 0x90,
    0x78, 0xf4, 0x2f, 0x3, 0x8f, 0x8, 0x56, 0x16,
    0x40, 0x42, 0x50, 0x77, 0x1c, 0x21, 0x9c, 0x40,
    0xa2, 0x81, 0x48, 0x20, 0x5a, 0x80, 0xc1, 0xfb,
    0x9, 0x41, 0xcd, 0x48, 0x7e, 0xa6, 0xf2, 0x1e,
    0x8c, 0x2e, 0x42, 0xca, 0x7, 0x68,

    /* U+6761 "条" */
    0xe, 0xc3, 0xff, 0x81, 0x95, 0x90, 0xf6, 0x56,
    0x43, 0x9e, 0xe0, 0x72, 0x1d, 0xa7, 0xd2, 0x1c,
    0x82, 0xd5, 0x44, 0x37, 0xaf, 0xfe, 0x7, 0xa4,
    0x33, 0x78, 0x2f, 0xd4, 0xfa, 0xd, 0xeb, 0xa7,
    0x70, 0x74, 0x1d, 0xc1, 0xde, 0x43, 0x5c, 0x1b,
    0x4a, 0x4, 0xe0,

    /* U+6765 "来" */
    0xf, 0x28, 0x3f, 0xf9, 0x2f, 0xea, 0x7e, 0x80,
    0xf7, 0xa9, 0xea, 0x83, 0x41, 0xe9, 0xe, 0xa0,
    0x6a, 0x6, 0xa6, 0x56, 0x3a, 0x2, 0xb0, 0x6a,
    0xc1, 0xc8, 0xa1, 0xf, 0x9a, 0x7a, 0x88, 0x75,
    0x30, 0xdd, 0x2, 0xcc, 0x3d, 0x98, 0x38, 0x3f,
    0x58,

    /* U+6784 "构" */
    0xb, 0xa, 0xf, 0xfe, 0xa, 0x1f, 0xfc, 0x4,
    0x5e, 0x7, 0x8e, 0x88, 0x69, 0x38, 0xf1, 0xb,
    0xc0, 0xc8, 0xdc, 0x3f, 0xf8, 0x1e, 0x40, 0x81,
    0xc8, 0xa, 0xd0, 0xd2, 0x6, 0x51, 0x86, 0x43,
    0x20, 0x83, 0xa0, 0xdc, 0x90, 0x7f, 0xf0, 0x94,
    0x1f, 0xeb, 0xb0, 0xd8, 0x75, 0xe4,

    /* U+67E5 "查" */
    0xf, 0x28, 0x3f, 0xf9, 0x3f, 0xd4, 0xfe, 0x7,
    0xd0, 0xa2, 0xf8, 0x35, 0x3f, 0x50, 0x33, 0x98,
    0x6f, 0xa0, 0x78, 0xa7, 0xa9, 0xe0, 0xa1, 0xaf,
    0x24, 0x1d, 0x5e, 0xf, 0xd5, 0xe0, 0xfd, 0x5e,
    0xf, 0xba, 0xf6, 0x1b, 0xff, 0xf8, 0x0,

    /* U+6808 "栈" */
    0xf, 0xfe, 0x23, 0x6, 0xc3, 0xff, 0x87, 0x87,
    0xff, 0x7, 0x42, 0xe7, 0x58, 0xb9, 0x6, 0xad,
    0xc1, 0x79, 0x9, 0x62, 0x43, 0x21, 0x98, 0x51,
    0xe8, 0x2a, 0x19, 0x8a, 0xec, 0x3e, 0x99, 0x3c,
    0x8, 0x3f, 0x72, 0x1f, 0xd0, 0xb8, 0x3d, 0x7c,
    0x9a, 0x1c, 0xf9, 0x3c, 0x80,

    /* U+6821 "校" */
    0xf, 0xfe, 0x2c, 0x1a, 0xf, 0xfe, 0xd, 0x87,
    0xf3, 0xf1, 0xf0, 0x3c, 0xef, 0x7a, 0xf0, 0x35,
    0x60, 0x82, 0x83, 0x28, 0x1c, 0x4, 0x83, 0x35,
    0x60, 0x70, 0xa8, 0x9, 0xa, 0x60, 0x20, 0x81,
    0x6a, 0x9, 0x90, 0xe6, 0x81, 0x28, 0x3c, 0x90,
    0x7f, 0x3f, 0x1a, 0x1e, 0xbc, 0xb, 0xc1, 0xa2,
    0x81, 0xd0,

    /* U+68C0 "检" */
    0xf, 0xfe, 0x22, 0x83, 0x41, 0xff, 0xc0, 0x54,
    0x1f, 0xf5, 0x88, 0x4f, 0x4c, 0xa1, 0x44, 0xe,
    0xde, 0x10, 0x74, 0x9, 0x9b, 0xad, 0x84, 0x8e,
    0xaa, 0xc4, 0xd, 0xf2, 0x88, 0x10, 0x6c, 0x56,
    0x4, 0x33, 0x6, 0x4c, 0xb0, 0x21, 0xd8, 0xa1,
    0xf, 0xab, 0x6d, 0x3, 0xd5, 0xbd, 0x40,

    /* U+6A2A "横" */
    0xf, 0xfe, 0x2e, 0x16, 0x16, 0x1f, 0xa2, 0xa2,
    0x43, 0xd1, 0x51, 0x25, 0x9, 0xf, 0xec, 0x1f,
    0x1f, 0x1c, 0x20, 0x6f, 0x8f, 0xa0, 0x24, 0x74,
    0x29, 0xa0, 0x40, 0xaa, 0x14, 0x41, 0x64, 0xaa,
    0x14, 0x42, 0x42, 0x68, 0x51, 0x4, 0x1d, 0x46,
    0x82, 0x1e, 0xda, 0x8c, 0x3d, 0x78, 0x2b, 0x82,
    0xca, 0x7, 0x50,

    /* U+6B21 "次" */
    0xf, 0x21, 0xf9, 0xd, 0x7, 0xef, 0x7, 0xff,
    0x2, 0xf0, 0x9f, 0xe0, 0xd9, 0x7a, 0xf4, 0x87,
    0x21, 0x40, 0xa0, 0x7b, 0xe, 0x43, 0xa4, 0x32,
    0x41, 0x90, 0xd1, 0x87, 0xa8, 0x13, 0xa1, 0xdc,
    0x14, 0x96, 0x19, 0x40, 0x88, 0x56, 0x14, 0x3e,
    0x82, 0xa6, 0x19, 0xd0, 0xe7, 0x0,

    /* U+6B63 "正" */
    0x2f, 0xff, 0x81, 0x7f, 0x1f, 0xc1, 0xff, 0xc6,
    0x43, 0xff, 0x83, 0x7, 0xff, 0x1b, 0xf2, 0x1f,
    0xdf, 0x90, 0xff, 0xf0, 0x50, 0xa8, 0xae, 0x4a,
    0x75, 0x75, 0xc8,

    /* U+6B64 "此" */
    0xe, 0x81, 0x87, 0xff, 0x5f, 0xf, 0xe4, 0x3c,
    0x87, 0x78, 0x3e, 0xa1, 0x74, 0xf, 0x34, 0x3c,
    0x87, 0xfc, 0x87, 0xff, 0x4d, 0xf, 0xfe, 0xe,
    0x13, 0x3e, 0x10, 0x20, 0xcf, 0x5e, 0xa7, 0xd1,
    0xe9, 0x40, 0x7e, 0x80,

    /* U+6B65 "步" */
    0xf, 0x30, 0x7f, 0x21, 0xff, 0xc1, 0x82, 0x7e,
    0x83, 0xf9, 0xfa, 0xf, 0xfe, 0x2d, 0x1a, 0x9a,
    0xe0, 0x55, 0xd1, 0xab, 0x83, 0x41, 0xe8, 0x3a,
    0x10, 0xcb, 0x4, 0x90, 0x6a, 0x61, 0x98, 0x32,
    0x61, 0xfa, 0xf5, 0x3, 0xde, 0xbd, 0x21, 0xf7,
    0xa4, 0x3f, 0x80,

    /* U+6C42 "求" */
    0xf, 0x49, 0x7, 0xff, 0x7, 0xc8, 0x7f, 0x63,
    0x61, 0x7f, 0x2b, 0xd3, 0x83, 0xf9, 0x5f, 0x58,
    0x5a, 0x12, 0x6, 0xd, 0xc8, 0x19, 0xb0, 0xec,
    0x2c, 0xb0, 0xfd, 0xa4, 0x1f, 0xaf, 0x20, 0xb0,
    0xd7, 0xa0, 0xcd, 0xc0, 0xf2, 0x1e, 0x70, 0x90,
    0x79, 0x41, 0xa0,

    /* U+6CA1 "没" */
    0xf, 0xfe, 0x1d, 0x85, 0xfc, 0x1a, 0xe0, 0xbe,
    0xf, 0xa0, 0xff, 0x28, 0x2a, 0x6, 0xa0, 0x99,
    0x68, 0x5f, 0x1, 0xcf, 0x57, 0x68, 0x72, 0xa,
    0xb4, 0x3a, 0x24, 0x2b, 0xd, 0x60, 0xb7, 0x83,
    0x2c, 0x5, 0x4a, 0xd, 0x63, 0x66, 0x70, 0x50,
    0x3e, 0x8b, 0xd0,

    /* U+6CD5 "法" */
    0x14, 0x1d, 0x21, 0xcf, 0x83, 0xff, 0x81, 0x40,
    0xff, 0xe0, 0xa5, 0xe6, 0xf2, 0x4, 0x2b, 0xcd,
    0xe4, 0x2d, 0xf, 0xf9, 0xd3, 0xe6, 0xf8, 0x3d,
    0xe8, 0xfc, 0x1b, 0xa, 0x82, 0x1c, 0xa0, 0x2c,
    0x68, 0x6a, 0x2, 0x80, 0xa0, 0x52, 0x8, 0xfa,
    0x60, 0x70, 0x3f, 0xa8, 0x0,

    /* U+6D3B "活" */
    0x24, 0x3c, 0xd8, 0x57, 0x8b, 0xfc, 0x1a, 0xcb,
    0xcc, 0x87, 0xff, 0x15, 0x81, 0x7c, 0xfe, 0x1f,
    0x17, 0xcd, 0xf0, 0x1c, 0x3c, 0x87, 0xff, 0x5,
    0xf, 0xa2, 0xf3, 0x78, 0x32, 0x17, 0xf2, 0x1a,
    0x81, 0xff, 0x50, 0x24, 0x3f, 0x90, 0xba, 0xc8,
    0x0,

    /* U+6D88 "消" */
    0x24, 0x8, 0x30, 0x20, 0xa8, 0x83, 0xa0, 0xbc,
    0x50, 0x25, 0x6, 0x47, 0xd, 0xc, 0x17, 0x67,
    0x62, 0x61, 0x7f, 0x5, 0x40, 0xff, 0xe0, 0x21,
    0x7f, 0x7, 0x40, 0xfe, 0xd, 0x60, 0xfe, 0xc,
    0xa0, 0x7f, 0x5, 0x40, 0xff, 0xe0, 0x21, 0xeb,
    0x40,

    /* U+6DF1 "深" */
    0x10, 0xff, 0xe0, 0xbc, 0xff, 0xe0, 0xbc, 0x3f,
    0xe0, 0xe5, 0x4c, 0x39, 0x2, 0x9, 0xa0, 0xda,
    0xf, 0x25, 0x88, 0xc8, 0x1d, 0x30, 0x40, 0x50,
    0x73, 0xf1, 0xf8, 0x34, 0xf8, 0x2f, 0x82, 0xb0,
    0x50, 0xb0, 0xe5, 0x10, 0x8d, 0x85, 0x43, 0xd0,
    0x4d, 0x83, 0x4d, 0xe, 0x70,

    /* U+6E05 "清" */
    0x14, 0x1d, 0x87, 0x9a, 0x3f, 0x1f, 0x41, 0x79,
    0xf8, 0xfa, 0xc, 0x95, 0x15, 0x20, 0x82, 0xa8,
    0xe8, 0x83, 0xc2, 0xe8, 0x58, 0xe, 0x3f, 0xf2,
    0x1e, 0x6b, 0x90, 0xe8, 0x15, 0xc1, 0xd6, 0xa,
    0xe0, 0xe5, 0x2, 0xb8, 0x35, 0x2, 0xae, 0xe,
    0x43, 0xce, 0x80,

    /* U+6E90 "源" */
    0xf, 0xfe, 0x25, 0xf, 0xfc, 0x82, 0xc1, 0xf1,
    0xf2, 0x12, 0x15, 0x95, 0x3, 0x42, 0x4f, 0x51,
    0x7, 0x90, 0x9a, 0xc1, 0xa4, 0x26, 0xb0, 0x7c,
    0x8d, 0x60, 0xed, 0x1e, 0x69, 0x85, 0x4f, 0x18,
    0x4a, 0x9, 0x75, 0x2, 0x60, 0x4a, 0x9, 0xd,
    0x27, 0x19, 0x38, 0x4a,

    /* U+6EE1 "满" */
    0x14, 0x12, 0x81, 0x6, 0x6a, 0xe9, 0xe7, 0xc1,
    0x74, 0xe9, 0xe7, 0xc1, 0xf2, 0x81, 0x7, 0xd7,
    0xfe, 0x5, 0xb, 0xc7, 0x4f, 0x2, 0xcb, 0xc7,
    0x4f, 0x4, 0x82, 0xdd, 0xf0, 0x74, 0x5, 0xc,
    0x1d, 0x60, 0xa9, 0x10, 0xca, 0x35, 0x1c, 0x1b,
    0x81, 0xc4, 0x88, 0x52, 0x1f, 0x32, 0x0,

    /* U+7259 "牙" */
    0x7, 0xff, 0xa0, 0xbb, 0xf8, 0xf4, 0x1a, 0xf,
    0xfe, 0xa, 0x1f, 0xfc, 0x7, 0xf, 0xfe, 0x7,
    0x7f, 0x1f, 0x20, 0xbf, 0x28, 0xf9, 0xf, 0x44,
    0x1f, 0xcf, 0xa0, 0xfe, 0xf9, 0xf, 0xde, 0xa0,
    0x7f, 0xbc, 0x85, 0xe0, 0xff, 0xe0, 0x7c, 0x18,

    /* U+72B6 "状" */
    0xf, 0xfe, 0x2c, 0x1b, 0x10, 0xff, 0xe1, 0x41,
    0x41, 0xf9, 0x10, 0x90, 0xfd, 0x20, 0xb1, 0xf8,
    0xfc, 0x14, 0xf, 0x8b, 0xe0, 0xca, 0xd, 0x87,
    0xb0, 0xcb, 0x7, 0x72, 0x15, 0x14, 0x15, 0x10,
    0x90, 0x78, 0x29, 0xd, 0x41, 0x10, 0xf3, 0xa8,
    0x14, 0x43, 0xb6, 0xd, 0xc1, 0xaa, 0xf, 0x60,

    /* U+751F "生" */
    0x9, 0x3, 0x7, 0xf4, 0x1f, 0xfc, 0x5, 0x7,
    0xff, 0x2, 0x7d, 0x3f, 0xa0, 0x27, 0xd3, 0xfa,
    0x5, 0x87, 0xff, 0x3, 0xf, 0xfe, 0x15, 0xf4,
    0xfe, 0xd, 0x7d, 0x3f, 0x83, 0xff, 0xb1, 0x87,
    0xef, 0xe5, 0x7f, 0x0,

    /* U+7528 "用" */
    0x7, 0xff, 0x83, 0x7e, 0x7e, 0xf, 0xfe, 0x35,
    0x5b, 0x50, 0x77, 0x51, 0x50, 0x72, 0x5, 0x7,
    0xff, 0x27, 0xf3, 0xf0, 0x77, 0xe7, 0xe0, 0x94,
    0x1f, 0xf5, 0x3, 0xfc, 0xa0, 0xfb, 0xc0, 0x60,
    0xe8, 0xf8,

    /* U+7535 "电" */
    0xe, 0x83, 0xff, 0x93, 0xf9, 0xfe, 0xd, 0xf3,
    0xf8, 0x3f, 0xf8, 0xdf, 0x3f, 0x83, 0xbe, 0x7f,
    0x7, 0xff, 0x1b, 0xe7, 0xf0, 0x77, 0xcd, 0xf9,
    0x6, 0x1f, 0xda, 0x1f, 0xf2, 0x83, 0xbb, 0xf2,
    0x0,

    /* U+753B "画" */
    0xbf, 0xfd, 0x4f, 0xff, 0x41, 0xff, 0xc0, 0x4e,
    0x9d, 0x30, 0x30, 0x28, 0x50, 0x28, 0x2a, 0x14,
    0xf, 0xa8, 0x50, 0x3f, 0xf8, 0xfe, 0x3c, 0x1e,
    0xff, 0x83, 0x57, 0xf6, 0x75, 0xfe, 0x0,

    /* U+7559 "留" */
    0xd, 0x21, 0xfa, 0xed, 0xff, 0x1, 0xe4, 0xf1,
    0xe0, 0x90, 0x60, 0x50, 0x7c, 0x89, 0xc1, 0x95,
    0xeb, 0x80, 0xc8, 0xfa, 0x6e, 0x7, 0x1, 0xfd,
    0x7a, 0x81, 0x9f, 0x8f, 0x83, 0x9a, 0x8a, 0x83,
    0x9a, 0x8a, 0x83, 0xff, 0x8c, 0xfc, 0x7c, 0x10,

    /* U+7565 "略" */
    0xf, 0x94, 0x1b, 0xf8, 0x10, 0x73, 0xb8, 0x22,
    0xf4, 0x1e, 0x95, 0xe2, 0xf, 0xbd, 0x44, 0xe,
    0xe4, 0x2d, 0x1, 0xdc, 0x2d, 0x50, 0x7d, 0x75,
    0x7a, 0xe, 0xce, 0x99, 0x3b, 0x89, 0x58, 0xf,
    0xe0, 0xfd, 0x87, 0xff, 0x1, 0xf, 0x55, 0x80,

    /* U+767B "登" */
    0xf, 0x90, 0xf9, 0xfc, 0xea, 0xc3, 0x37, 0x86,
    0x9e, 0x20, 0xbb, 0xc0, 0xd5, 0x40, 0xa5, 0x7e,
    0x6c, 0x27, 0xd7, 0xeb, 0xa0, 0xff, 0xf5, 0xe1,
    0x81, 0xfe, 0x44, 0x3f, 0xf8, 0xff, 0xe4, 0x3d,
    0x9f, 0x88, 0x3e, 0x90, 0x50, 0x3b, 0xea, 0x79,
    0xbe, 0x0,

    /* U+7684 "的" */
    0xf, 0xfe, 0x16, 0x1b, 0xf, 0xfe, 0x25, 0x94,
    0x22, 0xb3, 0xe9, 0x1e, 0xa4, 0x3a, 0x43, 0xfd,
    0xc8, 0x49, 0xf0, 0x90, 0x77, 0xc1, 0x78, 0x3f,
    0xe5, 0x83, 0xfa, 0x43, 0xff, 0x81, 0xe3, 0xe0,
    0xf9, 0x3f, 0x1, 0xf2, 0x61, 0xe7, 0xe0,

    /* U+76EE "目" */
    0xff, 0xf1, 0xff, 0x83, 0xff, 0x81, 0xd7, 0xb0,
    0x75, 0xf0, 0x7f, 0x21, 0xff, 0xc0, 0xff, 0xc0,
    0xff, 0xc1, 0xff, 0xc0, 0xff, 0xc0, 0xff, 0xc0,

    /* U+77E5 "知" */
    0x4, 0x1f, 0xfc, 0x6a, 0xc9, 0x3f, 0x49, 0xf4,
    0x3b, 0x70, 0x16, 0x14, 0x1f, 0xf3, 0x7, 0xfc,
    0xf9, 0xbe, 0xe, 0x7c, 0xfe, 0xf, 0xcc, 0x1f,
    0xf2, 0x41, 0xfd, 0x72, 0x83, 0x20, 0x58, 0xf0,
    0xfa, 0x1b, 0xa, 0x1f, 0x95, 0x87, 0x30, 0x50,

    /* U+7801 "码" */
    0xf, 0xfe, 0x1f, 0xea, 0x7f, 0x5, 0xb7, 0x4f,
    0xc1, 0xca, 0xb, 0x9, 0xf, 0xe4, 0x8, 0x64,
    0xf0, 0x7b, 0xa, 0x74, 0x57, 0xa9, 0x81, 0xc,
    0xff, 0x5, 0x4, 0x87, 0xff, 0xb, 0xf8, 0x39,
    0x95, 0xfc, 0x21, 0x36, 0x1e, 0xb0, 0xa0, 0xf5,
    0xa8, 0x3f, 0xd7, 0x80,

    /* U+793A "示" */
    0x7, 0xff, 0x83, 0x7f, 0xf8, 0x3f, 0xfa, 0x7f,
    0xff, 0xc0, 0x7, 0xf4, 0xff, 0x6, 0x83, 0xc8,
    0x72, 0x83, 0xd2, 0x1a, 0xc3, 0xdc, 0x17, 0x7,
    0xe6, 0x4, 0x85, 0x86, 0x82, 0x41, 0xe7, 0xd,
    0x0,

    /* U+79BB "离" */
    0xf, 0xfe, 0x44, 0x1f, 0xab, 0x9e, 0xb8, 0x15,
    0x7f, 0xaa, 0xa, 0x57, 0x3a, 0xa0, 0xfb, 0x7c,
    0x1f, 0xd1, 0xc2, 0x1e, 0xe6, 0xf5, 0x58, 0x67,
    0xe2, 0xf9, 0x9, 0xfc, 0x5f, 0x90, 0xaf, 0x1e,
    0x7d, 0x7, 0xb5, 0x4e, 0x1f, 0x9c, 0xb8, 0x3f,
    0x4a, 0x3, 0x40, 0x94, 0x1f, 0x5a, 0x0,

    /* U+79F0 "称" */
    0xc, 0xa1, 0xf, 0xaf, 0x92, 0xf, 0xac, 0x82,
    0xfe, 0xf, 0x95, 0x9e, 0x41, 0xe3, 0xd4, 0x9,
    0x81, 0xe3, 0xd2, 0x1f, 0xa2, 0x18, 0x28, 0x3d,
    0xc2, 0x14, 0x82, 0xc6, 0x98, 0x4e, 0x12, 0x12,
    0x83, 0x20, 0x83, 0x41, 0xd0, 0x7c, 0x87, 0x21,
    0xf9, 0xd0, 0xc0,

    /* U+7A7A "空" */
    0xe, 0x83, 0xfe, 0x50, 0x77, 0xf1, 0x7f, 0x1f,
    0xfe, 0xd, 0x40, 0x70, 0x1d, 0xf4, 0xf, 0xa8,
    0xf9, 0xc, 0xf9, 0x5f, 0xfc, 0x23, 0xf3, 0xf9,
    0xf, 0xfe, 0x9a, 0x1d, 0x7e, 0x6f, 0xe0,

    /* U+7A97 "窗" */
    0xf, 0xfe, 0x2c, 0x87, 0x57, 0x35, 0xe6, 0xaf,
    0xea, 0x31, 0x68, 0x1e, 0x23, 0xe6, 0x5, 0x5b,
    0x74, 0x6b, 0x11, 0xea, 0x75, 0x90, 0xea, 0xe0,
    0xf5, 0x62, 0xf, 0x4d, 0x87, 0xf2, 0xa1, 0xf,
    0x46, 0xc8, 0x74, 0x75, 0xc0,

    /* U+7ACB "立" */
    0xf, 0x41, 0xff, 0xc2, 0x43, 0xff, 0x81, 0x87,
    0xeb, 0xf5, 0x3f, 0x40, 0xbf, 0xfd, 0x6, 0x90,
    0xcc, 0x1e, 0xf0, 0x6f, 0x7, 0x94, 0x19, 0x41,
    0xff, 0x28, 0x3f, 0x28, 0x1e, 0xf, 0xde, 0x2,
    0x83, 0xfa, 0x10, 0xfa, 0xae, 0x9b, 0x58,

    /* U+7AD6 "竖" */
    0xd, 0x7, 0xf9, 0x41, 0x7f, 0x83, 0xf6, 0x7c,
    0x87, 0xf2, 0x8a, 0x7, 0xf5, 0x3c, 0x1f, 0xe4,
    0x70, 0xfe, 0xfa, 0xb0, 0x14, 0x45, 0x85, 0x40,
    0x3f, 0xa9, 0xfa, 0x3, 0xd3, 0xf5, 0x38, 0x33,
    0x6, 0x90, 0xf9, 0xf, 0xf7, 0xcf, 0xe3, 0xe0,

    /* U+7AEF "端" */
    0x2, 0x1e, 0xc3, 0xe8, 0x18, 0x76, 0x12, 0x1f,
    0xfc, 0xf, 0x3c, 0x28, 0x60, 0xaf, 0x53, 0x56,
    0xd8, 0x49, 0x3f, 0xf2, 0x1c, 0xfc, 0x7c, 0x8e,
    0x25, 0x32, 0xa0, 0xce, 0x31, 0xb2, 0x16, 0x68,
    0x7f, 0x5c, 0x1f, 0xf7, 0x72, 0x1f, 0xc8, 0x79,
    0x14, 0x1f, 0xb2, 0x27, 0x0,

    /* U+7B49 "等" */
    0xf, 0xfe, 0x23, 0x6, 0xc3, 0xe9, 0xa9, 0x2b,
    0x22, 0xa2, 0xaf, 0x14, 0x4e, 0x40, 0xa1, 0x41,
    0xa9, 0xbc, 0xf8, 0xc3, 0x5f, 0x4f, 0xe0, 0xff,
    0xe2, 0xd7, 0x65, 0xea, 0x25, 0x7f, 0x34, 0x4b,
    0xfe, 0x9f, 0x2, 0xe3, 0xf4, 0xf8, 0x33, 0xe0,
    0xff, 0xe0, 0xe5, 0xd8, 0x40,

    /* U+7CFB "系" */
    0xf, 0x95, 0x40, 0xaf, 0xf1, 0xc1, 0x5e, 0x6e,
    0x50, 0x7a, 0xd1, 0xd0, 0xed, 0xee, 0xd0, 0xeb,
    0xca, 0xc8, 0x39, 0xbd, 0x5, 0x5, 0x69, 0x4f,
    0x2c, 0x15, 0x67, 0xf4, 0x9, 0x83, 0x31, 0x85,
    0xe0, 0xcf, 0x80, 0xf8, 0x3c, 0xd8, 0xe0, 0xf2,
    0x13, 0x80,

    /* U+7E9F "纟" */
    0xf, 0xfe, 0x6, 0x87, 0x4a, 0xc, 0xa8, 0x42,
    0xb2, 0xc1, 0x9e, 0x60, 0x7a, 0x30, 0xcf, 0x83,
    0x51, 0xf2, 0xe, 0xf9, 0x2, 0x80, 0xa0, 0x5e,
    0xb0, 0xaf, 0x51, 0x0,

    /* U+7EA7 "级" */
    0xa, 0xf, 0xfe, 0x2, 0x7, 0xfa, 0xd, 0x41,
    0xcf, 0x38, 0x4a, 0x10, 0xe5, 0x5, 0x46, 0xe,
    0x42, 0x4a, 0x61, 0x95, 0xc3, 0xe4, 0x34, 0xf6,
    0x15, 0xcb, 0x81, 0x20, 0xce, 0x7d, 0x45, 0x5,
    0xe8, 0xb, 0xa8, 0x19, 0xf2, 0x1f, 0x9f, 0xe8,
    0xe9, 0xa3, 0xc0, 0x57, 0x2b, 0x83, 0xd9, 0xa1,
    0x60,

    /* U+7EBF "线" */
    0xa, 0xd, 0x90, 0x72, 0x1f, 0x78, 0x35, 0x3,
    0xcc, 0x81, 0x44, 0x59, 0xc2, 0xb, 0x41, 0xe3,
    0x90, 0x2b, 0xa0, 0x8b, 0x50, 0x62, 0x5, 0xb1,
    0xc0, 0x45, 0x17, 0x2d, 0x2, 0x60, 0xc8, 0x38,
    0x1e, 0x90, 0xcf, 0x6, 0x6d, 0x2, 0x48, 0x1f,
    0xca, 0xce, 0x21, 0xe4, 0x4d, 0x2d, 0x0,

    /* U+7EDD "绝" */
    0x9, 0xc, 0x87, 0xe8, 0x28, 0x3f, 0x50, 0xa,
    0xee, 0xe, 0x5a, 0xe8, 0x41, 0x79, 0xa1, 0xf1,
    0xc2, 0x74, 0xcf, 0x1e, 0x3, 0xe5, 0x7, 0xfd,
    0x40, 0xff, 0xb3, 0x93, 0xc7, 0x82, 0xbd, 0x27,
    0xf4, 0x4, 0xa, 0xf, 0xcf, 0xa1, 0xf, 0x2d,
    0xe9, 0x2f, 0xe9,

    /* U+7EDF "统" */
    0xb, 0xd, 0x21, 0xe5, 0x6, 0xf0, 0x7a, 0x83,
    0xe9, 0xf8, 0xa, 0x27, 0xc7, 0xe0, 0x51, 0xb,
    0xc4, 0x82, 0x3a, 0x12, 0xe, 0x5, 0xb1, 0x2b,
    0xb6, 0x2, 0x25, 0xbf, 0x58, 0xcf, 0x1, 0x6,
    0x23, 0x7a, 0x2, 0x1f, 0x23, 0x16, 0x19, 0x1f,
    0xa5, 0x83, 0x63, 0xe9, 0xb0, 0x2b, 0x43, 0x9c,
    0x37, 0xc0,

    /* U+7EEA "绪" */
    0xa, 0xd, 0x87, 0xd6, 0x1f, 0x30, 0x4a, 0x7,
    0x8f, 0x50, 0xa, 0x13, 0xc6, 0xc1, 0x50, 0x83,
    0x2c, 0x4, 0xfa, 0xa2, 0x68, 0x3d, 0xa, 0x3,
    0xa8, 0xe, 0x8e, 0x9f, 0x23, 0x33, 0xcf, 0xc8,
    0x1f, 0x4c, 0xaf, 0x90, 0xe6, 0x3, 0xf2, 0x7,
    0xf0, 0x7f, 0x3e, 0x90, 0x35, 0x20,

    /* U+7F3A "缺" */
    0xf, 0xfe, 0x1a, 0x83, 0xd8, 0x76, 0x87, 0xff,
    0x1, 0xfc, 0x1f, 0x95, 0xbe, 0x7c, 0x78, 0x28,
    0x33, 0xe3, 0xc, 0xbc, 0x1f, 0x90, 0xff, 0xe1,
    0xad, 0xb4, 0x36, 0x6, 0x12, 0xac, 0x68, 0x1f,
    0xd6, 0x87, 0x2c, 0x1d, 0x40, 0x9e, 0xb, 0xc2,
    0xc0, 0xe5, 0x74, 0xb, 0x83, 0xe9, 0xd, 0x80,

    /* U+7F6E "置" */
    0x1e, 0x9d, 0x3a, 0x68, 0x4d, 0xa, 0x15, 0x4,
    0xea, 0xba, 0x28, 0x41, 0x7e, 0x1f, 0xd0, 0x2b,
    0x8e, 0xb8, 0x27, 0xa3, 0x56, 0x87, 0xff, 0x1d,
    0xaf, 0x21, 0xe6, 0xbc, 0x87, 0xff, 0x21, 0xaf,
    0x21, 0xa8, 0xd7, 0x9a, 0x0,

    /* U+8005 "者" */
    0xe, 0x60, 0xff, 0xe3, 0x61, 0xbe, 0x9f, 0xd0,
    0x6f, 0xa7, 0xcc, 0x87, 0xfb, 0xc8, 0x6f, 0xd3,
    0x97, 0xc0, 0xfc, 0xaf, 0xf0, 0x4d, 0xab, 0xf2,
    0x17, 0xcf, 0xf4, 0x1b, 0x86, 0xbc, 0x1f, 0x35,
    0xe0, 0xff, 0xe4, 0xbf, 0xd0, 0x40,

    /* U+8111 "脑" */
    0xf, 0xc8, 0x7b, 0xf0, 0x5a, 0x1e, 0xf0, 0xb7,
    0x2c, 0x1f, 0xeb, 0xe, 0xf0, 0x81, 0x76, 0x17,
    0x87, 0x25, 0x8, 0x7e, 0x4a, 0x7, 0x78, 0x36,
    0x1f, 0x78, 0x35, 0x41, 0xfe, 0xa2, 0x1c, 0x87,
    0x69, 0x4, 0xe1, 0x9b, 0xf0, 0x34, 0xd5, 0xfe,
    0x4, 0xe, 0xf, 0xb0,

    /* U+8272 "色" */
    0xd, 0x7, 0xff, 0x1, 0x55, 0x90, 0xfa, 0xb6,
    0xa0, 0xf7, 0x20, 0xb0, 0xf6, 0x5f, 0x1f, 0x80,
    0xc7, 0xc7, 0xe0, 0x94, 0x1f, 0xfc, 0x34, 0x24,
    0x3f, 0xba, 0x3d, 0x41, 0xea, 0xfd, 0x87, 0xff,
    0xa, 0x40, 0xa0, 0xfc, 0xa0, 0x77, 0xfe, 0x80,

    /* U+8288 "芈" */
    0xf, 0x28, 0x3f, 0xd8, 0x6c, 0x3f, 0xf8, 0xff,
    0x7, 0xbe, 0x7, 0xc1, 0xef, 0x83, 0xff, 0x8b,
    0x42, 0xb1, 0x40, 0xd4, 0xe5, 0x5d, 0x3, 0xf7,
    0x83, 0xea, 0xff, 0xe0, 0x2, 0xb9, 0x55, 0xc1,
    0xf7, 0x83, 0xff, 0x90,

    /* U+84DD "蓝" */
    0xd, 0x86, 0xc3, 0xbe, 0x3f, 0x1f, 0x3, 0xe3,
    0xf1, 0xf0, 0x74, 0x83, 0xc1, 0xe8, 0xc0, 0x95,
    0x21, 0xfb, 0x8e, 0x43, 0xe5, 0xbc, 0x1f, 0xce,
    0x28, 0x3a, 0x34, 0x36, 0x1d, 0xde, 0xa7, 0x4c,
    0x3a, 0x85, 0xa, 0x7, 0xff, 0x15, 0xcf, 0x1e,
    0x3c, 0x68,

    /* U+85CF "藏" */
    0xd, 0x86, 0x83, 0xbe, 0x3f, 0x3f, 0x3, 0xe3,
    0xf1, 0xb8, 0x11, 0x97, 0x11, 0x82, 0x20, 0xf7,
    0xa0, 0xe7, 0xf2, 0x83, 0xb0, 0xae, 0xdc, 0x2b,
    0x3, 0x78, 0xa, 0x1b, 0x3, 0x45, 0x48, 0x15,
    0x81, 0xb0, 0xa0, 0xf9, 0xa9, 0xe, 0x54, 0x37,
    0xa6, 0x5a, 0x13, 0xa3, 0xc4, 0x80,

    /* U+884C "行" */
    0x9, 0x83, 0xff, 0x81, 0x41, 0xff, 0x23, 0xe0,
    0x3f, 0xe4, 0xb1, 0x41, 0xfd, 0x8c, 0x87, 0xfd,
    0x67, 0xfd, 0xe, 0x17, 0xe9, 0xe2, 0x81, 0xff,
    0xc0, 0xd0, 0xff, 0xf8, 0xdd, 0x87, 0x61, 0xaf,
    0x20,

    /* U+8865 "补" */
    0x2, 0x1d, 0x87, 0xce, 0x1f, 0xfc, 0x18, 0x3f,
    0xcf, 0xaf, 0x7, 0xe7, 0xe6, 0xf, 0xf9, 0x10,
    0xb8, 0x3d, 0x74, 0x6, 0x61, 0x39, 0x10, 0x54,
    0xc6, 0xcd, 0xe, 0x71, 0xc2, 0xd0, 0xff, 0xe0,
    0xa1, 0xff, 0xd7,

    /* U+8868 "表" */
    0xf, 0x28, 0x3e, 0x6b, 0xfc, 0x81, 0xac, 0xaa,
    0xc8, 0x7f, 0xf1, 0x6b, 0x2a, 0xb0, 0x6a, 0xcd,
    0x70, 0x5f, 0xcd, 0xfc, 0xf, 0xa3, 0x6f, 0x58,
    0x6a, 0x67, 0xe, 0x15, 0x88, 0x15, 0xe8, 0x2f,
    0x83, 0x48, 0x72, 0x13, 0x64, 0x68, 0x6d, 0xf8,
    0x17, 0x83, 0x5c, 0x87, 0x40,

    /* U+88C5 "装" */
    0xd, 0x86, 0xc3, 0xa8, 0x1f, 0xfc, 0x8, 0x27,
    0xe3, 0xe0, 0xa0, 0x3f, 0x1f, 0x1, 0xa0, 0x7f,
    0xdd, 0x1, 0xf1, 0xf0, 0x20, 0x45, 0xfe, 0xe,
    0x41, 0x7, 0xd5, 0xb9, 0xae, 0x4a, 0x87, 0x7a,
    0x12, 0x36, 0x45, 0xd4, 0x1a, 0xc2, 0x61, 0xc,
    0x93, 0xc0, 0xbb, 0x42, 0xbd, 0x21, 0x5a,

    /* U+8981 "要" */
    0x3f, 0xff, 0x80, 0xf, 0xcf, 0x8f, 0xc0, 0x7e,
    0x7c, 0x7c, 0x84, 0xf9, 0xf1, 0xe4, 0x3f, 0xf8,
    0xaa, 0xf3, 0xe3, 0xc8, 0x6f, 0x8f, 0xf2, 0xf,
    0xc7, 0xfc, 0xf, 0x4f, 0xe3, 0xe0, 0xd3, 0x2b,
    0x83, 0xef, 0x14, 0x34, 0x35, 0xeb, 0xfe, 0x41,
    0x7a, 0x42, 0x6d, 0x0,

    /* U+89D2 "角" */
    0xd, 0x7, 0xfb, 0x7f, 0x7, 0x4f, 0xd2, 0x1b,
    0x4a, 0xc5, 0x9, 0x2a, 0x7a, 0x25, 0x3, 0xf2,
    0x1b, 0xe3, 0xe4, 0x37, 0xc7, 0xc8, 0x10, 0xff,
    0xe0, 0xfc, 0x7c, 0x83, 0xbe, 0x3e, 0x40, 0xa0,
    0xf9, 0x28, 0x1e, 0xb0, 0x48, 0x6c, 0xbc, 0x0,

    /* U+89E6 "触" */
    0xf, 0xfe, 0x26, 0x1e, 0xc3, 0xea, 0x7, 0xf9,
    0x52, 0x1f, 0xea, 0x8, 0x3c, 0x7c, 0x47, 0x8c,
    0x19, 0xe0, 0x46, 0xc1, 0xfe, 0x76, 0xf, 0xfb,
    0x60, 0xa2, 0x81, 0xfd, 0x67, 0xc0, 0x76, 0x2,
    0x87, 0xd, 0xb0, 0x7b, 0x80, 0x87, 0x31, 0xc9,
    0x60, 0x5b, 0xd7, 0xa6, 0x49, 0x99, 0x40, 0x50,

    /* U+8BA0 "讠" */
    0xf, 0xf4, 0x87, 0xa8, 0x87, 0xbc, 0x1f, 0x41,
    0xbf, 0x6, 0xf8, 0x3f, 0xfa, 0xae, 0x19, 0x3c,
    0x1b, 0xa0, 0x0,

    /* U+8BA4 "认" */
    0x2, 0x1e, 0xc3, 0xec, 0x3f, 0xf8, 0xa, 0x83,
    0xff, 0x81, 0x40, 0xff, 0xe5, 0xbf, 0x6, 0x43,
    0x9f, 0x7, 0xff, 0x1f, 0x10, 0xff, 0x9b, 0xf,
    0xf2, 0x28, 0x3e, 0xa1, 0xc5, 0x3, 0x27, 0x2c,
    0x24, 0x1b, 0x55, 0x85, 0x28, 0x8, 0x1c, 0x3b,
    0x40,

    /* U+8BAE "议" */
    0xf, 0xfe, 0x26, 0x1d, 0x84, 0x85, 0xe1, 0x8a,
    0xe, 0x1a, 0x14, 0x28, 0xf0, 0x64, 0x3b, 0x14,
    0xf, 0x80, 0xa0, 0xfb, 0xc1, 0x50, 0xa, 0xf,
    0xe5, 0x14, 0xf, 0xea, 0x90, 0xff, 0x95, 0x7,
    0xcc, 0x28, 0x83, 0x93, 0x9b, 0xcc, 0x1d, 0x4f,
    0x81, 0xf2, 0x5, 0x1c, 0x19, 0xd0,

    /* U+8BB8 "许" */
    0xf, 0x90, 0xfd, 0x84, 0xe1, 0xfb, 0xc0, 0xc3,
    0xfd, 0x81, 0x2e, 0xa0, 0xf2, 0xa8, 0x54, 0xf,
    0x8e, 0xf, 0xde, 0x4, 0x1f, 0xfc, 0x1f, 0xc7,
    0xc8, 0x77, 0xe3, 0xe4, 0x3f, 0xf8, 0xd4, 0xf,
    0xf2, 0x70, 0x7f, 0x9d, 0xf, 0xe0,

    /* U+8BBE "设" */
    0xf, 0xfe, 0x24, 0x85, 0xfa, 0xd, 0x68, 0x5f,
    0x7, 0xa4, 0x3f, 0xcb, 0x3, 0x82, 0x58, 0x1c,
    0x51, 0xb, 0x11, 0x81, 0xea, 0xec, 0x3c, 0x9d,
    0x41, 0xfd, 0x40, 0x98, 0x3f, 0x59, 0xc1, 0xed,
    0x15, 0xa8, 0x34, 0x6a, 0xc9, 0x90, 0xac, 0xbd,
    0x3f, 0x40,

    /* U+8BCA "诊" */
    0xf, 0xe4, 0x3d, 0x40, 0xcc, 0x1e, 0x84, 0x2a,
    0x61, 0xe9, 0x1f, 0x36, 0x1f, 0x53, 0x15, 0x69,
    0xf1, 0xe2, 0x3, 0xa7, 0x80, 0xaf, 0x28, 0x3f,
    0xda, 0xb0, 0xfe, 0x4a, 0x84, 0x3e, 0x7e, 0x2c,
    0x39, 0x9d, 0x22, 0x9, 0x38, 0xf, 0xa0, 0xea,
    0x17, 0xc8, 0x72, 0x81, 0x70, 0x70,

    /* U+8BD5 "试" */
    0x4, 0x1e, 0x68, 0x1b, 0xc1, 0xf5, 0x84, 0xc8,
    0x7d, 0x6, 0x57, 0xe9, 0xe8, 0x2c, 0x7f, 0x3e,
    0x81, 0xc1, 0xe4, 0x33, 0x1, 0xf9, 0xf, 0xe7,
    0x34, 0x3f, 0xfa, 0xa, 0xf, 0x48, 0x3b, 0xc4,
    0x4, 0xf5, 0x39, 0x56, 0x16, 0xd1, 0xa, 0x50,
    0x10, 0xfc, 0xe0,

    /* U+8BDD "话" */
    0xf, 0xf9, 0xd, 0x84, 0xd3, 0xe0, 0xd6, 0x27,
    0x9e, 0xc, 0xe2, 0xc1, 0xff, 0xc9, 0xf4, 0x56,
    0x6a, 0x4f, 0x2, 0xb3, 0x52, 0x1f, 0xfc, 0x8f,
    0x4f, 0xa0, 0xfd, 0xfa, 0xe, 0x74, 0x3f, 0xc9,
    0xa1, 0xff, 0x61, 0x57, 0x0,

    /* U+8BEF "误" */
    0xf, 0xfe, 0x26, 0x15, 0xfe, 0xb, 0xc1, 0x5f,
    0x83, 0xa0, 0xff, 0xe0, 0xa0, 0xef, 0xc1, 0x53,
    0x3, 0xfe, 0x5, 0x2, 0xff, 0x90, 0xf7, 0xc7,
    0xc8, 0x73, 0xf1, 0xf4, 0x1c, 0xfa, 0x1f, 0x41,
    0xb8, 0x16, 0xa0, 0xc9, 0x47, 0x8e, 0x81, 0x3b,
    0x79, 0x7, 0xa0,

    /* U+8BF4 "说" */
    0xf, 0xf9, 0xd, 0xa1, 0x61, 0x41, 0xb9, 0x2,
    0x8a, 0x7, 0x69, 0x3c, 0xe8, 0x7e, 0xe9, 0x86,
    0xf8, 0x3e, 0xc2, 0xf0, 0x48, 0x6c, 0x3f, 0x3e,
    0xb0, 0xfe, 0x9a, 0x12, 0x1e, 0x43, 0xff, 0x81,
    0xe1, 0x41, 0xf4, 0x53, 0x83, 0x30, 0x3c, 0x72,
    0x17, 0x60, 0x47, 0x42, 0xf9,

    /* U+8BF7 "请" */
    0x2, 0x1e, 0x83, 0xda, 0x3f, 0x3f, 0x5, 0x41,
    0xf4, 0xfc, 0x1b, 0x5, 0x4d, 0x10, 0x2c, 0xa,
    0x8a, 0x21, 0xa1, 0x62, 0x58, 0xa, 0x3, 0xfe,
    0xf, 0xcd, 0x60, 0xff, 0x56, 0x43, 0xfa, 0xb2,
    0x1e, 0x92, 0xb2, 0x19, 0x34, 0xac, 0x87, 0x68,
    0x76, 0xa0,

    /* U+8D25 "败" */
    0xf, 0xc8, 0x7b, 0xf8, 0x10, 0x7d, 0xf0, 0x7f,
    0xf0, 0x30, 0x93, 0xf0, 0x7e, 0xbe, 0x30, 0xf9,
    0xc, 0x87, 0xf2, 0x84, 0x3f, 0x9a, 0x1c, 0x1f,
    0xea, 0x21, 0xa1, 0x20, 0x2a, 0xc, 0xde, 0x40,
    0x90, 0x64, 0x7c, 0x37, 0x60, 0x78, 0x13, 0x63,
    0x63, 0x4, 0xac, 0x27, 0x0,

    /* U+8F7D "载" */
    0xf, 0xfe, 0x34, 0x81, 0x84, 0x27, 0xcd, 0xc8,
    0x34, 0xf, 0x9b, 0x82, 0x82, 0xf9, 0xbe, 0x7d,
    0x27, 0xa9, 0xf8, 0xf9, 0xa, 0xf, 0xd0, 0x2c,
    0xf5, 0x2, 0xb0, 0x4f, 0x34, 0x9, 0x40, 0x57,
    0x9f, 0xf, 0x4, 0xfc, 0xf8, 0xc4, 0x32, 0xa6,
    0xdc, 0x28, 0xb3, 0x2f, 0x96, 0xca, 0x2c, 0x23,
    0x52, 0x1d, 0xc, 0xf, 0x0,

    /* U+8F81 "辁" */
    0x9, 0xe, 0x83, 0xce, 0x19, 0x60, 0x9e, 0x78,
    0x17, 0x4, 0xe7, 0xa3, 0xc7, 0x90, 0x96, 0x38,
    0x2e, 0x4b, 0xb, 0xd7, 0x4d, 0x1a, 0xc5, 0xa,
    0x5, 0xea, 0x83, 0xff, 0x81, 0x8f, 0x8f, 0x40,
    0x68, 0xcf, 0x8f, 0x40, 0xf3, 0x40, 0xfe, 0x9c,
    0x3f, 0xf8, 0x6f, 0xc7, 0xc8,

    /* U+8F93 "输" */
    0x2, 0x1e, 0x83, 0xd0, 0x74, 0xa0, 0x9c, 0xf0,
    0x23, 0x90, 0x3b, 0xe7, 0x23, 0xd0, 0x1f, 0x1c,
    0x54, 0x60, 0xd0, 0x47, 0xaa, 0x9, 0x88, 0x8e,
    0x84, 0xb, 0x30, 0xff, 0x28, 0x42, 0xc3, 0xcc,
    0x61, 0x61, 0xef, 0x18, 0x58, 0x7a, 0x42, 0x58,
    0x83, 0xfe, 0xf1, 0xa1, 0xb0, 0x46, 0x9c, 0x0,

    /* U+8FC7 "过" */
    0xf, 0xf6, 0x1d, 0x87, 0xff, 0x6, 0xc3, 0xff,
    0x80, 0xc7, 0xf1, 0xe0, 0xc9, 0xfc, 0x78, 0x15,
    0x3, 0xf, 0xd6, 0x81, 0x41, 0xf9, 0xa, 0x81,
    0xff, 0xc1, 0xc3, 0xff, 0x94, 0x86, 0x7c, 0x86,
    0x8e, 0x8a, 0xf4, 0xa0, 0x92, 0x9d, 0xeb, 0xc0,

    /* U+8FD0 "运" */
    0xf, 0xfe, 0x1b, 0x5, 0xfe, 0x80, 0xf8, 0x1f,
    0xe8, 0x27, 0xf, 0xfe, 0x1d, 0x7f, 0x1e, 0x8a,
    0x2, 0xb8, 0xf0, 0x66, 0x20, 0xfe, 0x50, 0x2c,
    0x3f, 0x50, 0x25, 0x7, 0xa3, 0xe8, 0x82, 0x51,
    0x7e, 0xa8, 0xd, 0x34, 0x3c, 0x82, 0xdc, 0xff,
    0xa3, 0x9, 0xff, 0xa0,

    /* U+8FD1 "近" */
    0xf, 0xf3, 0x40, 0xb0, 0xbd, 0x43, 0x82, 0xf0,
    0x5d, 0x14, 0x1d, 0x87, 0xff, 0x16, 0xbc, 0x9e,
    0x82, 0xa9, 0xa2, 0x79, 0xf, 0xfe, 0x22, 0x1f,
    0xfc, 0xb, 0xf, 0xfe, 0x2, 0x83, 0xfa, 0x18,
    0x32, 0x1a, 0x3e, 0xd, 0x7, 0x45, 0xdf, 0xe4,
    0x82, 0x6f, 0xf2,

    /* U+8FD9 "这" */
    0xf, 0xfe, 0x56, 0x1e, 0xa0, 0x79, 0xe, 0x89,
    0xa8, 0xac, 0x82, 0x8d, 0x5e, 0x4, 0x87, 0x41,
    0x98, 0x2a, 0x25, 0xc2, 0x83, 0x5e, 0x6, 0x74,
    0xe, 0x43, 0x40, 0x43, 0xf9, 0xee, 0x43, 0xcf,
    0xc9, 0xd0, 0x25, 0xb8, 0x37, 0x2, 0xad, 0xf,
    0xe7, 0x7f, 0xf9, 0x30, 0xaf, 0xf9,

    /* U+8FDE "连" */
    0xf, 0x90, 0xfa, 0x43, 0x41, 0xf5, 0x1b, 0xc7,
    0xe8, 0x2c, 0xb3, 0xfa, 0xc, 0x8c, 0x28, 0x33,
    0xe0, 0x5d, 0x70, 0x1d, 0x5, 0x4a, 0xa0, 0x7c,
    0x83, 0xc1, 0xfa, 0xfa, 0x9f, 0x7, 0x5f, 0x37,
    0xc1, 0x28, 0x36, 0x1e, 0xee, 0xf, 0xea, 0x37,
    0xea, 0x7c, 0x48, 0x1f, 0xfc, 0x0,

    /* U+901A "通" */
    0xf, 0xfe, 0x1c, 0x82, 0xff, 0x40, 0xa2, 0x5b,
    0x6a, 0x82, 0xf0, 0x57, 0x88, 0x3a, 0x3a, 0x20,
    0xb0, 0x2c, 0xa, 0x65, 0x2, 0xf4, 0xa, 0x8a,
    0x5, 0x40, 0xaa, 0x28, 0x1f, 0xa9, 0x94, 0xf,
    0xd4, 0xca, 0x6, 0x43, 0xf4, 0x13, 0xd4, 0x16,
    0x58, 0x28, 0xdf, 0xfa, 0x30, 0xaf, 0xfa,

    /* U+914D "配" */
    0xf, 0xfe, 0x1f, 0xf8, 0xfe, 0x7, 0x95, 0xe3,
    0xf0, 0x56, 0xae, 0xf, 0xce, 0xac, 0x3f, 0xf8,
    0x9f, 0x83, 0x38, 0x77, 0xc1, 0xb7, 0x83, 0xd0,
    0x50, 0xc1, 0xe4, 0x2a, 0xc1, 0xfe, 0xac, 0x1e,
    0x50, 0x3f, 0x7, 0xb0, 0xbf, 0x5, 0xf2, 0x8c,
    0x34, 0x7f, 0x0,

    /* U+91CD "重" */
    0xf, 0xe5, 0x83, 0x5f, 0xd0, 0x10, 0x9e, 0xa5,
    0x60, 0x50, 0x7e, 0x43, 0xe4, 0xf9, 0x3f, 0x21,
    0x7a, 0xa6, 0xa4, 0x3a, 0xb3, 0x50, 0x7a, 0xb3,
    0x50, 0x77, 0xaa, 0x6a, 0xe, 0x6b, 0x35, 0x61,
    0xbf, 0x4f, 0xe4, 0x2f, 0xd3, 0xf9, 0x7, 0xf4,
    0xff, 0x20,

    /* U+91CF "量" */
    0x3, 0xd7, 0xe0, 0xff, 0xe3, 0xbf, 0xe0, 0xf3,
    0x87, 0xb8, 0x2a, 0x7f, 0xea, 0x25, 0x9e, 0x7,
    0xc4, 0x83, 0x3c, 0x3f, 0x21, 0xdd, 0x36, 0xa0,
    0xec, 0x56, 0xba, 0xd, 0xf9, 0x3f, 0x21, 0x57,
    0x35, 0x90, 0x57, 0x9a, 0xe4,

    /* U+949F "钟" */
    0x4, 0x87, 0x61, 0xca, 0xf, 0xf4, 0x7c, 0x1f,
    0x9f, 0xd7, 0x14, 0xcb, 0xe4, 0xe2, 0x80, 0x73,
    0x43, 0xff, 0x93, 0x42, 0x82, 0x1e, 0xf1, 0xe2,
    0x85, 0x0, 0xa1, 0x5e, 0x8a, 0x83, 0x94, 0x1c,
    0x86, 0xc3, 0xfc, 0xda, 0x1f, 0x0,

    /* U+94C8 "铈" */
    0x2, 0x1c, 0xa0, 0xf4, 0x1c, 0xc1, 0xd1, 0x47,
    0xe3, 0xe4, 0x7a, 0x3f, 0x1f, 0x25, 0x60, 0xff,
    0x3b, 0x17, 0x8f, 0x82, 0x50, 0x5e, 0x3c, 0x17,
    0x9d, 0xf, 0xef, 0x3a, 0x1f, 0xfd, 0x5d, 0x9,
    0x51, 0x6, 0xe0, 0xba, 0x7, 0xf0,

    /* U+9500 "销" */
    0x4, 0x1e, 0xc3, 0xc8, 0x52, 0x1b, 0x4, 0x7a,
    0xa0, 0xa8, 0x7, 0xe8, 0x82, 0xd0, 0x5f, 0x34,
    0xce, 0xc0, 0xe6, 0x9f, 0xc1, 0xfc, 0xbc, 0x17,
    0x8e, 0x30, 0xfb, 0xc7, 0x12, 0xe0, 0xfe, 0xfe,
    0xf, 0x93, 0xf8, 0x32, 0x48, 0x7f, 0xd4, 0xe,
    0xf2, 0x0,

    /* U+9519 "错" */
    0x4, 0x1d, 0x10, 0x72, 0x1f, 0xfc, 0x8, 0xf5,
    0x37, 0x78, 0xf, 0xd4, 0xdd, 0xe0, 0x56, 0xf,
    0xf3, 0xb9, 0xe7, 0x7c, 0x12, 0x27, 0xfc, 0xf,
    0x1c, 0x75, 0x61, 0x78, 0xe0, 0x54, 0x87, 0xfb,
    0xe4, 0x3e, 0x41, 0xf2, 0x1e, 0xd0, 0xff, 0x36,
    0x15, 0x48, 0x0,

    /* U+951D "锝" */
    0xf, 0xfe, 0x26, 0x1b, 0xad, 0x82, 0x6a, 0xf,
    0xc9, 0x58, 0x6b, 0x1, 0xfc, 0x8d, 0x60, 0x9c,
    0xd3, 0xad, 0x87, 0xd7, 0xf9, 0x3c, 0x74, 0xfc,
    0x69, 0xe3, 0xbf, 0x8e, 0xf, 0x77, 0xc7, 0x7,
    0x43, 0x87, 0xf7, 0x2, 0xf, 0x9b, 0x9, 0xb4,
    0x0,

    /* U+95E8 "门" */
    0x10, 0xff, 0xb4, 0xff, 0xc5, 0x1f, 0xf8, 0xcd,
    0xf, 0xff, 0xf8, 0x7f, 0xf6, 0x6f, 0x40,

    /* U+95ED "闭" */
    0x43, 0xfe, 0x70, 0x7f, 0xd1, 0x27, 0xfc, 0x4a,
    0xd, 0x6, 0x43, 0xff, 0x83, 0xfc, 0xf0, 0x6f,
    0xa1, 0xe0, 0xfa, 0x81, 0xf9, 0xf2, 0x1f, 0x5e,
    0xf, 0xee, 0x2, 0x1f, 0x20, 0xec, 0x3f, 0xbc,
    0x9f, 0x83, 0xf7, 0x90,

    /* U+95F2 "闲" */
    0x10, 0xff, 0xa4, 0xff, 0xc7, 0x1f, 0xf1, 0x18,
    0x14, 0x1c, 0x87, 0xff, 0x6, 0xf5, 0x3d, 0x6,
    0xbc, 0xb, 0x83, 0xda, 0xa0, 0xfa, 0x9f, 0x83,
    0xa1, 0xa, 0x81, 0xa8, 0x19, 0x83, 0xff, 0x8e,
    0xa1, 0xf2,

    /* U+95F4 "间" */
    0xf, 0xfe, 0xe, 0xf, 0xfa, 0x24, 0xff, 0x89,
    0x41, 0xfc, 0x82, 0xfc, 0x1f, 0x3f, 0x21, 0xff,
    0xc8, 0xf9, 0xf, 0xdf, 0x21, 0xff, 0xc7, 0x7e,
    0x43, 0xeb, 0xf0, 0x7f, 0xf0, 0x7e,

    /* U+961F "队" */
    0xf, 0x98, 0x37, 0xe8, 0x3f, 0xbc, 0xe1, 0xff,
    0x28, 0x3f, 0xcc, 0x1f, 0xfc, 0xc, 0x2d, 0xf,
    0x22, 0x1f, 0xf7, 0x80, 0x88, 0x7f, 0xd6, 0x1d,
    0x51, 0x2c, 0x1d, 0x62, 0xa2, 0xc3, 0xea, 0x1,
    0x50, 0x77, 0x90, 0xa1, 0xc2, 0xc3, 0xd2,

    /* U+9650 "限" */
    0xf, 0xfe, 0xf, 0xe3, 0xfc, 0x17, 0x82, 0xfc,
    0x1d, 0x40, 0x56, 0xe, 0x50, 0x2b, 0x7, 0x48,
    0x7f, 0xcc, 0xf, 0xc1, 0xfd, 0xd3, 0xc1, 0xfc,
    0xc6, 0x85, 0xc1, 0x9f, 0x21, 0x68, 0x68, 0x3f,
    0xcc, 0xda, 0x1c, 0x9c, 0xaf, 0x18, 0x4f, 0x6,
    0x80,

    /* U+9664 "除" */
    0xf, 0xc8, 0x6f, 0xc1, 0x50, 0x3b, 0xa0, 0x23,
    0xc8, 0x69, 0x32, 0x3a, 0x4, 0x92, 0x54, 0xe1,
    0xd5, 0x6d, 0x10, 0xa8, 0x12, 0x1f, 0x9b, 0xe3,
    0xe4, 0x35, 0xf1, 0xf2, 0x3c, 0x48, 0x58, 0x4e,
    0xb8, 0x2a, 0x7, 0x58, 0x64, 0x43, 0x67, 0x90,
    0x4e, 0x1d, 0xe8, 0x30,

    /* U+9690 "隐" */
    0xf, 0xfe, 0xf, 0xe0, 0x7a, 0x88, 0x5e, 0x4a,
    0x72, 0x1c, 0xf0, 0x8b, 0x6, 0xd8, 0xa6, 0x58,
    0x7a, 0xbc, 0x1a, 0x85, 0x78, 0x39, 0x2b, 0xc1,
    0xf5, 0x7c, 0x17, 0x16, 0xb, 0x42, 0xdc, 0xa6,
    0x90, 0x72, 0x12, 0xb1, 0x9, 0x81, 0xfa, 0x70,
    0x20, 0xfc, 0x80,

    /* U+969C "障" */
    0xf, 0xc8, 0x6f, 0xcf, 0xd7, 0x90, 0x72, 0xb3,
    0xce, 0x85, 0xd4, 0x51, 0xa0, 0x77, 0xaf, 0x5e,
    0xe, 0x6f, 0xd2, 0x15, 0x1, 0x58, 0x3c, 0x81,
    0x70, 0x72, 0x17, 0xe0, 0xee, 0x3a, 0x36, 0x1a,
    0x7f, 0x1f, 0x7, 0x7e, 0x3e, 0xf, 0xfe, 0x10,

    /* U+9700 "需" */
    0x7, 0xff, 0x82, 0x6b, 0x2a, 0xb2, 0x9, 0x70,
    0x17, 0x41, 0xa8, 0xfa, 0xa0, 0xdb, 0xe0, 0xbe,
    0x70, 0x97, 0x1, 0x70, 0x5f, 0xd4, 0xfe, 0x7,
    0xf1, 0xfe, 0xb, 0xf1, 0xfc, 0x86, 0xf1, 0xe3,
    0xc8, 0x7f, 0xf3, 0x12, 0x50, 0x58, 0x30, 0x45,
    0x80,

    /* U+9879 "项" */
    0xe, 0xbf, 0xe1, 0xbd, 0x4f, 0x4f, 0xc3, 0x34,
    0x3d, 0x3e, 0xf, 0xef, 0xc8, 0x7f, 0xd8, 0x7f,
    0xf5, 0xed, 0xf, 0xce, 0x5a, 0x85, 0x6, 0x79,
    0x4, 0xd3, 0x83, 0xf5, 0x33, 0xc8, 0x7b, 0xe0,
    0xbc, 0x0,

    /* U+988C "颌" */
    0x9, 0xf, 0xfe, 0xc, 0x8f, 0xf9, 0x5, 0x4a,
    0xf1, 0xf2, 0x43, 0xc5, 0xa, 0x85, 0x40, 0xc7,
    0xbc, 0x8d, 0xf2, 0x7, 0x50, 0x4f, 0xc8, 0x48,
    0x77, 0xf0, 0x7f, 0xbe, 0xf, 0xfe, 0x96, 0xa8,
    0xc2, 0xf8, 0xd, 0x3c, 0x1b, 0xf5, 0x31, 0xf0,
    0x30, 0xd6, 0x1b, 0x0,

    /* U+9963 "饣" */
    0x4, 0x1e, 0x43, 0x92, 0xb1, 0x58, 0x8, 0x81,
    0xbc, 0x66, 0x41, 0xff, 0xcd, 0x43, 0xa8, 0x12,
    0x78, 0x36, 0x80,

    /* U+9A6C "马" */
    0xf, 0xfe, 0x1f, 0xff, 0x6, 0xff, 0xc1, 0xec,
    0x3c, 0x87, 0xfc, 0x87, 0xff, 0x7, 0xf, 0x57,
    0xf0, 0x5d, 0x77, 0xc1, 0xff, 0xc3, 0xff, 0xe0,
    0x67, 0xff, 0x18, 0x7f, 0xf0, 0x14, 0x1f, 0xbe,
    0x43, 0xfb, 0xe8,

    /* U+9C7F "鱿" */
    0x4, 0x87, 0x62, 0x19, 0xa2, 0x1d, 0x4, 0xac,
    0x3e, 0xe0, 0x58, 0xa0, 0xf4, 0x27, 0x9e, 0xf1,
    0xf2, 0xd3, 0x37, 0x8f, 0x90, 0x4c, 0x84, 0xe1,
    0xd3, 0x20, 0x43, 0xff, 0x83, 0xe0, 0xf6, 0xe8,
    0x14, 0x1d, 0x7e, 0x14, 0x19, 0x1a, 0x79, 0xa0,
    0x4e, 0xe, 0xf5, 0x0, 0xf4, 0x14, 0x16, 0x82,
    0xf0,

    /* U+9E1F "鸟" */
    0xf, 0x21, 0xff, 0xc0, 0x83, 0xf3, 0xd1, 0xab,
    0x43, 0x37, 0x59, 0x41, 0xf6, 0x81, 0xf, 0x9c,
    0x64, 0x3f, 0x95, 0x40, 0xe7, 0xff, 0x80, 0xff,
    0xf2, 0x7f, 0xf0, 0x83, 0xff, 0x81, 0x87, 0xfd,
    0x87, 0xfb, 0xc2, 0x1f, 0xde, 0x80,

    /* U+9ED8 "默" */
    0xf, 0xe8, 0x3b, 0xbd, 0x40, 0x90, 0xee, 0x98,
    0x67, 0xf, 0x61, 0xed, 0x9, 0x2, 0x33, 0x4c,
    0xd, 0x18, 0x73, 0xe0, 0x57, 0x84, 0xa, 0x5,
    0x78, 0x2c, 0x35, 0x4d, 0x8b, 0x6, 0xf8, 0x81,
    0xe9, 0xa, 0xee, 0x2, 0xd0, 0x59, 0x67, 0x20,
    0x50, 0xe0, 0xc9, 0x81, 0x41, 0x44, 0x83, 0xd,
    0x80,

    /* U+FF01 "！" */
    0xd, 0x87, 0xff, 0x15, 0x4, 0x8, 0x8, 0x30,

    /* U+FF08 "（" */
    0xa, 0xa, 0xc2, 0x50, 0x28, 0x12, 0x83, 0xf2,
    0x19, 0xf, 0xe4, 0x37, 0x4, 0xa0, 0xde, 0xd,
    0x80,

    /* U+FF09 "）" */
    0x20, 0xdc, 0x12, 0x83, 0x50, 0x25, 0x7, 0xf2,
    0x19, 0xf, 0xe4, 0x2b, 0x9, 0x40, 0xf0, 0x58,
    0x40,

    /* U+FF0C "，" */
    0x9, 0xd4, 0x65, 0xba, 0x40,

    /* U+FF1A "：" */
    0x63, 0x4b, 0xf, 0xfe, 0xb, 0x86, 0x70,

    /* U+FF1B "；" */
    0x18, 0x1a, 0xb, 0xf, 0xfe, 0x13, 0x4, 0xa1,
    0x41, 0x28, 0xf0, 0x30, 0x0,

    /* U+FF1F "？" */
    0x5, 0x41, 0x7a, 0x30, 0x69, 0x8, 0x79, 0xd,
    0x21, 0xa2, 0xc, 0xc1, 0xd0, 0x79, 0xf, 0x41,
    0xca, 0xe, 0x70, 0x80,

    /* U+FF3B "［" */
    0xe8, 0x94, 0x43, 0xff, 0xbb, 0x44,

    /* U+FF3D "］" */
    0x69, 0xb4, 0xf, 0xfe, 0xeb, 0x40
};


/*---------------------
 *  GLYPH DESCRIPTION
 *--------------------*/

static const lv_font_fmt_txt_glyph_dsc_t glyph_dsc[] = {
    {.bitmap_index = 0, .adv_w = 0, .box_w = 0, .box_h = 0, .ofs_x = 0, .ofs_y = 0} /* id = 0 reserved */,
    {.bitmap_index = 0, .adv_w = 224, .box_w = 4, .box_h = 3, .ofs_x = 5, .ofs_y = 4},
    {.bitmap_index = 4, .adv_w = 120, .box_w = 7, .box_h = 1, .ofs_x = 0, .ofs_y = 4},
    {.bitmap_index = 6, .adv_w = 200, .box_w = 12, .box_h = 1, .ofs_x = 0, .ofs_y = 4},
    {.bitmap_index = 9, .adv_w = 224, .box_w = 3, .box_h = 5, .ofs_x = 11, .ofs_y = 8},
    {.bitmap_index = 13, .adv_w = 224, .box_w = 3, .box_h = 5, .ofs_x = 0, .ofs_y = 7},
    {.bitmap_index = 17, .adv_w = 224, .box_w = 6, .box_h = 5, .ofs_x = 8, .ofs_y = 8},
    {.bitmap_index = 25, .adv_w = 224, .box_w = 6, .box_h = 5, .ofs_x = 0, .ofs_y = 7},
    {.bitmap_index = 33, .adv_w = 224, .box_w = 12, .box_h = 2, .ofs_x = 1, .ofs_y = 5},
    {.bitmap_index = 40, .adv_w = 224, .box_w = 0, .box_h = 0, .ofs_x = 0, .ofs_y = 0},
    {.bitmap_index = 40, .adv_w = 224, .box_w = 5, .box_h = 5, .ofs_x = 0, .ofs_y = -1},
    {.bitmap_index = 47, .adv_w = 224, .box_w = 5, .box_h = 5, .ofs_x = 0, .ofs_y = -1},
    {.bitmap_index = 54, .adv_w = 224, .box_w = 6, .box_h = 14, .ofs_x = 8, .ofs_y = -2},
    {.bitmap_index = 75, .adv_w = 224, .box_w = 6, .box_h = 14, .ofs_x = 0, .ofs_y = -2},
    {.bitmap_index = 96, .adv_w = 224, .box_w = 7, .box_h = 14, .ofs_x = 7, .ofs_y = -2},
    {.bitmap_index = 119, .adv_w = 224, .box_w = 7, .box_h = 14, .ofs_x = 0, .ofs_y = -2},
    {.bitmap_index = 142, .adv_w = 224, .box_w = 5, .box_h = 10, .ofs_x = 9, .ofs_y = 2},
    {.bitmap_index = 149, .adv_w = 224, .box_w = 5, .box_h = 10, .ofs_x = 0, .ofs_y = -1},
    {.bitmap_index = 155, .adv_w = 224, .box_w = 6, .box_h = 10, .ofs_x = 8, .ofs_y = 2},
    {.bitmap_index = 165, .adv_w = 224, .box_w = 6, .box_h = 9, .ofs_x = 0, .ofs_y = -1},
    {.bitmap_index = 174, .adv_w = 224, .box_w = 5, .box_h = 14, .ofs_x = 9, .ofs_y = -1},
    {.bitmap_index = 188, .adv_w = 224, .box_w = 5, .box_h = 14, .ofs_x = 0, .ofs_y = -2},
    {.bitmap_index = 202, .adv_w = 224, .box_w = 14, .box_h = 2, .ofs_x = 0, .ofs_y = 4},
    {.bitmap_index = 209, .adv_w = 224, .box_w = 14, .box_h = 13, .ofs_x = 0, .ofs_y = -2},
    {.bitmap_index = 245, .adv_w = 224, .box_w = 14, .box_h = 11, .ofs_x = 0, .ofs_y = 0},
    {.bitmap_index = 265, .adv_w = 224, .box_w = 14, .box_h = 13, .ofs_x = 0, .ofs_y = -1},
    {.bitmap_index = 281, .adv_w = 224, .box_w = 14, .box_h = 12, .ofs_x = 0, .ofs_y = -1},
    {.bitmap_index = 306, .adv_w = 224, .box_w = 14, .box_h = 12, .ofs_x = 0, .ofs_y = -1},
    {.bitmap_index = 336, .adv_w = 224, .box_w = 13, .box_h = 14, .ofs_x = 0, .ofs_y = -2},
    {.bitmap_index = 372, .adv_w = 224, .box_w = 11, .box_h = 13, .ofs_x = 1, .ofs_y = -1},
    {.bitmap_index = 395, .adv_w = 224, .box_w = 12, .box_h = 13, .ofs_x = 1, .ofs_y = -1},
    {.bitmap_index = 426, .adv_w = 224, .box_w = 12, .box_h = 14, .ofs_x = 1, .ofs_y = -2},
    {.bitmap_index = 464, .adv_w = 224, .box_w = 14, .box_h = 13, .ofs_x = 0, .ofs_y = -1},
    {.bitmap_index = 506, .adv_w = 224, .box_w = 14, .box_h = 10, .ofs_x = 0, .ofs_y = 0},
    {.bitmap_index = 519, .adv_w = 224, .box_w = 14, .box_h = 12, .ofs_x = 0, .ofs_y = -1},
    {.bitmap_index = 554, .adv_w = 224, .box_w = 14, .box_h = 14, .ofs_x = 0, .ofs_y = -2},
    {.bitmap_index = 596, .adv_w = 224, .box_w = 14, .box_h = 14, .ofs_x = 0, .ofs_y = -2},
    {.bitmap_index = 641, .adv_w = 224, .box_w = 14, .box_h = 14, .ofs_x = 0, .ofs_y = -2},
    {.bitmap_index = 685, .adv_w = 224, .box_w = 14, .box_h = 14, .ofs_x = 0, .ofs_y = -1},
    {.bitmap_index = 718, .adv_w = 224, .box_w = 14, .box_h = 13, .ofs_x = 0, .ofs_y = -1},
    {.bitmap_index = 749, .adv_w = 224, .box_w = 14, .box_h = 14, .ofs_x = 0, .ofs_y = -1},
    {.bitmap_index = 790, .adv_w = 224, .box_w = 14, .box_h = 13, .ofs_x = 0, .ofs_y = -1},
    {.bitmap_index = 831, .adv_w = 224, .box_w = 14, .box_h = 14, .ofs_x = 0, .ofs_y = -1},
    {.bitmap_index = 869, .adv_w = 224, .box_w = 14, .box_h = 13, .ofs_x = 0, .ofs_y = -1},
    {.bitmap_index = 909, .adv_w = 224, .box_w = 14, .box_h = 14, .ofs_x = 0, .ofs_y = -2},
    {.bitmap_index = 950, .adv_w = 224, .box_w = 14, .box_h = 15, .ofs_x = 0, .ofs_y = -2},
    {.bitmap_index = 997, .adv_w = 224, .box_w = 14, .box_h = 13, .ofs_x = 0, .ofs_y = -1},
    {.bitmap_index = 1032, .adv_w = 224, .box_w = 14, .box_h = 14, .ofs_x = 0, .ofs_y = -1},
    {.bitmap_index = 1076, .adv_w = 224, .box_w = 14, .box_h = 13, .ofs_x = 0, .ofs_y = -1},
    {.bitmap_index = 1118, .adv_w = 224, .box_w = 14, .box_h = 13, .ofs_x = 0, .ofs_y = -1},
    {.bitmap_index = 1162, .adv_w = 224, .box_w = 14, .box_h = 14, .ofs_x = 0, .ofs_y = -2},
    {.bitmap_index = 1210, .adv_w = 224, .box_w = 14, .box_h = 14, .ofs_x = 0, .ofs_y = -2},
    {.bitmap_index = 1253, .adv_w = 224, .box_w = 14, .box_h = 14, .ofs_x = 0, .ofs_y = -2},
    {.bitmap_index = 1295, .adv_w = 224, .box_w = 14, .box_h = 14, .ofs_x = 0, .ofs_y = -1},
    {.bitmap_index = 1334, .adv_w = 224, .box_w = 14, .box_h = 14, .ofs_x = 0, .ofs_y = -2},
    {.bitmap_index = 1375, .adv_w = 224, .box_w = 14, .box_h = 14, .ofs_x = 0, .ofs_y = -2},
    {.bitmap_index = 1417, .adv_w = 224, .box_w = 14, .box_h = 13, .ofs_x = 0, .ofs_y = -1},
    {.bitmap_index = 1457, .adv_w = 224, .box_w = 12, .box_h = 13, .ofs_x = 1, .ofs_y = -1},
    {.bitmap_index = 1488, .adv_w = 224, .box_w = 14, .box_h = 13, .ofs_x = 0, .ofs_y = -1},
    {.bitmap_index = 1533, .adv_w = 224, .box_w = 14, .box_h = 14, .ofs_x = 0, .ofs_y = -2},
    {.bitmap_index = 1576, .adv_w = 224, .box_w = 13, .box_h = 13, .ofs_x = 0, .ofs_y = -2},
    {.bitmap_index = 1616, .adv_w = 224, .box_w = 13, .box_h = 14, .ofs_x = 0, .ofs_y = -2},
    {.bitmap_index = 1656, .adv_w = 224, .box_w = 13, .box_h = 14, .ofs_x = 0, .ofs_y = -2},
    {.bitmap_index = 1694, .adv_w = 224, .box_w = 13, .box_h = 14, .ofs_x = 0, .ofs_y = -2},
    {.bitmap_index = 1735, .adv_w = 224, .box_w = 13, .box_h = 15, .ofs_x = 0, .ofs_y = -2},
    {.bitmap_index = 1777, .adv_w = 224, .box_w = 13, .box_h = 14, .ofs_x = 0, .ofs_y = -2},
    {.bitmap_index = 1817, .adv_w = 224, .box_w = 14, .box_h = 15, .ofs_x = 0, .ofs_y = -2},
    {.bitmap_index = 1864, .adv_w = 224, .box_w = 13, .box_h = 14, .ofs_x = 0, .ofs_y = -2},
    {.bitmap_index = 1899, .adv_w = 224, .box_w = 14, .box_h = 14, .ofs_x = 0, .ofs_y = -2},
    {.bitmap_index = 1945, .adv_w = 224, .box_w = 14, .box_h = 14, .ofs_x = 0, .ofs_y = -2},
    {.bitmap_index = 1990, .adv_w = 224, .box_w = 14, .box_h = 13, .ofs_x = 0, .ofs_y = -1},
    {.bitmap_index = 2027, .adv_w = 224, .box_w = 13, .box_h = 12, .ofs_x = 1, .ofs_y = -1},
    {.bitmap_index = 2058, .adv_w = 224, .box_w = 14, .box_h = 14, .ofs_x = 0, .ofs_y = -2},
    {.bitmap_index = 2105, .adv_w = 224, .box_w = 13, .box_h = 13, .ofs_x = 0, .ofs_y = -1},
    {.bitmap_index = 2135, .adv_w = 224, .box_w = 14, .box_h = 12, .ofs_x = 0, .ofs_y = -1},
    {.bitmap_index = 2175, .adv_w = 224, .box_w = 14, .box_h = 13, .ofs_x = 0, .ofs_y = -2},
    {.bitmap_index = 2218, .adv_w = 224, .box_w = 12, .box_h = 12, .ofs_x = 1, .ofs_y = -1},
    {.bitmap_index = 2234, .adv_w = 224, .box_w = 14, .box_h = 12, .ofs_x = 0, .ofs_y = -1},
    {.bitmap_index = 2263, .adv_w = 224, .box_w = 12, .box_h = 12, .ofs_x = 1, .ofs_y = -1},
    {.bitmap_index = 2291, .adv_w = 224, .box_w = 13, .box_h = 13, .ofs_x = 0, .ofs_y = -1},
    {.bitmap_index = 2325, .adv_w = 224, .box_w = 14, .box_h = 14, .ofs_x = 0, .ofs_y = -2},
    {.bitmap_index = 2365, .adv_w = 224, .box_w = 13, .box_h = 14, .ofs_x = 0, .ofs_y = -2},
    {.bitmap_index = 2401, .adv_w = 224, .box_w = 13, .box_h = 13, .ofs_x = 0, .ofs_y = -2},
    {.bitmap_index = 2438, .adv_w = 224, .box_w = 14, .box_h = 13, .ofs_x = 0, .ofs_y = -1},
    {.bitmap_index = 2475, .adv_w = 224, .box_w = 13, .box_h = 13, .ofs_x = 0, .ofs_y = -1},
    {.bitmap_index = 2512, .adv_w = 224, .box_w = 12, .box_h = 12, .ofs_x = 1, .ofs_y = -1},
    {.bitmap_index = 2543, .adv_w = 224, .box_w = 12, .box_h = 12, .ofs_x = 1, .ofs_y = -1},
    {.bitmap_index = 2566, .adv_w = 224, .box_w = 12, .box_h = 12, .ofs_x = 1, .ofs_y = -1},
    {.bitmap_index = 2595, .adv_w = 224, .box_w = 14, .box_h = 13, .ofs_x = 0, .ofs_y = -1},
    {.bitmap_index = 2630, .adv_w = 224, .box_w = 14, .box_h = 13, .ofs_x = 0, .ofs_y = -1},
    {.bitmap_index = 2670, .adv_w = 224, .box_w = 14, .box_h = 13, .ofs_x = 0, .ofs_y = -1},
    {.bitmap_index = 2710, .adv_w = 224, .box_w = 14, .box_h = 14, .ofs_x = 0, .ofs_y = -1},
    {.bitmap_index = 2752, .adv_w = 224, .box_w = 14, .box_h = 14, .ofs_x = 0, .ofs_y = -2},
    {.bitmap_index = 2797, .adv_w = 224, .box_w = 14, .box_h = 14, .ofs_x = 0, .ofs_y = -1},
    {.bitmap_index = 2843, .adv_w = 224, .box_w = 13, .box_h = 13, .ofs_x = 0, .ofs_y = -1},
    {.bitmap_index = 2877, .adv_w = 224, .box_w = 14, .box_h = 13, .ofs_x = 0, .ofs_y = -1},
    {.bitmap_index = 2914, .adv_w = 224, .box_w = 12, .box_h = 13, .ofs_x = 1, .ofs_y = -1},
    {.bitmap_index = 2945, .adv_w = 224, .box_w = 13, .box_h = 14, .ofs_x = 1, .ofs_y = -2},
    {.bitmap_index = 2988, .adv_w = 224, .box_w = 14, .box_h = 14, .ofs_x = 0, .ofs_y = -2},
    {.bitmap_index = 3030, .adv_w = 224, .box_w = 12, .box_h = 13, .ofs_x = 1, .ofs_y = -1},
    {.bitmap_index = 3065, .adv_w = 224, .box_w = 14, .box_h = 13, .ofs_x = 0, .ofs_y = -1},
    {.bitmap_index = 3107, .adv_w = 224, .box_w = 14, .box_h = 14, .ofs_x = 0, .ofs_y = -1},
    {.bitmap_index = 3150, .adv_w = 224, .box_w = 14, .box_h = 14, .ofs_x = 0, .ofs_y = -2},
    {.bitmap_index = 3191, .adv_w = 224, .box_w = 13, .box_h = 13, .ofs_x = 0, .ofs_y = -1},
    {.bitmap_index = 3232, .adv_w = 224, .box_w = 14, .box_h = 13, .ofs_x = 0, .ofs_y = -1},
    {.bitmap_index = 3268, .adv_w = 224, .box_w = 14, .box_h = 15, .ofs_x = 0, .ofs_y = -2},
    {.bitmap_index = 3319, .adv_w = 224, .box_w = 14, .box_h = 13, .ofs_x = 0, .ofs_y = -2},
    {.bitmap_index = 3361, .adv_w = 224, .box_w = 14, .box_h = 11, .ofs_x = 0, .ofs_y = 0},
    {.bitmap_index = 3378, .adv_w = 224, .box_w = 13, .box_h = 12, .ofs_x = 1, .ofs_y = -1},
    {.bitmap_index = 3406, .adv_w = 224, .box_w = 12, .box_h = 13, .ofs_x = 1, .ofs_y = -1},
    {.bitmap_index = 3443, .adv_w = 224, .box_w = 14, .box_h = 13, .ofs_x = 0, .ofs_y = -1},
    {.bitmap_index = 3486, .adv_w = 224, .box_w = 14, .box_h = 14, .ofs_x = 0, .ofs_y = -2},
    {.bitmap_index = 3526, .adv_w = 224, .box_w = 14, .box_h = 14, .ofs_x = 0, .ofs_y = -2},
    {.bitmap_index = 3570, .adv_w = 224, .box_w = 14, .box_h = 13, .ofs_x = 0, .ofs_y = -1},
    {.bitmap_index = 3612, .adv_w = 224, .box_w = 14, .box_h = 13, .ofs_x = 0, .ofs_y = -1},
    {.bitmap_index = 3655, .adv_w = 224, .box_w = 14, .box_h = 14, .ofs_x = 0, .ofs_y = -2},
    {.bitmap_index = 3705, .adv_w = 224, .box_w = 14, .box_h = 13, .ofs_x = 0, .ofs_y = -2},
    {.bitmap_index = 3737, .adv_w = 224, .box_w = 12, .box_h = 13, .ofs_x = 1, .ofs_y = -1},
    {.bitmap_index = 3768, .adv_w = 224, .box_w = 14, .box_h = 13, .ofs_x = 0, .ofs_y = -1},
    {.bitmap_index = 3810, .adv_w = 224, .box_w = 14, .box_h = 14, .ofs_x = 0, .ofs_y = -2},
    {.bitmap_index = 3856, .adv_w = 224, .box_w = 14, .box_h = 13, .ofs_x = 0, .ofs_y = -1},
    {.bitmap_index = 3901, .adv_w = 224, .box_w = 14, .box_h = 13, .ofs_x = 0, .ofs_y = -1},
    {.bitmap_index = 3944, .adv_w = 224, .box_w = 14, .box_h = 13, .ofs_x = 0, .ofs_y = -1},
    {.bitmap_index = 3980, .adv_w = 224, .box_w = 14, .box_h = 15, .ofs_x = 0, .ofs_y = -2},
    {.bitmap_index = 4028, .adv_w = 224, .box_w = 14, .box_h = 14, .ofs_x = 0, .ofs_y = -1},
    {.bitmap_index = 4075, .adv_w = 224, .box_w = 14, .box_h = 13, .ofs_x = 0, .ofs_y = -1},
    {.bitmap_index = 4118, .adv_w = 224, .box_w = 12, .box_h = 14, .ofs_x = 0, .ofs_y = -1},
    {.bitmap_index = 4148, .adv_w = 224, .box_w = 14, .box_h = 14, .ofs_x = 0, .ofs_y = -2},
    {.bitmap_index = 4188, .adv_w = 224, .box_w = 14, .box_h = 14, .ofs_x = 0, .ofs_y = -2},
    {.bitmap_index = 4222, .adv_w = 224, .box_w = 14, .box_h = 15, .ofs_x = 0, .ofs_y = -2},
    {.bitmap_index = 4265, .adv_w = 224, .box_w = 14, .box_h = 14, .ofs_x = 0, .ofs_y = -2},
    {.bitmap_index = 4304, .adv_w = 224, .box_w = 14, .box_h = 14, .ofs_x = 0, .ofs_y = -2},
    {.bitmap_index = 4342, .adv_w = 224, .box_w = 14, .box_h = 15, .ofs_x = 0, .ofs_y = -2},
    {.bitmap_index = 4391, .adv_w = 224, .box_w = 14, .box_h = 14, .ofs_x = 0, .ofs_y = -2},
    {.bitmap_index = 4439, .adv_w = 224, .box_w = 14, .box_h = 14, .ofs_x = 0, .ofs_y = -2},
    {.bitmap_index = 4480, .adv_w = 224, .box_w = 14, .box_h = 14, .ofs_x = 0, .ofs_y = -2},
    {.bitmap_index = 4527, .adv_w = 224, .box_w = 14, .box_h = 14, .ofs_x = 0, .ofs_y = -2},
    {.bitmap_index = 4576, .adv_w = 224, .box_w = 14, .box_h = 15, .ofs_x = 0, .ofs_y = -2},
    {.bitmap_index = 4627, .adv_w = 224, .box_w = 14, .box_h = 14, .ofs_x = 0, .ofs_y = -2},
    {.bitmap_index = 4676, .adv_w = 224, .box_w = 14, .box_h = 14, .ofs_x = 0, .ofs_y = -1},
    {.bitmap_index = 4718, .adv_w = 224, .box_w = 14, .box_h = 13, .ofs_x = 0, .ofs_y = -1},
    {.bitmap_index = 4759, .adv_w = 224, .box_w = 14, .box_h = 13, .ofs_x = 0, .ofs_y = -1},
    {.bitmap_index = 4800, .adv_w = 224, .box_w = 14, .box_h = 14, .ofs_x = 0, .ofs_y = -2},
    {.bitmap_index = 4849, .adv_w = 224, .box_w = 14, .box_h = 14, .ofs_x = 0, .ofs_y = -2},
    {.bitmap_index = 4897, .adv_w = 224, .box_w = 14, .box_h = 13, .ofs_x = 0, .ofs_y = -1},
    {.bitmap_index = 4942, .adv_w = 224, .box_w = 14, .box_h = 14, .ofs_x = 0, .ofs_y = -2},
    {.bitmap_index = 4985, .adv_w = 224, .box_w = 13, .box_h = 15, .ofs_x = 1, .ofs_y = -2},
    {.bitmap_index = 5029, .adv_w = 224, .box_w = 14, .box_h = 13, .ofs_x = 0, .ofs_y = -1},
    {.bitmap_index = 5073, .adv_w = 224, .box_w = 14, .box_h = 13, .ofs_x = 0, .ofs_y = -2},
    {.bitmap_index = 5111, .adv_w = 224, .box_w = 10, .box_h = 12, .ofs_x = 2, .ofs_y = -1},
    {.bitmap_index = 5128, .adv_w = 224, .box_w = 13, .box_h = 13, .ofs_x = 1, .ofs_y = -1},
    {.bitmap_index = 5164, .adv_w = 224, .box_w = 12, .box_h = 13, .ofs_x = 1, .ofs_y = -2},
    {.bitmap_index = 5196, .adv_w = 224, .box_w = 14, .box_h = 12, .ofs_x = 0, .ofs_y = -1},
    {.bitmap_index = 5233, .adv_w = 224, .box_w = 14, .box_h = 13, .ofs_x = 0, .ofs_y = -1},
    {.bitmap_index = 5276, .adv_w = 224, .box_w = 14, .box_h = 12, .ofs_x = 0, .ofs_y = -1},
    {.bitmap_index = 5314, .adv_w = 224, .box_w = 12, .box_h = 13, .ofs_x = 0, .ofs_y = -2},
    {.bitmap_index = 5342, .adv_w = 224, .box_w = 14, .box_h = 13, .ofs_x = 0, .ofs_y = -1},
    {.bitmap_index = 5378, .adv_w = 224, .box_w = 14, .box_h = 13, .ofs_x = 0, .ofs_y = -2},
    {.bitmap_index = 5422, .adv_w = 224, .box_w = 13, .box_h = 14, .ofs_x = 0, .ofs_y = -2},
    {.bitmap_index = 5465, .adv_w = 224, .box_w = 14, .box_h = 13, .ofs_x = 0, .ofs_y = -1},
    {.bitmap_index = 5501, .adv_w = 224, .box_w = 14, .box_h = 13, .ofs_x = 0, .ofs_y = -1},
    {.bitmap_index = 5538, .adv_w = 224, .box_w = 14, .box_h = 14, .ofs_x = 0, .ofs_y = -2},
    {.bitmap_index = 5584, .adv_w = 224, .box_w = 14, .box_h = 13, .ofs_x = 0, .ofs_y = -1},
    {.bitmap_index = 5627, .adv_w = 224, .box_w = 14, .box_h = 13, .ofs_x = 0, .ofs_y = -1},
    {.bitmap_index = 5668, .adv_w = 224, .box_w = 14, .box_h = 14, .ofs_x = 0, .ofs_y = -2},
    {.bitmap_index = 5714, .adv_w = 224, .box_w = 14, .box_h = 13, .ofs_x = 0, .ofs_y = -1},
    {.bitmap_index = 5753, .adv_w = 224, .box_w = 14, .box_h = 14, .ofs_x = 0, .ofs_y = -1},
    {.bitmap_index = 5798, .adv_w = 224, .box_w = 14, .box_h = 15, .ofs_x = 0, .ofs_y = -2},
    {.bitmap_index = 5848, .adv_w = 224, .box_w = 14, .box_h = 14, .ofs_x = 0, .ofs_y = -1},
    {.bitmap_index = 5895, .adv_w = 224, .box_w = 14, .box_h = 15, .ofs_x = 0, .ofs_y = -2},
    {.bitmap_index = 5946, .adv_w = 224, .box_w = 14, .box_h = 14, .ofs_x = 0, .ofs_y = -2},
    {.bitmap_index = 5992, .adv_w = 224, .box_w = 14, .box_h = 12, .ofs_x = 0, .ofs_y = -1},
    {.bitmap_index = 6019, .adv_w = 224, .box_w = 14, .box_h = 14, .ofs_x = 0, .ofs_y = -2},
    {.bitmap_index = 6055, .adv_w = 224, .box_w = 14, .box_h = 14, .ofs_x = 0, .ofs_y = -2},
    {.bitmap_index = 6098, .adv_w = 224, .box_w = 14, .box_h = 13, .ofs_x = 0, .ofs_y = -1},
    {.bitmap_index = 6141, .adv_w = 224, .box_w = 14, .box_h = 13, .ofs_x = 0, .ofs_y = -1},
    {.bitmap_index = 6184, .adv_w = 224, .box_w = 14, .box_h = 13, .ofs_x = 0, .ofs_y = -1},
    {.bitmap_index = 6229, .adv_w = 224, .box_w = 14, .box_h = 13, .ofs_x = 0, .ofs_y = -1},
    {.bitmap_index = 6270, .adv_w = 224, .box_w = 13, .box_h = 13, .ofs_x = 0, .ofs_y = -1},
    {.bitmap_index = 6311, .adv_w = 224, .box_w = 14, .box_h = 13, .ofs_x = 0, .ofs_y = -1},
    {.bitmap_index = 6356, .adv_w = 224, .box_w = 14, .box_h = 13, .ofs_x = 0, .ofs_y = -1},
    {.bitmap_index = 6399, .adv_w = 224, .box_w = 14, .box_h = 13, .ofs_x = 0, .ofs_y = -1},
    {.bitmap_index = 6443, .adv_w = 224, .box_w = 14, .box_h = 13, .ofs_x = 0, .ofs_y = -1},
    {.bitmap_index = 6490, .adv_w = 224, .box_w = 14, .box_h = 13, .ofs_x = 0, .ofs_y = -2},
    {.bitmap_index = 6530, .adv_w = 224, .box_w = 14, .box_h = 15, .ofs_x = 0, .ofs_y = -2},
    {.bitmap_index = 6578, .adv_w = 224, .box_w = 14, .box_h = 13, .ofs_x = 0, .ofs_y = -1},
    {.bitmap_index = 6614, .adv_w = 224, .box_w = 13, .box_h = 13, .ofs_x = 0, .ofs_y = -2},
    {.bitmap_index = 6648, .adv_w = 224, .box_w = 13, .box_h = 13, .ofs_x = 1, .ofs_y = -1},
    {.bitmap_index = 6681, .adv_w = 224, .box_w = 12, .box_h = 12, .ofs_x = 1, .ofs_y = -1},
    {.bitmap_index = 6712, .adv_w = 224, .box_w = 13, .box_h = 13, .ofs_x = 1, .ofs_y = -1},
    {.bitmap_index = 6752, .adv_w = 224, .box_w = 13, .box_h = 13, .ofs_x = 1, .ofs_y = -1},
    {.bitmap_index = 6792, .adv_w = 224, .box_w = 14, .box_h = 13, .ofs_x = 0, .ofs_y = -1},
    {.bitmap_index = 6834, .adv_w = 224, .box_w = 12, .box_h = 15, .ofs_x = 1, .ofs_y = -2},
    {.bitmap_index = 6873, .adv_w = 224, .box_w = 10, .box_h = 12, .ofs_x = 2, .ofs_y = -1},
    {.bitmap_index = 6897, .adv_w = 224, .box_w = 13, .box_h = 14, .ofs_x = 0, .ofs_y = -2},
    {.bitmap_index = 6937, .adv_w = 224, .box_w = 14, .box_h = 14, .ofs_x = 0, .ofs_y = -2},
    {.bitmap_index = 6981, .adv_w = 224, .box_w = 14, .box_h = 12, .ofs_x = 0, .ofs_y = -1},
    {.bitmap_index = 7014, .adv_w = 224, .box_w = 14, .box_h = 15, .ofs_x = 0, .ofs_y = -2},
    {.bitmap_index = 7061, .adv_w = 224, .box_w = 14, .box_h = 13, .ofs_x = 0, .ofs_y = -1},
    {.bitmap_index = 7104, .adv_w = 224, .box_w = 12, .box_h = 13, .ofs_x = 1, .ofs_y = -1},
    {.bitmap_index = 7135, .adv_w = 224, .box_w = 12, .box_h = 14, .ofs_x = 1, .ofs_y = -1},
    {.bitmap_index = 7172, .adv_w = 224, .box_w = 14, .box_h = 13, .ofs_x = 0, .ofs_y = -1},
    {.bitmap_index = 7211, .adv_w = 224, .box_w = 14, .box_h = 13, .ofs_x = 0, .ofs_y = -1},
    {.bitmap_index = 7251, .adv_w = 224, .box_w = 14, .box_h = 14, .ofs_x = 0, .ofs_y = -2},
    {.bitmap_index = 7296, .adv_w = 224, .box_w = 14, .box_h = 14, .ofs_x = 0, .ofs_y = -1},
    {.bitmap_index = 7341, .adv_w = 224, .box_w = 13, .box_h = 13, .ofs_x = 1, .ofs_y = -1},
    {.bitmap_index = 7383, .adv_w = 224, .box_w = 8, .box_h = 13, .ofs_x = 0, .ofs_y = -1},
    {.bitmap_index = 7411, .adv_w = 224, .box_w = 14, .box_h = 14, .ofs_x = 0, .ofs_y = -2},
    {.bitmap_index = 7460, .adv_w = 224, .box_w = 14, .box_h = 13, .ofs_x = 0, .ofs_y = -1},
    {.bitmap_index = 7507, .adv_w = 224, .box_w = 14, .box_h = 13, .ofs_x = 0, .ofs_y = -1},
    {.bitmap_index = 7550, .adv_w = 224, .box_w = 14, .box_h = 14, .ofs_x = 0, .ofs_y = -2},
    {.bitmap_index = 7600, .adv_w = 224, .box_w = 14, .box_h = 13, .ofs_x = 0, .ofs_y = -1},
    {.bitmap_index = 7646, .adv_w = 224, .box_w = 14, .box_h = 15, .ofs_x = 0, .ofs_y = -2},
    {.bitmap_index = 7694, .adv_w = 224, .box_w = 14, .box_h = 12, .ofs_x = 0, .ofs_y = -1},
    {.bitmap_index = 7731, .adv_w = 224, .box_w = 14, .box_h = 13, .ofs_x = 0, .ofs_y = -1},
    {.bitmap_index = 7769, .adv_w = 224, .box_w = 14, .box_h = 14, .ofs_x = 0, .ofs_y = -2},
    {.bitmap_index = 7813, .adv_w = 224, .box_w = 14, .box_h = 13, .ofs_x = 0, .ofs_y = -1},
    {.bitmap_index = 7853, .adv_w = 224, .box_w = 14, .box_h = 13, .ofs_x = 0, .ofs_y = -1},
    {.bitmap_index = 7889, .adv_w = 224, .box_w = 14, .box_h = 13, .ofs_x = 0, .ofs_y = -1},
    {.bitmap_index = 7931, .adv_w = 224, .box_w = 14, .box_h = 13, .ofs_x = 0, .ofs_y = -1},
    {.bitmap_index = 7977, .adv_w = 224, .box_w = 14, .box_h = 14, .ofs_x = 0, .ofs_y = -2},
    {.bitmap_index = 8010, .adv_w = 224, .box_w = 14, .box_h = 13, .ofs_x = 0, .ofs_y = -1},
    {.bitmap_index = 8045, .adv_w = 224, .box_w = 14, .box_h = 14, .ofs_x = 0, .ofs_y = -2},
    {.bitmap_index = 8090, .adv_w = 224, .box_w = 14, .box_h = 14, .ofs_x = 0, .ofs_y = -2},
    {.bitmap_index = 8137, .adv_w = 224, .box_w = 14, .box_h = 13, .ofs_x = 0, .ofs_y = -2},
    {.bitmap_index = 8181, .adv_w = 224, .box_w = 12, .box_h = 14, .ofs_x = 1, .ofs_y = -2},
    {.bitmap_index = 8221, .adv_w = 224, .box_w = 14, .box_h = 15, .ofs_x = 0, .ofs_y = -2},
    {.bitmap_index = 8269, .adv_w = 224, .box_w = 8, .box_h = 13, .ofs_x = 0, .ofs_y = -1},
    {.bitmap_index = 8288, .adv_w = 224, .box_w = 14, .box_h = 14, .ofs_x = 0, .ofs_y = -2},
    {.bitmap_index = 8329, .adv_w = 224, .box_w = 14, .box_h = 14, .ofs_x = 0, .ofs_y = -2},
    {.bitmap_index = 8375, .adv_w = 224, .box_w = 14, .box_h = 13, .ofs_x = 0, .ofs_y = -1},
    {.bitmap_index = 8413, .adv_w = 224, .box_w = 14, .box_h = 13, .ofs_x = 0, .ofs_y = -1},
    {.bitmap_index = 8455, .adv_w = 224, .box_w = 14, .box_h = 14, .ofs_x = 0, .ofs_y = -2},
    {.bitmap_index = 8501, .adv_w = 224, .box_w = 14, .box_h = 14, .ofs_x = 0, .ofs_y = -2},
    {.bitmap_index = 8544, .adv_w = 224, .box_w = 14, .box_h = 13, .ofs_x = 0, .ofs_y = -1},
    {.bitmap_index = 8581, .adv_w = 224, .box_w = 14, .box_h = 13, .ofs_x = 0, .ofs_y = -1},
    {.bitmap_index = 8624, .adv_w = 224, .box_w = 14, .box_h = 14, .ofs_x = 0, .ofs_y = -2},
    {.bitmap_index = 8669, .adv_w = 224, .box_w = 14, .box_h = 13, .ofs_x = 0, .ofs_y = -1},
    {.bitmap_index = 8711, .adv_w = 224, .box_w = 14, .box_h = 14, .ofs_x = 0, .ofs_y = -2},
    {.bitmap_index = 8756, .adv_w = 224, .box_w = 14, .box_h = 15, .ofs_x = 0, .ofs_y = -2},
    {.bitmap_index = 8809, .adv_w = 224, .box_w = 14, .box_h = 13, .ofs_x = 0, .ofs_y = -1},
    {.bitmap_index = 8854, .adv_w = 224, .box_w = 14, .box_h = 14, .ofs_x = 0, .ofs_y = -2},
    {.bitmap_index = 8902, .adv_w = 224, .box_w = 14, .box_h = 13, .ofs_x = 0, .ofs_y = -1},
    {.bitmap_index = 8942, .adv_w = 224, .box_w = 14, .box_h = 14, .ofs_x = 0, .ofs_y = -2},
    {.bitmap_index = 8986, .adv_w = 224, .box_w = 14, .box_h = 14, .ofs_x = 0, .ofs_y = -2},
    {.bitmap_index = 9029, .adv_w = 224, .box_w = 14, .box_h = 15, .ofs_x = 0, .ofs_y = -2},
    {.bitmap_index = 9075, .adv_w = 224, .box_w = 14, .box_h = 14, .ofs_x = 0, .ofs_y = -2},
    {.bitmap_index = 9121, .adv_w = 224, .box_w = 14, .box_h = 14, .ofs_x = 0, .ofs_y = -2},
    {.bitmap_index = 9168, .adv_w = 224, .box_w = 14, .box_h = 14, .ofs_x = 0, .ofs_y = -2},
    {.bitmap_index = 9211, .adv_w = 224, .box_w = 14, .box_h = 13, .ofs_x = 0, .ofs_y = -1},
    {.bitmap_index = 9253, .adv_w = 224, .box_w = 14, .box_h = 12, .ofs_x = 0, .ofs_y = -1},
    {.bitmap_index = 9290, .adv_w = 224, .box_w = 13, .box_h = 13, .ofs_x = 0, .ofs_y = -1},
    {.bitmap_index = 9328, .adv_w = 224, .box_w = 14, .box_h = 13, .ofs_x = 0, .ofs_y = -1},
    {.bitmap_index = 9366, .adv_w = 224, .box_w = 14, .box_h = 13, .ofs_x = 0, .ofs_y = -1},
    {.bitmap_index = 9408, .adv_w = 224, .box_w = 14, .box_h = 13, .ofs_x = 0, .ofs_y = -1},
    {.bitmap_index = 9451, .adv_w = 224, .box_w = 14, .box_h = 13, .ofs_x = 0, .ofs_y = -1},
    {.bitmap_index = 9492, .adv_w = 224, .box_w = 12, .box_h = 13, .ofs_x = 1, .ofs_y = -1},
    {.bitmap_index = 9507, .adv_w = 224, .box_w = 12, .box_h = 14, .ofs_x = 1, .ofs_y = -2},
    {.bitmap_index = 9543, .adv_w = 224, .box_w = 12, .box_h = 13, .ofs_x = 1, .ofs_y = -1},
    {.bitmap_index = 9577, .adv_w = 224, .box_w = 12, .box_h = 13, .ofs_x = 1, .ofs_y = -1},
    {.bitmap_index = 9607, .adv_w = 224, .box_w = 13, .box_h = 14, .ofs_x = 1, .ofs_y = -2},
    {.bitmap_index = 9646, .adv_w = 224, .box_w = 13, .box_h = 14, .ofs_x = 1, .ofs_y = -2},
    {.bitmap_index = 9687, .adv_w = 224, .box_w = 13, .box_h = 14, .ofs_x = 1, .ofs_y = -2},
    {.bitmap_index = 9731, .adv_w = 224, .box_w = 13, .box_h = 14, .ofs_x = 1, .ofs_y = -2},
    {.bitmap_index = 9774, .adv_w = 224, .box_w = 13, .box_h = 13, .ofs_x = 1, .ofs_y = -1},
    {.bitmap_index = 9814, .adv_w = 224, .box_w = 14, .box_h = 13, .ofs_x = 0, .ofs_y = -2},
    {.bitmap_index = 9855, .adv_w = 224, .box_w = 14, .box_h = 12, .ofs_x = 0, .ofs_y = -1},
    {.bitmap_index = 9889, .adv_w = 224, .box_w = 14, .box_h = 14, .ofs_x = 0, .ofs_y = -2},
    {.bitmap_index = 9933, .adv_w = 224, .box_w = 7, .box_h = 13, .ofs_x = 1, .ofs_y = -1},
    {.bitmap_index = 9952, .adv_w = 224, .box_w = 13, .box_h = 14, .ofs_x = 0, .ofs_y = -2},
    {.bitmap_index = 9987, .adv_w = 224, .box_w = 14, .box_h = 14, .ofs_x = 0, .ofs_y = -2},
    {.bitmap_index = 10036, .adv_w = 224, .box_w = 13, .box_h = 14, .ofs_x = 0, .ofs_y = -2},
    {.bitmap_index = 10074, .adv_w = 224, .box_w = 14, .box_h = 14, .ofs_x = 0, .ofs_y = -2},
    {.bitmap_index = 10123, .adv_w = 224, .box_w = 3, .box_h = 12, .ofs_x = 2, .ofs_y = -1},
    {.bitmap_index = 10131, .adv_w = 224, .box_w = 5, .box_h = 14, .ofs_x = 9, .ofs_y = -2},
    {.bitmap_index = 10148, .adv_w = 224, .box_w = 5, .box_h = 14, .ofs_x = 0, .ofs_y = -2},
    {.bitmap_index = 10165, .adv_w = 224, .box_w = 3, .box_h = 6, .ofs_x = 2, .ofs_y = -2},
    {.bitmap_index = 10170, .adv_w = 224, .box_w = 3, .box_h = 10, .ofs_x = 2, .ofs_y = -1},
    {.bitmap_index = 10177, .adv_w = 224, .box_w = 4, .box_h = 12, .ofs_x = 1, .ofs_y = -3},
    {.bitmap_index = 10190, .adv_w = 224, .box_w = 7, .box_h = 12, .ofs_x = 0, .ofs_y = -1},
    {.bitmap_index = 10210, .adv_w = 224, .box_w = 4, .box_h = 13, .ofs_x = 10, .ofs_y = -1},
    {.bitmap_index = 10216, .adv_w = 224, .box_w = 4, .box_h = 13, .ofs_x = 0, .ofs_y = -1}
};

/*---------------------
 *  CHARACTER MAPPING
 *--------------------*/

static const uint16_t unicode_list_0[] = {
    0x0, 0x1f5c, 0x1f5d, 0x1f61, 0x1f62, 0x1f65, 0x1f66, 0x1f6f,
    0x2f49, 0x2f4a, 0x2f4b, 0x2f51, 0x2f52, 0x2f53, 0x2f54, 0x2f55,
    0x2f56, 0x2f57, 0x2f58, 0x2f59, 0x2f5a, 0x4d49, 0x4d50, 0x4d52,
    0x4d53, 0x4d54, 0x4d56, 0x4d57, 0x4d76, 0x4d7b, 0x4d83, 0x4dd4,
    0x4dd5, 0x4ddd, 0x4df7, 0x4e0e, 0x4e2d, 0x4e3f, 0x4e44, 0x4e62,
    0x4e63, 0x4e7d, 0x4e96, 0x4e9e, 0x4ea2, 0x4ea5, 0x4ec8, 0x4f26,
    0x4f37, 0x4ff1, 0x508a, 0x50ae, 0x50b1, 0x50b6, 0x50bc, 0x50bf,
    0x50ce, 0x510f, 0x514f, 0x5150, 0x5160, 0x5169, 0x5179, 0x517f,
    0x5180, 0x5196, 0x51e9, 0x51ea, 0x51f1, 0x524e, 0x5283, 0x5298,
    0x52b9, 0x5313, 0x531f, 0x532c, 0x5338, 0x5355, 0x5356, 0x5357,
    0x5378, 0x53b1, 0x53c6, 0x53d5, 0x5624, 0x5627, 0x5643, 0x5671,
    0x5850, 0x5856, 0x585f, 0x587a, 0x5914, 0x5aa0, 0x5aa1, 0x5acc,
    0x5ad2, 0x5ad5, 0x5aea, 0x5b02, 0x5b0f, 0x5b42, 0x5b4f, 0x5b5a,
    0x5b7a, 0x5b98, 0x5d2e, 0x5d3b, 0x5d81, 0x5d9e, 0x5dbf, 0x5ddc,
    0x5ddd, 0x5def, 0x5e43, 0x5e49, 0x5e9c, 0x5e9e, 0x5ece, 0x5f46,
    0x5f4a, 0x5f70, 0x5fab, 0x6068, 0x615f, 0x6180, 0x6189, 0x619c,
    0x61b0, 0x61c2, 0x621b, 0x62ab, 0x62ee, 0x62f0, 0x631b, 0x63c1,
    0x63ed, 0x6416, 0x647f, 0x6482, 0x648e, 0x6491, 0x6498, 0x64bd,
    0x64d0, 0x64f6, 0x64f9, 0x6529, 0x652e, 0x653f, 0x6557, 0x6587,
    0x65cb, 0x6649, 0x6651, 0x6652, 0x6656, 0x6668, 0x6673, 0x6675,
    0x668c, 0x66aa, 0x66ae, 0x66cd, 0x672e, 0x6751, 0x676a, 0x6809,
    0x6973, 0x6a6a, 0x6aac, 0x6aad, 0x6aae, 0x6b8b, 0x6bea, 0x6c1e,
    0x6c84, 0x6cd1, 0x6d3a, 0x6d4e, 0x6dd9, 0x6e2a, 0x71a2, 0x71ff,
    0x7468, 0x7471, 0x747e, 0x7484, 0x74a2, 0x74ae, 0x75c4, 0x75cd,
    0x7637, 0x772e, 0x774a, 0x7883, 0x7904, 0x7939, 0x79c3, 0x79e0,
    0x7a14, 0x7a1f, 0x7a38, 0x7a92, 0x7c44, 0x7de8, 0x7df0, 0x7e08,
    0x7e26, 0x7e28, 0x7e33, 0x7e83, 0x7eb7, 0x7f4e, 0x805a, 0x81bb,
    0x81d1, 0x8426, 0x8518, 0x8795, 0x87ae, 0x87b1, 0x880e, 0x88ca,
    0x891b, 0x892f, 0x8ae9, 0x8aed, 0x8af7, 0x8b01, 0x8b07, 0x8b13,
    0x8b1e, 0x8b26, 0x8b38, 0x8b3d, 0x8b40, 0x8c6e, 0x8ec6, 0x8eca,
    0x8edc, 0x8f10, 0x8f19, 0x8f1a, 0x8f22, 0x8f27, 0x8f63, 0x9096,
    0x9116, 0x9118, 0x93e8, 0x9411, 0x9449, 0x9462, 0x9466, 0x9531,
    0x9536, 0x953b, 0x953d, 0x9568, 0x9599, 0x95ad, 0x95d9, 0x95e5,
    0x9649, 0x97c2, 0x97d5, 0x98ac, 0x99b5, 0x9bc8, 0x9d68, 0x9e21,
    0xfe4a, 0xfe51, 0xfe52, 0xfe55, 0xfe63, 0xfe64, 0xfe68, 0xfe84,
    0xfe86
};

/*Collect the unicode lists and glyph_id offsets*/
static const lv_font_fmt_txt_cmap_t cmaps[] =
{
    {
        .range_start = 183, .range_length = 65159, .glyph_id_start = 1,
        .unicode_list = unicode_list_0, .glyph_id_ofs_list = NULL, .list_length = 281, .type = LV_FONT_FMT_TXT_CMAP_SPARSE_TINY
    }
};



/*--------------------
 *  ALL CUSTOM DATA
 *--------------------*/

#if LVGL_VERSION_MAJOR == 8
/*Store all the custom data of the font*/
static  lv_font_fmt_txt_glyph_cache_t cache;
#endif

#if LVGL_VERSION_MAJOR >= 8
static const lv_font_fmt_txt_dsc_t font_dsc = {
#else
static lv_font_fmt_txt_dsc_t font_dsc = {
#endif
    .glyph_bitmap = glyph_bitmap,
    .glyph_dsc = glyph_dsc,
    .cmaps = cmaps,
    .kern_dsc = NULL,
    .kern_scale = 0,
    .cmap_num = 1,
    .bpp = 2,
    .kern_classes = 0,
    .bitmap_format = 1,
#if LVGL_VERSION_MAJOR == 8
    .cache = &cache
#endif
};

extern const lv_font_t lv_font_montserrat_14;


/*-----------------
 *  PUBLIC FONT
 *----------------*/

/*Initialize a public general font descriptor*/
#if LVGL_VERSION_MAJOR >= 8
const lv_font_t ui_font_zh_14 = {
#else
lv_font_t ui_font_zh_14 = {
#endif
    .get_glyph_dsc = lv_font_get_glyph_dsc_fmt_txt,    /*Function pointer to get glyph's data*/
    .get_glyph_bitmap = lv_font_get_bitmap_fmt_txt,    /*Function pointer to get glyph's bitmap*/
    .line_height = 16,          /*The maximum line height required by the font*/
    .base_line = 3,             /*Baseline measured from the bottom of the line*/
#if !(LVGL_VERSION_MAJOR == 6 && LVGL_VERSION_MINOR == 0)
    .subpx = LV_FONT_SUBPX_NONE,
#endif
#if LV_VERSION_CHECK(7, 4, 0) || LVGL_VERSION_MAJOR >= 8
    .underline_position = -2,
    .underline_thickness = 1,
#endif
    .dsc = &font_dsc,          /*The custom font data. Will be accessed by `get_glyph_bitmap/dsc` */
#if LV_VERSION_CHECK(8, 2, 0) || LVGL_VERSION_MAJOR >= 9
    .fallback = &lv_font_montserrat_14,
#endif
    .user_data = NULL,
};



#endif /*#if UI_FONT_ZH_14*/

/*******************************************************************************
 * Size: 12 px
 * Bpp: 2
 ******************************************************************************/

#ifdef LV_LVGL_H_INCLUDE_SIMPLE
#include "lvgl.h"
#else
#include "lvgl.h"
#endif

#ifndef UI_FONT_ZH_12
#define UI_FONT_ZH_12 1
#endif

#if UI_FONT_ZH_12

/*-----------------
 *    BITMAPS
 *----------------*/

/*Store the image of the glyphs*/
static LV_ATTRIBUTE_LARGE_CONST const uint8_t ui_font_zh_12_glyph_bitmap[] = {
    /* U+00B7 "·" */
    0x14, 0xa, 0x7, 0x0,

    /* U+2013 "–" */
    0x6b, 0x80,

    /* U+2014 "—" */
    0x6b, 0xf8,

    /* U+2018 "‘" */
    0xd, 0x7, 0x20,

    /* U+2019 "’" */
    0x11, 0x85, 0x3, 0x0,

    /* U+201C "“" */
    0xf, 0x44, 0x20, 0x45, 0x1,

    /* U+201D "”" */
    0x11, 0x18, 0x96, 0x25, 0x61, 0x0,

    /* U+2026 "…" */
    0x50, 0x14, 0x5, 0x78, 0x1e, 0x7, 0x80,

    /* U+3000 "　" */

    /* U+3001 "、" */
    0x10, 0xdc, 0x14, 0x41, 0x58,

    /* U+3002 "。" */
    0x28, 0xaa, 0x61, 0x9a, 0x60,

    /* U+3008 "〈" */
    0xf, 0xd0, 0x48, 0x6a, 0x2, 0xc0, 0x86, 0xe0,
    0xa8, 0x1c, 0x85, 0x40, 0xd4, 0x9, 0xe, 0x80,

    /* U+3009 "〉" */
    0xf, 0x41, 0xc8, 0x54, 0xd, 0xc1, 0xc8, 0x56,
    0x15, 0x0, 0x86, 0xa0, 0x28, 0x19, 0xa, 0x8,

    /* U+300A "《" */
    0xf, 0xe5, 0x81, 0x3a, 0xd, 0xc1, 0x3a, 0x13,
    0x82, 0x9a, 0xa, 0x90, 0xec, 0x2a, 0x68, 0x67,
    0xa, 0x74, 0x25, 0x80,

    /* U+300B "》" */
    0xf, 0x2c, 0x13, 0xb0, 0x5b, 0x84, 0xec, 0x16,
    0x86, 0x79, 0x3, 0x44, 0x18, 0x67, 0xa0, 0x34,
    0x27, 0x60, 0x2c, 0x10,

    /* U+300C "「" */
    0xea, 0x2a, 0xf, 0xfe, 0x42, 0x10,

    /* U+300D "」" */
    0xa, 0x9, 0xf, 0xfe, 0x45, 0x40,

    /* U+300E "『" */
    0x97, 0x68, 0x79, 0x41, 0xff, 0xc9, 0x42,

    /* U+300F "』" */
    0xa, 0x81, 0x78, 0x3f, 0xf9, 0xb, 0x83, 0x38,

    /* U+3010 "【" */
    0xd, 0xf0, 0x50, 0x48, 0x20, 0xf9, 0x9, 0xf,
    0xa0, 0xc8, 0x50,

    /* U+3011 "】" */
    0x3e, 0x20, 0x90, 0xd0, 0x7c, 0x84, 0x87, 0xd0,
    0x10, 0xa0, 0xbe,

    /* U+4E00 "一" */
    0x3f, 0xfd, 0x0,

    /* U+4E07 "万" */
    0x3f, 0xfc, 0x9f, 0x1f, 0xe4, 0x3f, 0xf8, 0xbf,
    0xc1, 0xe7, 0xf2, 0x1c, 0xe1, 0xfe, 0x90, 0xfe,
    0x50, 0x72, 0x1a, 0x81, 0xfd, 0xe0, 0xa9, 0xc1,
    0x61, 0xa9, 0xa0,

    /* U+4E09 "三" */
    0x1f, 0xfc, 0x81, 0xff, 0xc8, 0x7f, 0xf3, 0xef,
    0xf2, 0x1a, 0xff, 0x21, 0xff, 0xcf, 0xff, 0xf0,

    /* U+4E0A "上" */
    0xe, 0x83, 0xff, 0xc9, 0xf9, 0xf, 0xbf, 0x21,
    0xff, 0xda, 0xac, 0xd7, 0x25, 0x6e, 0xb9,

    /* U+4E0B "下" */
    0x3f, 0xfc, 0x9f, 0xa9, 0xf9, 0xf, 0xfe, 0x35,
    0x3, 0xfd, 0x4e, 0xf, 0xf7, 0xa0, 0xff, 0x30,
    0x7f, 0xf6, 0x40,

    /* U+4E0D "不" */
    0x3f, 0xfc, 0xf, 0xe3, 0xf0, 0x7b, 0x83, 0xfb,
    0x4d, 0xf, 0x76, 0x7a, 0x9, 0xf2, 0x15, 0xe0,
    0x78, 0x3c, 0xc0, 0x83, 0xf2, 0x1f, 0xfc, 0xd0,

    /* U+4E0E "与" */
    0x9, 0xf, 0xf4, 0x1f, 0xc9, 0x5e, 0x42, 0xaf,
    0x90, 0x68, 0x7f, 0xab, 0xf0, 0x2b, 0xef, 0x1f,
    0xf1, 0x83, 0xfe, 0x2, 0x1f, 0xc8, 0x7d, 0xf4,
    0x1f, 0x7c, 0x80,

    /* U+4E2D "中" */
    0xd, 0x7, 0xff, 0xe, 0xf9, 0xfc, 0xaf, 0x9f,
    0x90, 0xff, 0xe5, 0x7c, 0xfc, 0x8f, 0xcf, 0xd3,
    0x7, 0xc8, 0x7f, 0xf2, 0x40,

    /* U+4E32 "串" */
    0xd, 0x87, 0xaa, 0x2b, 0xf, 0x42, 0xa4, 0x1a,
    0x85, 0x80, 0xe1, 0xe8, 0xbe, 0x3f, 0x2a, 0xa2,
    0xaf, 0x7, 0xfd, 0x51, 0xd4, 0x75, 0x1d, 0x38,
    0x3f, 0xc0,

    /* U+4E3A "为" */
    0x2, 0xc, 0x3f, 0x41, 0xfc, 0xe1, 0xfb, 0xd6,
    0x7f, 0x1f, 0x4f, 0xe0, 0xef, 0x21, 0x21, 0x94,
    0x41, 0xe5, 0x8, 0x10, 0xd4, 0x4, 0xc, 0x7c,
    0x1d, 0x83, 0xc1, 0xbc, 0x24, 0x1d, 0xe8,

    /* U+4E8B "事" */
    0xe, 0x60, 0xf5, 0x73, 0x59, 0x20, 0x90, 0xd2,
    0x6, 0x9b, 0x40, 0xe9, 0x58, 0xac, 0x37, 0xc3,
    0xf2, 0x15, 0x5b, 0x40, 0xcb, 0xb1, 0x46, 0x83,
    0xe5, 0x79, 0xd1, 0xaf, 0xc8, 0x75, 0x2, 0x40,

    /* U+4E8C "二" */
    0xf, 0xfe, 0x15, 0x7e, 0x42, 0xaf, 0xc8, 0x7f,
    0xfc, 0xbf, 0xfc, 0x80,

    /* U+4E94 "五" */
    0x1f, 0xfd, 0x1, 0xf8, 0xfd, 0x7, 0xff, 0x15,
    0x41, 0xf9, 0xa3, 0x4d, 0xc, 0xcd, 0x60, 0xfc,
    0x83, 0xf, 0x90, 0xc8, 0x54, 0xca, 0x9e, 0x4a,
    0x7a, 0xaf, 0x48,

    /* U+4EAE "亮" */
    0xf, 0xfe, 0x2a, 0x83, 0xd5, 0xbd, 0x58, 0x16,
    0x1e, 0xe0, 0xba, 0xf6, 0x1b, 0xaf, 0x6, 0x4f,
    0xf9, 0x4, 0xbf, 0xa0, 0x43, 0xd3, 0x4, 0x4,
    0xea, 0x50, 0x86, 0x50, 0x74, 0xa, 0x61, 0x74,
    0xa, 0x81, 0x9e, 0x80,

    /* U+4EC5 "仅" */
    0xf, 0xfe, 0x1c, 0x1f, 0xe4, 0xbf, 0xa0, 0xaa,
    0x7f, 0x5, 0x7, 0xd4, 0x14, 0x16, 0x81, 0xb,
    0x9, 0xc5, 0x1, 0xf, 0x34, 0xf, 0xd5, 0x7,
    0xf4, 0xe1, 0xfa, 0xef, 0x7, 0xa8, 0x8f, 0x20,
    0xc8, 0x3a, 0x40,

    /* U+4EE4 "令" */
    0xf, 0xfe, 0x2d, 0x87, 0xf5, 0xd0, 0x3e, 0xf2,
    0xbc, 0x85, 0x79, 0x95, 0xe8, 0x1e, 0x5, 0x82,
    0xc0, 0xd6, 0x2a, 0x42, 0xaf, 0x38, 0x79, 0x5,
    0x10, 0xfb, 0xe4, 0x3e, 0x70, 0xff, 0xe0, 0x78,
    0x30,

    /* U+4EF6 "件" */
    0xf, 0xfe, 0x1e, 0x26, 0x1e, 0x63, 0xf, 0xd2,
    0xd9, 0xe8, 0x10, 0x3e, 0x3d, 0x8, 0x7f, 0xcc,
    0x8, 0x3f, 0xef, 0x8f, 0x83, 0xbe, 0x3e, 0xf,
    0xfe, 0x7a, 0x1f, 0xc0,

    /* U+4EFB "任" */
    0xf, 0xfe, 0x1e, 0x1d, 0x21, 0x2d, 0x4e, 0xd0,
    0xa8, 0xd0, 0x90, 0xa0, 0xff, 0x21, 0xff, 0xc0,
    0x87, 0xe3, 0xe5, 0x1, 0xf8, 0xf9, 0xf, 0xfe,
    0xe5, 0x4d, 0x40,

    /* U+4F19 "伙" */
    0xf, 0xfe, 0x1e, 0x16, 0x1e, 0x60, 0xff, 0x48,
    0x86, 0x41, 0x1, 0xe, 0x85, 0x3, 0x42, 0x50,
    0xe0, 0x43, 0xa0, 0xec, 0x45, 0x7, 0xee, 0xc3,
    0xf9, 0x42, 0x1f, 0x78, 0xa2, 0x1d, 0x61, 0x79,

    /* U+4F1A "会" */
    0xf, 0x21, 0xfe, 0xf0, 0x7e, 0x6e, 0x88, 0x77,
    0xa0, 0x5e, 0x41, 0xc5, 0x63, 0xc0, 0xda, 0xf1,
    0x2, 0xff, 0xe0, 0x5e, 0x3f, 0xc1, 0xac, 0x2c,
    0x3b, 0x1a, 0x8c, 0x33, 0x9d, 0x3d, 0x0,

    /* U+4F34 "伴" */
    0xf, 0xfe, 0x1e, 0x83, 0x2, 0x12, 0x84, 0x27,
    0xa, 0x8c, 0x15, 0x1, 0x5, 0x5, 0x1, 0xa,
    0xe2, 0xe0, 0x40, 0xa8, 0xa8, 0x43, 0xff, 0x84,
    0xd4, 0x54, 0x84, 0xd4, 0x54, 0x87, 0xff, 0x30,

    /* U+4F4D "位" */
    0xf, 0xfe, 0x1c, 0x16, 0x1e, 0x43, 0x21, 0xea,
    0x3e, 0x7d, 0x1, 0x3, 0xfd, 0xc, 0x14, 0x16,
    0x7, 0xb, 0x43, 0xfe, 0xc0, 0x87, 0xc8, 0x1c,
    0x3f, 0x26, 0x87, 0xec, 0x43, 0xea, 0xcd, 0x10,

    /* U+4F55 "何" */
    0xf, 0xfe, 0x1c, 0x1f, 0xe7, 0xbf, 0xc8, 0x26,
    0xfe, 0x51, 0x7, 0xf9, 0x40, 0xab, 0xc, 0xe1,
    0x51, 0xf, 0xfe, 0x4f, 0x21, 0xfb, 0xd6, 0x1f,
    0x90, 0xff, 0xe1, 0x3f, 0x5, 0x86, 0x7c, 0x80,

    /* U+4F59 "余" */
    0xf, 0xfe, 0x2d, 0x3, 0xfa, 0xac, 0x3c, 0xf0,
    0x3c, 0x85, 0xe6, 0xb3, 0xe4, 0xea, 0xca, 0xb4,
    0x3d, 0x87, 0xaf, 0xa9, 0xf8, 0x17, 0x74, 0xef,
    0x4, 0xe1, 0xb8, 0x2b, 0x83, 0x44, 0xe, 0x28,
    0x15, 0x81, 0x5, 0xa1, 0x20,

    /* U+4F5C "作" */
    0xa, 0x4, 0x1f, 0x20, 0x43, 0xf5, 0x9, 0xfc,
    0x90, 0x27, 0x3e, 0x50, 0x68, 0x15, 0xc, 0x8,
    0x2a, 0x83, 0xff, 0x93, 0x52, 0x1f, 0xaa, 0x43,
    0xff, 0x98,

    /* U+4F7F "使" */
    0xf, 0xfe, 0x1e, 0x16, 0x1e, 0x55, 0x45, 0x48,
    0x2b, 0x8a, 0x92, 0x5, 0x45, 0x42, 0x1a, 0x85,
    0x11, 0x83, 0xff, 0x87, 0x42, 0x88, 0x77, 0xa6,
    0xa0, 0xe7, 0xe0, 0xff, 0x32, 0x1e, 0x6e, 0xcb,
    0x0,

    /* U+4FDD "保" */
    0x9, 0xf, 0xfb, 0xaf, 0x61, 0x50, 0xae, 0xc,
    0x87, 0xfb, 0xa, 0xb8, 0x12, 0xa, 0x9a, 0x65,
    0x3, 0xff, 0x82, 0xd3, 0x3a, 0x21, 0x34, 0x3,
    0x44, 0x3b, 0xc5, 0x87, 0x3e, 0xb, 0xc8, 0x15,
    0x87, 0x68,

    /* U+4FEE "修" */
    0xf, 0xfe, 0x1c, 0x5, 0x7, 0xa8, 0xb, 0xa8,
    0x24, 0x13, 0x4c, 0x28, 0x17, 0x57, 0x8, 0x5b,
    0x4, 0x82, 0x7, 0x77, 0xa, 0xb, 0x89, 0x70,
    0x79, 0xa0, 0x7f, 0x4c, 0xe1, 0xc9, 0x14, 0xc3,
    0xd4, 0x28, 0x0,

    /* U+50A8 "储" */
    0xf, 0xfe, 0x12, 0x83, 0x41, 0xdb, 0x94, 0x68,
    0x1d, 0xb4, 0x70, 0xa0, 0x91, 0x2c, 0x9, 0x65,
    0xab, 0x48, 0x92, 0x6a, 0x44, 0x36, 0x76, 0x1f,
    0x61, 0xfe, 0x5a, 0x88, 0x72, 0x2a, 0x88, 0x76,
    0x8d, 0x10, 0xa0, 0xd0, 0x20,

    /* U+5141 "允" */
    0xe, 0x83, 0xfd, 0x61, 0xfc, 0x88, 0xc1, 0xea,
    0x1, 0x10, 0xda, 0xaa, 0x60, 0xd7, 0x53, 0xe8,
    0x25, 0x7, 0xa0, 0xe4, 0x3f, 0xd6, 0x1e, 0x80,
    0x88, 0x7e, 0xf4, 0x13, 0xf8, 0xe0, 0xd7, 0xc8,

    /* U+5165 "入" */
    0xc, 0x87, 0xfd, 0x21, 0xfe, 0xe0, 0xff, 0x9c,
    0x3f, 0xcb, 0x7, 0xe5, 0x50, 0x3f, 0x50, 0x50,
    0x79, 0x40, 0xa0, 0x73, 0x40, 0xac, 0x26, 0xc3,
    0x36, 0xf, 0x7, 0x99,

    /* U+5168 "全" */
    0xf, 0xfe, 0x2d, 0x3, 0xfa, 0xf4, 0x1f, 0x5a,
    0xb8, 0x3b, 0xc8, 0x1f, 0x23, 0x3d, 0x6d, 0xd5,
    0x5b, 0xd5, 0x90, 0xff, 0xe1, 0x35, 0xf0, 0x66,
    0xbe, 0xf, 0xfe, 0x1d, 0x7f, 0x80,

    /* U+516D "六" */
    0xe, 0x83, 0xfe, 0xe0, 0xff, 0x21, 0xf7, 0xf3,
    0xf9, 0x3f, 0xfc, 0x86, 0x42, 0x43, 0xd0, 0x68,
    0x3c, 0xa0, 0xac, 0x37, 0x6, 0x58, 0x12, 0x83,
    0xa8, 0x14, 0x1f, 0x48,

    /* U+5173 "关" */
    0xf, 0xfe, 0x1e, 0x1b, 0xf, 0x48, 0x14, 0x19,
    0xbd, 0x51, 0x20, 0x6a, 0xce, 0x88, 0x7d, 0x87,
    0xab, 0xfc, 0xa, 0xc0, 0xac, 0x1c, 0xae, 0xf,
    0x9a, 0x1c, 0x19, 0xf8, 0xf, 0x90, 0x7a, 0xc,
    0xe0,

    /* U+5176 "其" */
    0xb, 0xc, 0xa0, 0xa8, 0x57, 0xc0, 0xa1, 0x5f,
    0x7, 0x57, 0x7, 0xd5, 0xc1, 0xf5, 0x70, 0x7d,
    0x5c, 0x1a, 0x85, 0x77, 0x25, 0x32, 0x9d, 0x48,
    0x2f, 0x1, 0xf2, 0xa, 0x68, 0x56, 0x0,

    /* U+5185 "内" */
    0xd, 0x21, 0xff, 0xc2, 0xfc, 0xdf, 0x27, 0xcf,
    0xd0, 0x72, 0x1f, 0x95, 0x7, 0xd5, 0x61, 0xdc,
    0xf, 0x6, 0xd0, 0xb0, 0xff, 0xe3, 0x3c, 0x80,

    /* U+51C6 "准" */
    0xe, 0x85, 0x6, 0xc0, 0xe3, 0x86, 0xa1, 0x74,
    0x68, 0x6, 0x85, 0x4d, 0x2, 0x46, 0x9b, 0x40,
    0x98, 0xa6, 0xd0, 0x28, 0x3f, 0xc8, 0x54, 0xda,
    0x2, 0x80, 0xa6, 0xd0, 0x50, 0x54, 0xda, 0xc,
    0x15, 0x3d, 0x40,

    /* U+5206 "分" */
    0xf, 0xfe, 0x1b, 0x1, 0x41, 0xea, 0x1, 0x83,
    0xa4, 0x35, 0x2, 0x48, 0x32, 0x40, 0x8a, 0xf0,
    0x6e, 0x87, 0x51, 0x7, 0x90, 0xff, 0x21, 0x21,
    0xea, 0x6, 0xc3, 0x42, 0x16, 0x1b, 0xd0, 0x3c,
    0xa0, 0xb4, 0x2f, 0x82,

    /* U+5207 "切" */
    0x6, 0x1f, 0xfc, 0x2b, 0xf9, 0xe, 0xb3, 0xc8,
    0x13, 0x83, 0xca, 0x7, 0x7, 0xca, 0xe, 0x43,
    0xfc, 0xe1, 0xf3, 0x9a, 0x4, 0x8, 0x30, 0xfc,
    0xe9, 0xc1, 0xfd, 0xe0, 0x7a, 0xe, 0xc2, 0xf2,
    0x0,

    /* U+5217 "列" */
    0x3f, 0xa0, 0xb3, 0xa7, 0xa1, 0xd, 0x87, 0x61,
    0x9e, 0xd0, 0xe6, 0xa5, 0x7, 0x48, 0x10, 0xf6,
    0xea, 0xf, 0x9a, 0x83, 0xf9, 0xa, 0xc, 0xf0,
    0x7d, 0x10, 0x67, 0x4, 0x87, 0x3e,

    /* U+5220 "删" */
    0x29, 0x9e, 0x41, 0x2, 0x4a, 0x8, 0x7f, 0xf3,
    0x56, 0xbe, 0xf, 0xfe, 0x1a, 0xd7, 0xc1, 0xf2,
    0x1f, 0xfc, 0x24, 0x3d, 0xa1, 0xcd, 0x2, 0xd2,
    0x12, 0xa2, 0x5, 0x0,

    /* U+5230 "到" */
    0x2f, 0x54, 0x16, 0x4d, 0x39, 0x41, 0xc9, 0x87,
    0xa6, 0x84, 0x1d, 0x75, 0x61, 0xf2, 0x84, 0x3a,
    0xe9, 0xc1, 0xd7, 0x4e, 0xf, 0xf2, 0xc1, 0x35,
    0x83, 0xdf, 0xa4, 0x74, 0x90, 0xe7, 0x80,

    /* U+5236 "制" */
    0xf, 0xfe, 0x2, 0x41, 0xec, 0x97, 0x2, 0x9,
    0xc, 0x86, 0x75, 0xa, 0xf, 0x2b, 0x50, 0x65,
    0xda, 0x83, 0xb5, 0x74, 0xe, 0x5a, 0x81, 0xff,
    0xc1, 0x83, 0xcd, 0x87, 0x40, 0x64, 0xb4, 0x28,
    0x35, 0xc0,

    /* U+5237 "刷" */
    0x2b, 0xb0, 0xb0, 0x56, 0x2, 0x19, 0x70, 0x30,
    0xf4, 0x41, 0xe4, 0x24, 0x3d, 0x5, 0x87, 0xcb,
    0x83, 0xff, 0x97, 0x1, 0xf0, 0x1c, 0x39, 0x40,
    0x50, 0xea, 0xa, 0x9, 0xe0,

    /* U+524D "前" */
    0xa, 0xc, 0xc1, 0xda, 0x15, 0x2, 0xa7, 0xaa,
    0x68, 0x95, 0xfd, 0xa3, 0x56, 0x28, 0xc3, 0x50,
    0x3f, 0xca, 0xf, 0xfe, 0x7a, 0x1d, 0xa8, 0x8,
    0x7e, 0x90, 0x58, 0x4a, 0x28, 0xb, 0x80,

    /* U+52A0 "加" */
    0x4, 0x1f, 0xfc, 0x3a, 0xce, 0xfa, 0x1a, 0x2b,
    0x3c, 0x87, 0xf9, 0xf, 0xfe, 0x32, 0x1f, 0xfc,
    0x8b, 0xf, 0xe5, 0xe, 0xf, 0x14, 0x39, 0x7,
    0x99, 0x3c, 0xc, 0x10,

    /* U+52A1 "务" */
    0xf, 0xfe, 0x26, 0x1f, 0xe8, 0xad, 0x86, 0xca,
    0xc4, 0x13, 0xc5, 0x64, 0x35, 0x33, 0x28, 0x85,
    0xd3, 0x6a, 0xd, 0xd7, 0xc8, 0x1a, 0x6d, 0x42,
    0x1d, 0x40, 0xc8, 0x6e, 0xc, 0x85, 0xda, 0x35,
    0x5, 0xc1, 0x34, 0x40,

    /* U+52A8 "动" */
    0xf, 0xd8, 0x6a, 0xe0, 0xfa, 0xb8, 0x3f, 0xf8,
    0x14, 0x2d, 0x57, 0xab, 0x32, 0x31, 0xd0, 0x42,
    0x40, 0x90, 0x58, 0x67, 0x38, 0xd0, 0xd7, 0x68,
    0x81, 0x5, 0x7c, 0x1c, 0x84, 0x8d, 0xc1, 0xf4,
    0x5a, 0x0,

    /* U+5305 "包" */
    0xf, 0xfe, 0x1e, 0x1f, 0xe4, 0xaf, 0x6, 0xf5,
    0x70, 0x83, 0xc1, 0xf2, 0x35, 0xd8, 0x72, 0x8a,
    0x83, 0xfa, 0xa0, 0x90, 0xea, 0xb7, 0x43, 0xf9,
    0xe4, 0x3f, 0xec, 0x2b, 0xfe, 0x0,

    /* U+533A "区" */
    0xff, 0xf0, 0x3f, 0xf8, 0x29, 0xb, 0xe, 0xa2,
    0x50, 0x3d, 0xcb, 0x7, 0xdd, 0x3, 0xf7, 0x40,
    0xfb, 0x9f, 0x7, 0x72, 0xa, 0x6, 0xd0, 0x98,
    0x2f, 0xfe, 0x40,

    /* U+534F "协" */
    0x6, 0x1a, 0xf, 0xfe, 0x43, 0x46, 0x80, 0x62,
    0x6d, 0x90, 0x31, 0x7, 0x90, 0xe9, 0x30, 0x61,
    0xca, 0xd0, 0x68, 0x4c, 0x1c, 0xe1, 0x2a, 0x80,
    0x48, 0x35, 0x87, 0xf2, 0x25, 0xe0, 0xdb, 0x2,
    0xd0, 0x0,

    /* U+5370 "印" */
    0xc, 0x87, 0xcd, 0x1, 0xfc, 0x54, 0x83, 0xe0,
    0xff, 0xe1, 0x7c, 0x87, 0xdf, 0x21, 0xff, 0xc8,
    0x43, 0xf7, 0x6, 0xb4, 0xb9, 0xa, 0xe1, 0xf,
    0xe0,

    /* U+53CA "及" */
    0x3f, 0xe4, 0x37, 0x8f, 0x94, 0x1f, 0x20, 0x43,
    0xf6, 0x15, 0x10, 0xe4, 0x1d, 0x87, 0x34, 0xa,
    0x42, 0xb5, 0x85, 0x6, 0x51, 0xcf, 0x5, 0x21,
    0x36, 0x12, 0xa1, 0xfe, 0x47, 0x13, 0x4b, 0x0,

    /* U+53D6 "取" */
    0x7d, 0x70, 0x79, 0x5c, 0x5f, 0xc1, 0xf5, 0x3c,
    0x85, 0x40, 0x38, 0x30, 0xa8, 0x1c, 0x86, 0xa0,
    0x74, 0x85, 0x40, 0xad, 0xf, 0x90, 0xa0, 0x2b,
    0x82, 0x98, 0xf, 0xa1, 0x44, 0x41, 0xf7, 0x10,
    0x7b, 0x20, 0xa0,

    /* U+53E3 "口" */
    0xbf, 0xf0, 0x3f, 0xe0, 0xff, 0xf9, 0xff, 0xc1,
    0x7f, 0xc0,

    /* U+53EF "可" */
    0x3f, 0xfc, 0x9f, 0xf9, 0xd0, 0x5f, 0x83, 0xe7,
    0xe4, 0x3f, 0xfa, 0x9f, 0x21, 0xf5, 0xf8, 0x3e,
    0x43, 0xc8, 0x7f, 0x78, 0x20,

    /* U+540C "同" */
    0xff, 0xf1, 0xff, 0x83, 0xff, 0x83, 0x5e, 0xd,
    0x5e, 0xc, 0xd6, 0x43, 0xba, 0x61, 0xff, 0xc4,
    0xab, 0xe, 0x7a, 0x90, 0xfe, 0xa2,

    /* U+540D "名" */
    0xf, 0xfe, 0x14, 0x87, 0xca, 0xab, 0x81, 0x7d,
    0x47, 0x2f, 0x20, 0xb4, 0x95, 0xd3, 0x43, 0xcc,
    0x84, 0xd8, 0xd5, 0x82, 0x2b, 0x80, 0x87, 0xff,
    0x2, 0xb8, 0x3a, 0xb8,

    /* U+540E "后" */
    0xf, 0x2a, 0x88, 0x5d, 0x40, 0xa2, 0x1a, 0xa5,
    0x7, 0xdf, 0xfa, 0xb, 0xff, 0x41, 0xff, 0xc2,
    0x4e, 0xbb, 0x2, 0x15, 0x70, 0x5e, 0xf, 0xf2,
    0x81, 0x5c, 0x14, 0x15, 0x70, 0x0,

    /* U+542F "启" */
    0xf, 0x21, 0xfe, 0x83, 0xdd, 0x4d, 0x58, 0x55,
    0xf0, 0x6f, 0xf8, 0x37, 0xfe, 0x2, 0xab, 0xe0,
    0xdd, 0x72, 0x38, 0x7f, 0x49, 0x5e, 0x2, 0xa,
    0xf0, 0x21, 0x41, 0xd8,

    /* U+5468 "周" */
    0x7, 0xff, 0x5, 0xf5, 0xf0, 0x75, 0x70, 0x7a,
    0x8d, 0x3, 0x9a, 0x34, 0x42, 0x55, 0x3a, 0x21,
    0xd5, 0xc1, 0xf5, 0x41, 0x9c, 0x3f, 0xa4, 0x6a,
    0xc2, 0x41, 0xd5, 0xe4, 0x83, 0xd7, 0x0,

    /* U+547D "命" */
    0xf, 0xfe, 0x2e, 0x87, 0xf5, 0x34, 0x3c, 0xf3,
    0x70, 0x4f, 0x9a, 0x9f, 0x43, 0xd7, 0x6f, 0x2,
    0xac, 0xab, 0xd, 0x40, 0xa8, 0x87, 0xff, 0x12,
    0x88, 0x52, 0x1a, 0xa0, 0xac, 0x28, 0x3f, 0xc0,

    /* U+548C "和" */
    0x9, 0x90, 0xf4, 0xd1, 0xbf, 0x12, 0x1b, 0xe1,
    0xa1, 0x40, 0xe6, 0xca, 0x7, 0xd9, 0x7, 0xce,
    0x68, 0x7a, 0x44, 0x3c, 0xc1, 0x22, 0x12, 0x83,
    0xba, 0x7, 0xd5, 0xc0,

    /* U+56DB "四" */
    0xff, 0xf1, 0xe3, 0xcf, 0x83, 0xff, 0x98, 0x87,
    0xee, 0xa, 0x80, 0xa0, 0x55, 0x2, 0x43, 0xf7,
    0xfe, 0x2f, 0xfd, 0x0,

    /* U+56DE "回" */
    0xff, 0xf1, 0xff, 0x83, 0xff, 0x85, 0xd3, 0xf,
    0x34, 0x43, 0xff, 0x9f, 0x40, 0xfa, 0xb0, 0x6a,
    0xfc, 0xa, 0xfc, 0x0,

    /* U+56FA "固" */
    0xeb, 0xf6, 0x57, 0xe0, 0xf4, 0x1c, 0xd4, 0xd1,
    0x3, 0x53, 0x44, 0x26, 0x8c, 0x86, 0xe9, 0xd0,
    0x3f, 0xf8, 0x5d, 0x70, 0x66, 0xb2, 0x15, 0x7e,
    0x0,

    /* U+5728 "在" */
    0xc, 0xa0, 0xff, 0x68, 0x7d, 0xf3, 0xfe, 0x7,
    0x9f, 0xaf, 0x82, 0x43, 0x41, 0xcd, 0x1a, 0x14,
    0x47, 0x46, 0x85, 0x11, 0x83, 0xff, 0xb5, 0xf1,
    0xf0,

    /* U+5907 "备" */
    0xf, 0xfe, 0x26, 0x1f, 0xed, 0xa7, 0x83, 0x3a,
    0x50, 0x83, 0xbb, 0xf2, 0x19, 0x2a, 0x74, 0x27,
    0xbc, 0xd9, 0x63, 0xbd, 0xd5, 0xe0, 0xd4, 0x6a,
    0xf, 0x51, 0xa8, 0x3d, 0x46, 0xa0, 0xf5, 0xa,
    0x82,

    /* U+590D "复" */
    0xf, 0xfe, 0x13, 0x7, 0xfa, 0x2b, 0xc8, 0x3b,
    0xfe, 0x41, 0xe1, 0x7a, 0xe, 0xeb, 0x83, 0xef,
    0xe0, 0xe8, 0xb, 0xb0, 0xd3, 0xd5, 0xa1, 0x5c,
    0x50, 0x90, 0xa4, 0x1e, 0x10, 0xae, 0x2f, 0xa9,
    0x80,

    /* U+5916 "外" */
    0x2, 0x82, 0xc3, 0xd2, 0x1f, 0xf7, 0xc1, 0xf5,
    0x3c, 0x87, 0xca, 0x10, 0xb4, 0xd, 0xbc, 0xf,
    0x22, 0xbc, 0x86, 0xb0, 0xe8, 0x3a, 0x9, 0x10,
    0xfd, 0x70, 0x7e, 0x48, 0x3f, 0x80,

    /* U+5931 "失" */
    0xa, 0x18, 0x3e, 0x43, 0xfe, 0x9e, 0x7e, 0x40,
    0xaf, 0x4f, 0xc8, 0x50, 0x7f, 0xaf, 0xa7, 0xf2,
    0x7e, 0x7, 0xe4, 0x32, 0xbc, 0x1f, 0x34, 0x28,
    0x1d, 0x78, 0xf, 0x90, 0x54, 0x19, 0xc4,

    /* U+59CB "始" */
    0xf, 0xfe, 0x14, 0x1a, 0x43, 0xfc, 0xa0, 0xd3,
    0x42, 0x84, 0x82, 0x60, 0x92, 0x80, 0x70, 0x6f,
    0x45, 0x1a, 0xbf, 0x54, 0x81, 0xd3, 0xab, 0x5,
    0xa0, 0xac, 0x1b, 0x10, 0xfe, 0xf8, 0xc3, 0xd4,
    0x21, 0xa8, 0x0,

    /* U+5B57 "字" */
    0xf, 0xfe, 0x2c, 0x87, 0xbf, 0x37, 0xe0, 0xbf,
    0xf0, 0x49, 0xfe, 0x10, 0x47, 0xe2, 0x20, 0xf3,
    0x68, 0x6f, 0xd3, 0xf8, 0x1f, 0xa9, 0xf8, 0x3f,
    0xfa, 0x3c, 0x87, 0x0,

    /* U+5B58 "存" */
    0xf, 0xfe, 0x24, 0x87, 0xd5, 0x3d, 0x70, 0x29,
    0xb5, 0xe0, 0xd4, 0xf, 0xea, 0x15, 0xb4, 0xb,
    0x15, 0x12, 0x30, 0x75, 0xa0, 0x74, 0xf9, 0xbc,
    0x86, 0xf9, 0xf9, 0xf, 0xfe, 0x2b, 0x21, 0x80,

    /* U+5B83 "它" */
    0xf, 0xfe, 0x14, 0x86, 0xac, 0x57, 0x35, 0xba,
    0x94, 0x1f, 0x98, 0x83, 0x44, 0x19, 0xbc, 0x19,
    0xf5, 0xa1, 0x9e, 0xf, 0xfe, 0x12, 0x1f, 0x9c,
    0xf, 0xf5, 0x0,

    /* U+5B89 "安" */
    0xf, 0xfe, 0x2c, 0x1f, 0x5f, 0x3f, 0xa0, 0x3f,
    0x5f, 0x90, 0x20, 0x70, 0xc8, 0x20, 0x78, 0x34,
    0xa, 0x6f, 0x4e, 0x80, 0xa1, 0xd3, 0xa8, 0x24,
    0x81, 0x21, 0xcf, 0xe8, 0x3e, 0x77, 0xe4, 0x2b,
    0xd4, 0x2f, 0x40, 0xb8, 0x3a, 0x80,

    /* U+5B8C "完" */
    0xf, 0xfe, 0x2e, 0x1f, 0x7e, 0x3f, 0x40, 0x7f,
    0xf0, 0x5b, 0x5e, 0xc, 0xaa, 0xf1, 0x7, 0xff,
    0x5, 0xa7, 0xaf, 0x54, 0x35, 0xdb, 0x50, 0x6d,
    0xf, 0xe4, 0x3e, 0x86, 0xe0, 0x9f, 0x23, 0x40,
    0xdf, 0x80,

    /* U+5BA1 "审" */
    0xf, 0xfe, 0x16, 0x1d, 0xf8, 0xfd, 0x1f, 0x5f,
    0x9e, 0xbf, 0x60, 0xa3, 0xd1, 0xf, 0x21, 0xcd,
    0x1a, 0x82, 0xa9, 0xa8, 0x2a, 0x9e, 0x81, 0x74,
    0x7a, 0x61, 0xff, 0x0,

    /* U+5BB9 "容" */
    0xf, 0xfe, 0x2c, 0x1f, 0x75, 0x3d, 0x58, 0x55,
    0x7d, 0x40, 0xb3, 0xd, 0x98, 0x1b, 0x39, 0xe4,
    0xc, 0x5f, 0x12, 0x13, 0xc3, 0x68, 0x5c, 0x55,
    0x9e, 0x7, 0x5e, 0x6c, 0x3f, 0xf8, 0x95, 0xc8,
    0x40,

    /* U+5BC6 "密" */
    0xf, 0xfe, 0x2a, 0x83, 0xdd, 0x5e, 0xab, 0xa,
    0xa2, 0x9c, 0x16, 0x95, 0x95, 0x1, 0xc0, 0x91,
    0x85, 0xca, 0x22, 0xa0, 0xad, 0xf5, 0x98, 0x2b,
    0x74, 0x50, 0x6c, 0x3d, 0x7, 0x53, 0xa8, 0x3b,
    0xab, 0xa0, 0x40,

    /* U+5BF9 "对" */
    0xf, 0xe8, 0x25, 0xc1, 0xff, 0x68, 0x7c, 0xb0,
    0x3e, 0x74, 0x40, 0xaf, 0x9d, 0x1d, 0x2, 0x1f,
    0x72, 0x30, 0x7e, 0x43, 0xfa, 0xac, 0x83, 0x91,
    0x58, 0x7d, 0xc1, 0x9d, 0xa, 0xe, 0x7c, 0x0,

    /* U+5C06 "将" */
    0xb, 0xa, 0xf, 0xf4, 0x53, 0x6, 0x6, 0xe8,
    0x40, 0xe1, 0x9a, 0x68, 0x50, 0x18, 0x83, 0xfa,
    0x84, 0x1a, 0x1e, 0xa2, 0x4e, 0x1e, 0xa2, 0x4c,
    0x27, 0xf, 0xfb, 0xf, 0xfe, 0x3, 0x4,

    /* U+5C11 "少" */
    0xe, 0xc3, 0xff, 0x91, 0x7, 0x28, 0x3f, 0xcc,
    0x15, 0x3, 0xd4, 0x10, 0xfc, 0x81, 0x83, 0xca,
    0x83, 0xd0, 0xc8, 0x7c, 0xde, 0xf, 0x34, 0xe0,
    0xd7, 0x14, 0x43, 0x80,

    /* U+5C31 "就" */
    0xf, 0xfe, 0x1c, 0x1b, 0xd, 0x46, 0x81, 0xa0,
    0x53, 0xa0, 0x13, 0x5, 0x7b, 0x6d, 0x5, 0x45,
    0xb4, 0x41, 0x50, 0x11, 0xa, 0x85, 0xf, 0x6,
    0x50, 0xa1, 0xe, 0xd1, 0xc5, 0x7, 0xea, 0x82,
    0x8a, 0x1, 0xc1, 0xd8, 0x28, 0x28, 0x14, 0x40,

    /* U+5C4F "屏" */
    0x7, 0x5f, 0x61, 0x35, 0xf0, 0x66, 0xbe, 0xc,
    0xde, 0xab, 0xc1, 0xce, 0x9, 0xe, 0xa3, 0x46,
    0x80, 0x4a, 0x14, 0x28, 0x1a, 0x85, 0xa, 0x27,
    0xa8, 0xd0, 0xa2, 0x28, 0xe0, 0xf9, 0x2c, 0x3e,

    /* U+5DE5 "工" */
    0x1f, 0xfe, 0x3, 0xf9, 0xfc, 0x1f, 0xff, 0xef,
    0xe7, 0xf2,

    /* U+5DF2 "已" */
    0xbf, 0xf0, 0x2f, 0xf8, 0x3f, 0xf8, 0x70, 0x7f,
    0x90, 0xff, 0xbf, 0xc8, 0x6f, 0xf4, 0x1f, 0xf2,
    0x83, 0xff, 0x91, 0xa3, 0xff, 0x0,

    /* U+5E38 "常" */
    0x20, 0xa0, 0x40, 0xe1, 0x45, 0xf, 0x16, 0xc5,
    0x90, 0x7a, 0x21, 0xac, 0x92, 0xa, 0xc0, 0x41,
    0xd1, 0xb0, 0xba, 0x8a, 0x60, 0x6a, 0x28, 0x87,
    0xff, 0x3, 0xe, 0x80,

    /* U+5E55 "幕" */
    0x2a, 0xea, 0xe8, 0x97, 0x9f, 0x9e, 0x41, 0x98,
    0x5e, 0x43, 0x7f, 0x90, 0xea, 0xf2, 0x1b, 0x79,
    0x6d, 0x5, 0xe0, 0x7e, 0x92, 0xde, 0x2c, 0x92,
    0x85, 0x1b, 0x74, 0xb6, 0x8d, 0xd, 0xf, 0xd2,
    0x0,

    /* U+5E76 "并" */
    0xf, 0xfe, 0x1e, 0x1a, 0x43, 0xb8, 0x25, 0x5,
    0x79, 0xf8, 0xf0, 0x2e, 0x7e, 0x3c, 0x1f, 0xfc,
    0xef, 0x4f, 0xc7, 0x93, 0xcd, 0xf1, 0xe4, 0x25,
    0x7, 0xf5, 0x3, 0xfb, 0xc8, 0x7f, 0x68, 0x76,
    0x10,

    /* U+5E93 "库" */
    0xf, 0xfe, 0x2b, 0x7, 0xae, 0xa6, 0xb0, 0x5d,
    0x5d, 0x60, 0xd5, 0x75, 0x83, 0x5d, 0xd6, 0x2,
    0x9, 0x20, 0xf9, 0x28, 0xd1, 0xc, 0xf4, 0x68,
    0x81, 0x55, 0x6d, 0x43, 0xb5, 0x6d, 0x46, 0x87,
    0xfa, 0xf, 0x41, 0x80,

    /* U+5E94 "应" */
    0xf, 0xfe, 0x2b, 0x7, 0xab, 0x6d, 0x60, 0xab,
    0x75, 0x83, 0xe4, 0xa, 0xd, 0x83, 0x4, 0x81,
    0x24, 0x40, 0x87, 0x38, 0x8e, 0x1f, 0xa2, 0x42,
    0x41, 0x1, 0x82, 0x76, 0xbb, 0xa0, 0x15, 0x5b,
    0xa8,

    /* U+5EA6 "度" */
    0xf, 0xfe, 0x2a, 0x83, 0xd7, 0xd4, 0xfc, 0x17,
    0x9f, 0x9f, 0x5, 0x46, 0xa6, 0x81, 0x50, 0xa8,
    0xa0, 0x7a, 0xa0, 0xe4, 0x1d, 0x58, 0x73, 0x75,
    0x78, 0x33, 0x3d, 0xc, 0xa, 0x5, 0x3e, 0xb,
    0xa7, 0x4e, 0x9c, 0x45, 0xc8, 0xdc, 0x0,

    /* U+5EFA "建" */
    0x2f, 0x5, 0x87, 0x51, 0x28, 0x51, 0xa, 0x8f,
    0x8c, 0xc0, 0xa1, 0x61, 0xc2, 0x9c, 0xa1, 0x78,
    0x1e, 0x4a, 0x14, 0x41, 0x20, 0x50, 0xb0, 0x3a,
    0xbc, 0x7c, 0x4, 0x15, 0x15, 0x2, 0x9a, 0x8,
    0x32, 0x39, 0x7a, 0xa5, 0x40, 0x6e, 0xb2,

    /* U+5F00 "开" */
    0x2f, 0xfe, 0x5, 0xe7, 0xe3, 0xc1, 0xff, 0xda,
    0xf9, 0xf8, 0xf2, 0x7a, 0x9f, 0x1e, 0x42, 0xd0,
    0xff, 0x21, 0xfe, 0xf0, 0x7f, 0x58, 0x7f, 0xa0,
    0xf6, 0x10,

    /* U+5F53 "当" */
    0x42, 0x82, 0x41, 0x7, 0xb1, 0x41, 0xd4, 0x6,
    0x1d, 0x82, 0xf9, 0xf5, 0x97, 0xfc, 0x1f, 0xfc,
    0x7, 0xfe, 0x3, 0xff, 0x7, 0xff, 0x2, 0xbf,
    0x0,

    /* U+5F55 "录" */
    0xf, 0xfe, 0xb, 0x5e, 0xf0, 0x4d, 0x7b, 0xe,
    0xff, 0x90, 0xdf, 0xf0, 0x6a, 0xfb, 0x60, 0x5d,
    0x32, 0xe8, 0x17, 0x1, 0x1c, 0x35, 0xbb, 0x90,
    0x67, 0xc7, 0xa0, 0xde, 0xa6, 0xe, 0x80, 0xe2,
    0x88, 0x2c,

    /* U+5F85 "待" */
    0xf, 0xfe, 0x13, 0x5, 0x7, 0x3c, 0x51, 0xa8,
    0x79, 0x28, 0xd4, 0x33, 0x87, 0xfa, 0xb8, 0xb9,
    0x30, 0x57, 0x12, 0xb0, 0x57, 0x12, 0x82, 0x8a,
    0x89, 0xe, 0xa0, 0x7f, 0xd8, 0x7f, 0xcd, 0xa1,
    0xb0, 0xd7, 0x0,

    /* U+5FFD "忽" */
    0xf, 0xfe, 0x1e, 0x1f, 0xe4, 0xbb, 0xa2, 0x7,
    0xea, 0x10, 0x6e, 0x35, 0x40, 0x41, 0x3c, 0x48,
    0x7b, 0xc7, 0x80, 0x86, 0x86, 0x2a, 0xe, 0x56,
    0xd0, 0x34, 0x45, 0x84, 0x87, 0xd1, 0x30, 0x21,
    0xe9, 0x83, 0x0,

    /* U+6001 "态" */
    0xf, 0x41, 0xfe, 0x43, 0xea, 0xe6, 0xb2, 0x56,
    0x22, 0xa4, 0x35, 0x11, 0xf, 0x7c, 0xdc, 0x17,
    0x6d, 0x97, 0x93, 0xc8, 0x86, 0xd0, 0x79, 0x42,
    0x8, 0x14, 0xa, 0x50, 0x86, 0xaf, 0x30,

    /* U+6027 "性" */
    0x6, 0x19, 0x41, 0xfa, 0x30, 0xe8, 0x86, 0x6a,
    0x6, 0x75, 0x35, 0x8, 0x11, 0xf, 0x90, 0x41,
    0xf2, 0x1a, 0x8d, 0x41, 0xea, 0x35, 0x7, 0xff,
    0x46, 0xa3, 0xa2,

    /* U+6062 "恢" */
    0xf, 0xfe, 0x14, 0x14, 0x1f, 0xfc, 0x65, 0x53,
    0x6b, 0x3, 0x4a, 0xc5, 0x1, 0x99, 0xa8, 0x8,
    0xa1, 0xf, 0x62, 0x13, 0xcb, 0x61, 0xd3, 0x4,
    0x86, 0x60, 0x53, 0xe, 0x51, 0x8, 0x87, 0xae,
    0x2c, 0x28, 0x12, 0x14, 0x0,

    /* U+611F "感" */
    0xf, 0xfe, 0x32, 0xe0, 0xab, 0xee, 0x81, 0x5f,
    0x4d, 0x41, 0xf2, 0x88, 0x3a, 0xe1, 0xa0, 0x49,
    0x44, 0xd6, 0x14, 0x70, 0xca, 0xc1, 0x14, 0xce,
    0xc0, 0xa3, 0x30, 0xd0, 0x30, 0xa0, 0x7a, 0x18,
    0x69, 0xca, 0xc0,

    /* U+6216 "或" */
    0xf, 0x33, 0x7, 0xf9, 0xe0, 0x7f, 0x4f, 0x20,
    0xff, 0x3f, 0x1, 0xea, 0x11, 0x41, 0x54, 0x1a,
    0x43, 0xf2, 0xc1, 0xba, 0x60, 0xa0, 0x4d, 0x3c,
    0x28, 0x9, 0xe8, 0xec, 0x50, 0x3d, 0x3c, 0x54,
    0x80,

    /* U+6237 "户" */
    0xe, 0x43, 0xf9, 0x83, 0xbf, 0x3f, 0x5, 0xfe,
    0xf, 0xfe, 0x17, 0xf8, 0x37, 0xf9, 0x2, 0x1e,
    0x87, 0xf, 0xd2, 0x1f, 0x28, 0x3f, 0x30, 0x7e,

    /* U+6240 "所" */
    0x9, 0x90, 0x34, 0x5, 0x9, 0xa1, 0x40, 0x32,
    0x6, 0x43, 0xa9, 0x87, 0xf5, 0x10, 0x7e, 0xe,
    0x41, 0xe3, 0xa, 0x88, 0x7f, 0x54, 0x1f, 0xfc,
    0x14, 0x39, 0x41, 0x58, 0x7a, 0xc, 0x87, 0x21,
    0xa0, 0xb0, 0x0,

    /* U+6253 "打" */
    0x4, 0x1f, 0xfc, 0x2a, 0xba, 0xe, 0xf5, 0x9a,
    0xe, 0xf0, 0x7f, 0xf2, 0xac, 0x3e, 0x77, 0xc1,
    0xf3, 0xa8, 0x3f, 0xfa, 0xb2, 0x15, 0xa1, 0xac,
    0x2b, 0xc1, 0x0,

    /* U+6267 "执" */
    0xf, 0xfe, 0x16, 0x16, 0x1f, 0xf2, 0x1c, 0xc4,
    0xcd, 0x40, 0x62, 0x62, 0x88, 0x7f, 0xc8, 0x74,
    0xc1, 0xe7, 0x27, 0x20, 0xce, 0x17, 0x72, 0x1f,
    0x2d, 0x7, 0xd4, 0x9, 0x23, 0x6d, 0xb, 0xe3,
    0xa2, 0x19, 0xd0,

    /* U+6279 "批" */
    0x6, 0x8, 0x18, 0x7f, 0xf0, 0xd8, 0x90, 0xf9,
    0x88, 0x39, 0x83, 0x95, 0x27, 0x6, 0x5a, 0x48,
    0xe, 0x1f, 0xe7, 0x14, 0x1f, 0xfc, 0xb5, 0x48,
    0x21, 0x90, 0x32, 0xb0, 0x34, 0x18, 0x17, 0x0,

    /* U+62D2 "拒" */
    0x2, 0x8b, 0xf8, 0x3e, 0xfe, 0x7, 0x50, 0x7e,
    0xea, 0x3a, 0xc1, 0xf7, 0x50, 0x6e, 0x81, 0xfa,
    0x28, 0x56, 0xa, 0xc2, 0xae, 0xf, 0xfe, 0x75,
    0x13, 0xae, 0x4b, 0x3, 0x5c, 0x80,

    /* U+6362 "换" */
    0xf, 0xfe, 0x16, 0x16, 0x1f, 0xe4, 0xa6, 0x14,
    0x4f, 0xa2, 0xa, 0x2d, 0xb3, 0x83, 0xa6, 0x28,
    0x1d, 0x7, 0xe6, 0x28, 0xc5, 0x16, 0x81, 0x78,
    0xed, 0xf, 0x5e, 0xf, 0x9f, 0x16, 0x83, 0x57,
    0x82, 0xc8, 0xe6, 0xe, 0x60,

    /* U+63A5 "接" */
    0x4, 0x1a, 0xf, 0xcd, 0x1e, 0x83, 0x33, 0xf8,
    0x86, 0x61, 0xc7, 0xf, 0x50, 0xfa, 0x40, 0xd5,
    0xd6, 0x56, 0x56, 0xee, 0x56, 0x91, 0x51, 0x21,
    0xed, 0xe0, 0xfa, 0xe3, 0xa, 0x5, 0xf, 0xc0,
    0xa1, 0x44, 0xe, 0x0,

    /* U+63A7 "控" */
    0x6, 0x1a, 0xf, 0xcd, 0x1a, 0x95, 0x17, 0x4e,
    0xad, 0x8b, 0x21, 0x88, 0x33, 0x41, 0xe0, 0xca,
    0x82, 0x71, 0xc0, 0xd3, 0xa6, 0x38, 0x94, 0x2a,
    0xf, 0xfe, 0x74, 0x95, 0x35, 0x8a, 0x15, 0xf8,

    /* U+63D2 "插" */
    0xf, 0xfe, 0x14, 0xa, 0x68, 0x7e, 0xa2, 0x83,
    0x4c, 0x1f, 0xd9, 0xb4, 0x7a, 0x22, 0xea, 0x3d,
    0x10, 0x28, 0xd0, 0x58, 0xc0, 0x64, 0x12, 0x32,
    0xd4, 0x4, 0x87, 0xa8, 0x9, 0xf, 0x51, 0xa2,
    0x8, 0x26, 0xe8, 0x15, 0x1, 0x6, 0xc0,

    /* U+6478 "摸" */
    0x4, 0x16, 0x8, 0x3c, 0xc5, 0x19, 0x5b, 0xb3,
    0x46, 0x56, 0xed, 0xab, 0xc1, 0xe7, 0xf0, 0x66,
    0x1a, 0xc0, 0x62, 0x77, 0x54, 0x32, 0x5e, 0x3e,
    0x43, 0x50, 0x55, 0x10, 0xe5, 0x53, 0xa, 0x7,
    0xc3, 0xc9, 0x43, 0x83, 0x48,

    /* U+64A4 "撤" */
    0xf, 0xfe, 0x14, 0x5, 0x2, 0xf, 0x56, 0x70,
    0xb6, 0x8f, 0x8f, 0x26, 0xd9, 0x7a, 0x50, 0x6b,
    0xe5, 0x6, 0x6c, 0x1f, 0x5, 0x91, 0xe0, 0xb0,
    0x68, 0x28, 0x12, 0x1e, 0xa0, 0x14, 0x1e, 0xa0,
    0xf8, 0x10, 0x68, 0xc9, 0x28, 0x45, 0x40, 0x40,

    /* U+64CD "操" */
    0x4, 0xa, 0xd8, 0x7e, 0xa9, 0x3, 0xb9, 0xd4,
    0x13, 0xbb, 0x90, 0x20, 0xee, 0xd2, 0xc2, 0x61,
    0xc5, 0x63, 0x94, 0x3d, 0x18, 0xe9, 0x79, 0xf9,
    0xd, 0x44, 0x1c, 0x86, 0x7c, 0x5c, 0x8, 0x4c,
    0x2b, 0x4a, 0x28, 0x18, 0x14,

    /* U+6536 "收" */
    0xf, 0xfe, 0x26, 0x8, 0x3a, 0xc, 0xe1, 0xc8,
    0x6e, 0xf9, 0xf, 0x3e, 0xa2, 0x1d, 0x31, 0xa1,
    0xf4, 0x88, 0x7d, 0x14, 0x43, 0x50, 0x25, 0x41,
    0x34, 0xa, 0x20, 0xa0, 0xd1, 0x90, 0x7a, 0xe2,
    0x10,

    /* U+6539 "改" */
    0xf, 0xfe, 0x3c, 0x1d, 0x56, 0x38, 0x75, 0x40,
    0xe9, 0xe0, 0xf9, 0xe6, 0x5, 0xe2, 0x50, 0xa0,
    0x3f, 0xa8, 0x1f, 0xc8, 0xd0, 0x3f, 0xb5, 0x6,
    0x68, 0x8, 0x43, 0x74, 0x3b, 0x90, 0x70, 0x2d,
    0x3c, 0x0,

    /* U+6545 "故" */
    0xa, 0xb, 0xf, 0xf9, 0xe, 0xa3, 0x45, 0x7c,
    0x94, 0x6b, 0x74, 0x43, 0x95, 0x98, 0x56, 0xfa,
    0x2, 0x82, 0xf5, 0x9a, 0x83, 0xf9, 0xa0, 0x7f,
    0x42, 0x13, 0xe8, 0x8e, 0x41, 0x7f, 0x47, 0x90,

    /* U+6548 "效" */
    0xf, 0xfe, 0x12, 0x82, 0x50, 0x64, 0x94, 0x68,
    0x77, 0x60, 0x7e, 0x42, 0x44, 0x7c, 0xa2, 0x85,
    0x48, 0xe3, 0x25, 0x4, 0xd1, 0x5f, 0x17, 0x7,
    0x41, 0x95, 0x86, 0xb8, 0x9, 0x85, 0x66, 0x36,
    0x40, 0xd0, 0x3e, 0x21,

    /* U+654F "敏" */
    0xf, 0xfe, 0x14, 0x19, 0x83, 0x2a, 0xa4, 0xc3,
    0x7a, 0xa7, 0xbd, 0xd, 0x61, 0xf1, 0xc, 0x4c,
    0x12, 0x1b, 0xb, 0x56, 0x6, 0xe3, 0x3c, 0x81,
    0x88, 0x43, 0xcc, 0xc4, 0x4, 0x2e, 0xf3, 0x4e,
    0x81, 0xab, 0x6a, 0xe0, 0xac, 0x90, 0x30,

    /* U+6574 "整" */
    0xf, 0xfe, 0xd, 0x3a, 0x12, 0x1a, 0x8d, 0x7,
    0xa2, 0x51, 0xb8, 0xb1, 0xf, 0x7a, 0xa0, 0x58,
    0x34, 0x50, 0x50, 0xca, 0xbe, 0x4f, 0x37, 0x16,
    0xa1, 0xbb, 0xae, 0xc, 0x82, 0xb0, 0x76, 0xa,
    0xc1, 0x5b, 0x5f, 0x20,

    /* U+6587 "文" */
    0xf, 0xfe, 0x2a, 0x83, 0xfc, 0xc1, 0xef, 0xe3,
    0xf4, 0x78, 0xfd, 0x4e, 0xa, 0x42, 0x90, 0xe6,
    0x5, 0x3, 0xef, 0x22, 0x1f, 0x9a, 0x7, 0xe8,
    0xb4, 0x3a, 0xf4, 0xfa, 0x41, 0x79, 0xa, 0x9a,

    /* U+65AD "断" */
    0xf, 0xfa, 0x48, 0x26, 0x81, 0xd1, 0xb4, 0x2,
    0x83, 0xf9, 0x1c, 0x3f, 0x61, 0xbe, 0x84, 0x18,
    0x33, 0x87, 0x71, 0xe, 0xd1, 0xf, 0xa3, 0x10,
    0xf5, 0x3b, 0xc1, 0xab, 0x84, 0x3f, 0xa0, 0x60,

    /* U+65B0 "新" */
    0xf, 0xfe, 0x1c, 0x19, 0xa0, 0x28, 0xd1, 0x8a,
    0x3, 0xe2, 0x34, 0x33, 0x87, 0xf3, 0x19, 0x74,
    0xe5, 0x51, 0xa7, 0x42, 0x55, 0x1a, 0x68, 0x67,
    0x9e, 0xf, 0xa0, 0x30, 0x7d, 0x5, 0x87, 0xcc,
    0x16, 0x1c,

    /* U+65E0 "无" */
    0x1f, 0xfd, 0x1, 0xfa, 0x9f, 0x41, 0xff, 0xc6,
    0xd0, 0xf7, 0xe7, 0xf9, 0x3f, 0xf, 0xe4, 0x39,
    0xf, 0xf5, 0x3, 0xf9, 0xf, 0x90, 0x34, 0xf,
    0x67, 0xc0, 0xff, 0x1c, 0x13, 0xf9,

    /* U+65E5 "日" */
    0xf, 0xdf, 0xf8, 0xff, 0x7, 0xff, 0x1b, 0xfc,
    0xf, 0xf0, 0x7f, 0xf1, 0xbf, 0xc0, 0xff, 0x0,

    /* U+65F6 "时" */
    0xf, 0xd8, 0x3a, 0x83, 0xf5, 0xb, 0xe3, 0x43,
    0x5f, 0x1a, 0x50, 0x10, 0x7a, 0x81, 0x21, 0xfd,
    0x40, 0xff, 0x61, 0xd4, 0xf, 0xcd, 0x41, 0xf4,
    0x1d, 0xe4, 0x0,

    /* U+660E "明" */
    0xe9, 0x9f, 0xc5, 0x10, 0x7c, 0x1f, 0xfc, 0x5a,
    0x81, 0x44, 0x1f, 0x2, 0x88, 0x16, 0xf, 0xaa,
    0x5, 0x5, 0x54, 0x75, 0x70, 0x7c, 0x87, 0xf5,
    0x1, 0x68, 0x58, 0x57, 0x0,

    /* U+663E "显" */
    0x5, 0x7d, 0x87, 0x57, 0x90, 0xea, 0xf2, 0x1d,
    0x5e, 0x43, 0xab, 0xc8, 0x6a, 0x74, 0xec, 0x34,
    0x4, 0x86, 0xb, 0x43, 0xb8, 0x24, 0x39, 0x82,
    0xa7, 0x71, 0xd1, 0x2a, 0xe9, 0xd4, 0x80,

    /* U+6682 "暂" */
    0x2, 0x83, 0x94, 0x34, 0xe8, 0xc8, 0x8b, 0x8c,
    0x7d, 0x3, 0x9d, 0x28, 0xc0, 0xa3, 0xda, 0x21,
    0x51, 0xa0, 0x7e, 0x8a, 0x14, 0xe, 0x6b, 0xc8,
    0x75, 0x78, 0x3d, 0x5e, 0xf, 0x57, 0x82,

    /* U+6700 "最" */
    0x7, 0x5e, 0xc3, 0xab, 0xc1, 0xea, 0xf0, 0x73,
    0xfe, 0x40, 0xc7, 0xf8, 0x87, 0xd6, 0x57, 0x5,
    0xd9, 0x5c, 0x1f, 0x44, 0xc1, 0x76, 0xf, 0x40,
    0x69, 0xc9, 0xb8, 0x1f, 0xa6, 0xaf, 0x0,

    /* U+6708 "月" */
    0x5, 0xff, 0x5, 0xfe, 0xf, 0xfe, 0x17, 0x5c,
    0x1b, 0xae, 0x9, 0xf, 0xf7, 0xf8, 0x27, 0xfc,
    0xb, 0xf, 0xca, 0xf, 0xac, 0x33, 0xea, 0x7,
    0x3e, 0x40,

    /* U+6709 "有" */
    0xf, 0xfe, 0x24, 0x87, 0xd5, 0x3d, 0x70, 0x29,
    0xb5, 0xe0, 0xd4, 0xf, 0xe8, 0xae, 0xc2, 0x41,
    0x5c, 0x13, 0xc5, 0x70, 0x4c, 0xa, 0xe0, 0xfa,
    0xb8, 0x3e, 0xae, 0xf, 0xf5, 0xa0,

    /* U+670D "服" */
    0x2e, 0xcf, 0xe0, 0xb9, 0x1f, 0x83, 0xff, 0x89,
    0xe4, 0x26, 0x81, 0x79, 0x14, 0x78, 0x3f, 0x62,
    0x80, 0xf9, 0x1c, 0x8, 0x1f, 0x20, 0x7a, 0x1,
    0xf, 0x61, 0x28, 0x3d, 0x88, 0x37, 0x3, 0x56,
    0xbb, 0x8e, 0x4, 0x80,

    /* U+671F "期" */
    0x20, 0x20, 0xe9, 0xcf, 0xad, 0x54, 0x27, 0xd6,
    0x87, 0xaa, 0x3, 0x40, 0xa8, 0x81, 0xa0, 0x54,
    0x44, 0x3d, 0x50, 0x1a, 0x13, 0xd3, 0xd5, 0x17,
    0x56, 0x21, 0xa4, 0xc4, 0x33, 0x82, 0x50, 0xeb,
    0x4, 0xc3, 0xc0,

    /* U+672A "未" */
    0xe, 0x60, 0xff, 0xe3, 0xfd, 0x3f, 0x41, 0x7d,
    0x3f, 0x41, 0xff, 0xc2, 0xfd, 0x3f, 0x93, 0xe8,
    0xf, 0xc8, 0x4f, 0x3c, 0x1d, 0x70, 0x1e, 0xb,
    0xd0, 0x66, 0xd3, 0x43, 0xed,

    /* U+672C "本" */
    0xe, 0x50, 0x7f, 0xf1, 0xab, 0xfc, 0xa, 0x85,
    0x15, 0x7, 0xbc, 0x1f, 0xb8, 0x14, 0xe, 0x50,
    0x72, 0x13, 0x40, 0xd4, 0x41, 0x4f, 0x53, 0xd6,
    0x9b, 0xea, 0x79, 0x90, 0xff, 0xe0, 0x0,

    /* U+6743 "权" */
    0x2, 0x83, 0xff, 0x83, 0xea, 0xb1, 0xaf, 0xe4,
    0x61, 0x9c, 0x3f, 0x21, 0xce, 0x5, 0x59, 0xa4,
    0x82, 0xcc, 0x6a, 0x3, 0x7, 0x2c, 0x12, 0x1c,
    0x88, 0x10, 0xcf, 0xd2, 0x1c, 0xf8, 0x1e, 0x40,
    0xb4, 0x1a, 0x40,

    /* U+6761 "条" */
    0xf, 0xfe, 0x26, 0x1f, 0xe8, 0xab, 0xe, 0xc6,
    0x84, 0x1a, 0xef, 0xc8, 0x68, 0x75, 0x68, 0x6a,
    0x17, 0x42, 0x80, 0x8e, 0x9d, 0x90, 0x55, 0xf8,
    0x3b, 0xd, 0x86, 0x7c, 0x1b, 0xc1, 0xb1, 0x82,
    0x80,

    /* U+6765 "来" */
    0xf, 0x41, 0xe7, 0xf3, 0xf8, 0xf, 0xe7, 0xce,
    0x1b, 0xc, 0x87, 0x90, 0xdc, 0x17, 0x9f, 0x3b,
    0xe4, 0xfa, 0x3, 0xf2, 0x1b, 0xcf, 0x7, 0x3c,
    0x7, 0x82, 0xf8, 0x33, 0xe4, 0xe0, 0xf3, 0xa0,

    /* U+6784 "构" */
    0x2, 0x81, 0x7, 0xfc, 0x87, 0xab, 0x2a, 0xad,
    0x26, 0xbe, 0x42, 0x67, 0x50, 0x48, 0x15, 0x9a,
    0x83, 0x5e, 0x82, 0xc3, 0xf4, 0xc2, 0x14, 0x15,
    0xd1, 0x41, 0xff, 0xc9, 0xb8, 0x25, 0x6, 0xb4,

    /* U+67E5 "查" */
    0xf, 0x41, 0xea, 0xdb, 0x59, 0x2a, 0x14, 0x54,
    0x85, 0x71, 0x44, 0x27, 0x90, 0xae, 0xb, 0xd4,
    0x29, 0xc0, 0x46, 0xb7, 0x83, 0x9a, 0xd8, 0x7d,
    0xf8, 0x3e, 0xd7, 0x50, 0x2a, 0xff, 0x20,

    /* U+6808 "栈" */
    0xf, 0xfe, 0x12, 0x82, 0x90, 0xff, 0x98, 0x2a,
    0x91, 0x51, 0x2, 0x66, 0xca, 0x82, 0x62, 0x81,
    0x20, 0x49, 0x51, 0xc1, 0x68, 0x95, 0xc3, 0xe0,
    0x23, 0xe8, 0x50, 0x72, 0xa5, 0x7, 0x3e, 0xb3,
    0xc, 0xfa, 0x4e,

    /* U+6821 "校" */
    0xf, 0xfe, 0x12, 0x1a, 0xf, 0xe5, 0x12, 0x81,
    0x4d, 0x7, 0x83, 0x44, 0xa9, 0x5a, 0x1a, 0x28,
    0xb, 0x2, 0x37, 0x3, 0xc0, 0xde, 0x65, 0x41,
    0xb4, 0xd, 0x10, 0xa0, 0xff, 0xe2, 0x77, 0x90,
    0xf5, 0xa7, 0x90, 0x20, 0x83, 0x48,

    /* U+68C0 "检" */
    0xf, 0xfe, 0x14, 0x1a, 0xf, 0xf4, 0x21, 0x33,
    0x17, 0x61, 0x39, 0x41, 0x2d, 0xc, 0x9d, 0x5e,
    0x6, 0xf3, 0x51, 0x8, 0x25, 0x11, 0x3, 0x80,
    0xe1, 0xe8, 0x36, 0x54, 0x1e, 0xba, 0x34, 0xe,
    0xad, 0xd0,

    /* U+6A2A "横" */
    0x2, 0x81, 0x82, 0xf, 0xa2, 0x8c, 0x95, 0xc5,
    0x9, 0x26, 0x8d, 0x65, 0x1, 0xcf, 0xf, 0x91,
    0x2, 0x5d, 0x4, 0xec, 0x6e, 0x88, 0x72, 0xae,
    0xa0, 0x41, 0xaf, 0x5a, 0x1d, 0x14, 0x30, 0xe6,
    0x80, 0x88, 0xb, 0x41, 0x98,

    /* U+6B21 "次" */
    0xf, 0xfe, 0x2c, 0x1f, 0x68, 0x10, 0xfb, 0xca,
    0x3f, 0x82, 0x9e, 0xef, 0x21, 0x96, 0x32, 0xc3,
    0x38, 0x13, 0x42, 0x90, 0x20, 0x42, 0x44, 0x17,
    0x6, 0xa0, 0x28, 0x4, 0x28, 0x10, 0x94, 0x40,
    0x97, 0x5, 0xe0,

    /* U+6B63 "正" */
    0x2f, 0xfe, 0x5, 0xf8, 0xfc, 0x1f, 0xfc, 0x39,
    0xf, 0xfe, 0x1f, 0xc8, 0x7e, 0xf9, 0xf, 0xfe,
    0x74, 0xf4, 0x2b, 0x25, 0xd5, 0xd6, 0x40,

    /* U+6B64 "此" */
    0xa, 0xb, 0xf, 0xfe, 0x2a, 0x1f, 0xf6, 0x1f,
    0x48, 0x75, 0x1, 0xe4, 0x3a, 0x80, 0xd0, 0xff,
    0xec, 0x41, 0x2a, 0xc3, 0x24, 0xf4, 0xca, 0xc0,

    /* U+6B65 "步" */
    0xe, 0x60, 0xf9, 0x40, 0x6a, 0xf, 0xcd, 0x41,
    0xb0, 0xff, 0x47, 0x46, 0xb0, 0x28, 0x57, 0x70,
    0x48, 0x73, 0x84, 0xf0, 0x4d, 0x2, 0x60, 0xaf,
    0x7, 0x9a, 0xc1, 0xdf, 0x5a, 0x1e, 0xf4, 0x1f,
    0x80,

    /* U+6C42 "求" */
    0xe, 0x51, 0x7, 0xfd, 0x40, 0xbf, 0x53, 0xce,
    0xf, 0xd3, 0xf4, 0x16, 0x12, 0xd, 0xb, 0xc0,
    0x69, 0x87, 0x65, 0x98, 0x7a, 0x89, 0x40, 0xcf,
    0xac, 0x1e, 0x42, 0xd0, 0xef, 0x22, 0x3c, 0x85,
    0x20,

    /* U+6CA1 "没" */
    0xf, 0xfe, 0xd, 0x1, 0xd3, 0xd, 0x61, 0x51,
    0xe, 0x43, 0xf9, 0x40, 0xa0, 0x54, 0x1e, 0x44,
    0x15, 0x2, 0x89, 0x5c, 0x1e, 0xca, 0x83, 0xa1,
    0x13, 0x82, 0x42, 0xa7, 0x83, 0x50, 0x12, 0xa4,
    0x28, 0xaf, 0x70,

    /* U+6CD5 "法" */
    0x14, 0x1b, 0xe, 0x48, 0x3f, 0xcc, 0xf8, 0xf4,
    0x4, 0xf, 0x8f, 0x41, 0x61, 0xfe, 0x72, 0xf1,
    0xf0, 0x66, 0xdb, 0xe0, 0x90, 0x97, 0x6, 0x92,
    0x83, 0x85, 0x41, 0x5d, 0x8, 0x1a, 0x35, 0xc0,

    /* U+6D3B "活" */
    0xf, 0xfe, 0xb, 0x1, 0x55, 0x20, 0x68, 0x1a,
    0x88, 0x68, 0x50, 0x7a, 0x7, 0xcf, 0xc9, 0xe3,
    0xe7, 0xe4, 0x70, 0xff, 0xe0, 0x25, 0x1e, 0x81,
    0x21, 0x5e, 0x83, 0x48, 0x7f, 0x50, 0x3f, 0xe4,
    0xd, 0x60, 0x0,

    /* U+6D88 "消" */
    0x20, 0x20, 0xc0, 0x82, 0x80, 0x42, 0x43, 0x43,
    0x85, 0xa2, 0x80, 0x91, 0x8, 0x91, 0xd3, 0xa6,
    0x6, 0x7, 0x56, 0x19, 0x7, 0x56, 0x1a, 0x5,
    0x70, 0x4c, 0xa, 0xd8, 0x52, 0x1e, 0x42, 0x83,
    0xd7, 0x80,

    /* U+6DF1 "深" */
    0x10, 0xff, 0xe0, 0x67, 0x5d, 0x81, 0xc6, 0xee,
    0xf, 0x48, 0x37, 0x18, 0x29, 0x28, 0x7, 0x8f,
    0x9, 0xc0, 0x63, 0x4, 0x8, 0x3a, 0x99, 0xd0,
    0x28, 0xa2, 0x34, 0x2, 0x17, 0x14, 0xa, 0x8f,
    0x82, 0xf0, 0x21, 0xc3, 0x38,

    /* U+6E05 "清" */
    0x20, 0xcc, 0x1d, 0x46, 0x9b, 0x44, 0x29, 0xf,
    0xc8, 0x54, 0xda, 0x23, 0x2e, 0x35, 0x81, 0x2b,
    0xfc, 0x84, 0x8d, 0x60, 0xe8, 0xb, 0xc1, 0x30,
    0x3f, 0x6, 0x90, 0x56, 0x42, 0x83, 0xd2, 0x0,

    /* U+6E90 "源" */
    0xf, 0xfe, 0xd, 0x9d, 0x79, 0x28, 0x95, 0x14,
    0x40, 0xa0, 0x90, 0xfe, 0x7c, 0x58, 0x28, 0x1f,
    0xea, 0x9, 0x59, 0xf, 0xbb, 0x83, 0x68, 0xf1,
    0x40, 0x2b, 0xc8, 0x6c, 0x14, 0x54, 0x84, 0xa2,
    0x23, 0x64, 0x90,

    /* U+6EE1 "满" */
    0x20, 0xa0, 0x61, 0xad, 0x9a, 0x14, 0xb, 0x6b,
    0xe0, 0xcd, 0xea, 0xc0, 0xd5, 0x46, 0x68, 0xd,
    0x5e, 0x66, 0xc3, 0xab, 0x32, 0x16, 0xf, 0x28,
    0x33, 0x19, 0x4e, 0xa, 0x4e, 0x22, 0xa, 0xe,
    0x48, 0x0,

    /* U+7259 "牙" */
    0x7, 0xfe, 0x82, 0xff, 0x3c, 0x12, 0x83, 0xfd,
    0xa1, 0xfe, 0x43, 0xfe, 0x6a, 0xf3, 0x44, 0x15,
    0x89, 0xa2, 0x19, 0xf2, 0x1f, 0x5e, 0xf, 0xaf,
    0x41, 0xfa, 0xd0, 0x7c, 0x1f, 0xde, 0x42,

    /* U+72B6 "状" */
    0xf, 0xfe, 0x1e, 0x16, 0x21, 0x21, 0xf9, 0x6,
    0x1f, 0x21, 0x50, 0xa8, 0xa6, 0x82, 0x2a, 0x2a,
    0x40, 0x87, 0x21, 0x9c, 0x26, 0xc2, 0x78, 0x29,
    0xc, 0xc1, 0x28, 0xb0, 0xfa, 0x80, 0x60, 0xeb,
    0xa, 0x10, 0xb8, 0x3a, 0x40,

    /* U+751F "生" */
    0xa, 0x4, 0x1f, 0x21, 0xff, 0x6f, 0x9f, 0xc0,
    0x4f, 0x9f, 0xc0, 0xa0, 0x7f, 0xb0, 0xff, 0xe0,
    0x5f, 0x3f, 0x21, 0x5f, 0x3f, 0x21, 0xff, 0xce,
    0xfe, 0x7f, 0x20,

    /* U+7528 "用" */
    0x7, 0xff, 0x5, 0xf1, 0xf0, 0x6a, 0x8a, 0x83,
    0x54, 0x54, 0x1f, 0xfc, 0x3a, 0x8a, 0x82, 0x6a,
    0x2a, 0x3, 0x87, 0xf6, 0x87, 0xff, 0x12, 0xd2,
    0xd, 0x97, 0x0,

    /* U+7535 "电" */
    0xd, 0x87, 0xff, 0x16, 0xb1, 0x56, 0x15, 0x45,
    0x41, 0xbe, 0x3e, 0xd, 0xf1, 0xf0, 0x7f, 0xf0,
    0xfe, 0x3e, 0xb, 0xf1, 0xfa, 0x10, 0xfc, 0x87,
    0x5f, 0x90,

    /* U+753B "画" */
    0xaf, 0xfe, 0x40, 0x7f, 0xf0, 0x3b, 0xa6, 0xc,
    0x66, 0x89, 0x81, 0x9a, 0x21, 0x99, 0xa2, 0x19,
    0x9a, 0x21, 0xbb, 0xa6, 0x15, 0x7e, 0x3a, 0xfc,
    0x0,

    /* U+7559 "留" */
    0x9, 0x41, 0xf5, 0x4, 0xba, 0x63, 0x20, 0x8a,
    0x21, 0x30, 0xa0, 0xf6, 0x9e, 0xe, 0xbb, 0x1b,
    0xc7, 0x2a, 0x85, 0xa0, 0xeb, 0xd8, 0x4d, 0xa,
    0x83, 0x34, 0x2a, 0xc, 0xd0, 0xa8, 0x33, 0x46,
    0xa0, 0x0,

    /* U+7565 "略" */
    0xf, 0x41, 0xbf, 0x1, 0xc, 0xda, 0x45, 0x41,
    0xca, 0xa7, 0x83, 0xbe, 0x74, 0x6d, 0x8e, 0x80,
    0x6d, 0x1f, 0x90, 0xee, 0xda, 0x80, 0x98, 0x74,
    0xf8, 0xb, 0x81, 0xd4, 0x1f, 0xfc, 0x6, 0xa0,
    0x0,

    /* U+767B "登" */
    0xf, 0xfe, 0xb, 0x4e, 0x5a, 0x9, 0xa3, 0xb7,
    0x40, 0xa8, 0x26, 0x58, 0x5a, 0x54, 0x28, 0x17,
    0xab, 0xda, 0x7d, 0x5b, 0x34, 0x46, 0xbb, 0xe,
    0x6b, 0x83, 0x9f, 0x54, 0xc1, 0xe8, 0xe, 0x1a,
    0xa2, 0xae, 0x88,

    /* U+7684 "的" */
    0x14, 0x14, 0x1d, 0xa0, 0x43, 0xb2, 0xc8, 0xa6,
    0x34, 0x5a, 0xa4, 0x3d, 0x7, 0x34, 0x51, 0x81,
    0x1a, 0x20, 0xa0, 0x7f, 0x38, 0x7f, 0x91, 0x1a,
    0x7, 0xe6, 0xa0, 0x53, 0x88, 0x3a, 0x98, 0x0,

    /* U+76EE "目" */
    0xff, 0xc7, 0xf8, 0x3f, 0xd5, 0xe0, 0x57, 0x83,
    0xfd, 0xfe, 0x7, 0xf8, 0x3f, 0xdf, 0xe0, 0x7f,
    0x80,

    /* U+77E5 "知" */
    0xf, 0xfe, 0x2, 0x83, 0xfb, 0xd4, 0x6b, 0x60,
    0x99, 0x3a, 0xe, 0x1f, 0xca, 0xf, 0xe7, 0xc7,
    0x83, 0x9f, 0x3e, 0xf, 0x96, 0xf, 0xd7, 0x90,
    0xf5, 0xb, 0x2f, 0x8, 0x82, 0x2f, 0x2a, 0xd,
    0x20, 0x80,

    /* U+7801 "码" */
    0xf, 0xfe, 0xd, 0xd1, 0xab, 0xa, 0x28, 0xd4,
    0x86, 0x42, 0x83, 0xce, 0x1f, 0xee, 0xd0, 0xfc,
    0xde, 0x1a, 0x30, 0xa0, 0xdd, 0x30, 0x38, 0x4b,
    0x83, 0xff, 0x80, 0xa0, 0xbb, 0x5f, 0x1, 0xa2,
    0x15, 0xe0, 0xfe, 0xb4,

    /* U+793A "示" */
    0x7, 0xfe, 0x42, 0xff, 0xc8, 0x7f, 0xf0, 0xbf,
    0xfc, 0x9f, 0xcf, 0xe4, 0x28, 0x32, 0x83, 0x50,
    0x33, 0x84, 0x87, 0xd6, 0xe, 0xf, 0x90, 0x40,
    0xf8, 0x28,

    /* U+79BB "离" */
    0xf, 0xfe, 0x2c, 0x87, 0xab, 0x1d, 0x60, 0x44,
    0x78, 0x88, 0x24, 0xfc, 0x21, 0xcf, 0x41, 0xe,
    0x8e, 0x80, 0x82, 0x7e, 0x57, 0xd0, 0x3a, 0x17,
    0xa8, 0x1c, 0xa1, 0x90, 0xfa, 0x6, 0x1f, 0x2e,
    0x4, 0x14, 0x1e, 0x68, 0x0,

    /* U+79F0 "称" */
    0xf, 0xfe, 0xa, 0xb4, 0x83, 0xee, 0x46, 0xb2,
    0x38, 0x15, 0x30, 0x95, 0xe0, 0xb0, 0x4d, 0x48,
    0x48, 0x4c, 0x30, 0x50, 0x26, 0x8a, 0x9, 0xb,
    0x2e, 0x9, 0x4, 0x1f, 0xb4, 0x3a, 0xc, 0xa0,
    0xf3, 0xa1, 0x0,

    /* U+7A7A "空" */
    0xf, 0xfe, 0x13, 0x6, 0xad, 0xb5, 0x9a, 0xdd,
    0x4a, 0x6, 0xa, 0xd, 0x58, 0x2f, 0xae, 0xc,
    0xe5, 0xd3, 0xd5, 0x25, 0x5b, 0x50, 0x7f, 0xf2,
    0x6b, 0x8a, 0xc0,

    /* U+7A97 "窗" */
    0xf, 0xfe, 0x14, 0x1d, 0xd4, 0x56, 0xdb, 0x28,
    0x73, 0xc5, 0x9, 0xb4, 0xf1, 0x50, 0x8d, 0x79,
    0xd, 0xd3, 0xe, 0x73, 0x83, 0x90, 0x78, 0x39,
    0x2a, 0xe, 0xf5, 0x60, 0x0,

    /* U+7ACB "立" */
    0xf, 0xfe, 0x2a, 0x83, 0xfc, 0xe1, 0xe7, 0xf3,
    0xf8, 0xf, 0xff, 0x6, 0xc3, 0x48, 0x72, 0x82,
    0x50, 0x77, 0x82, 0x43, 0xca, 0x3, 0x87, 0xfa,
    0x43, 0xe8, 0x43, 0xd5, 0x76, 0xd4, 0x80,

    /* U+7AD6 "竖" */
    0xf, 0xfe, 0xa, 0x89, 0xe9, 0xc1, 0xe5, 0x51,
    0x83, 0xea, 0x21, 0xff, 0x50, 0x3e, 0xbd, 0x72,
    0x28, 0x29, 0x58, 0x7a, 0x98, 0x52, 0x37, 0x42,
    0xe8, 0x6, 0x6b, 0x34, 0xd, 0x40, 0xfd, 0x4d,
    0xa6, 0xd1,

    /* U+7AEF "端" */
    0x4, 0x8, 0x9, 0x5, 0xa1, 0xfd, 0xd4, 0x2b,
    0x50, 0x2f, 0x58, 0x32, 0x6, 0x37, 0xf9, 0x30,
    0x55, 0xea, 0x20, 0x72, 0xbb, 0xf, 0xa6, 0xd0,
    0x23, 0x7, 0xe8, 0xe0, 0xfd, 0x21, 0xc8, 0x87,
    0xa2, 0x1c,

    /* U+7B49 "等" */
    0xf, 0xfe, 0x16, 0x1a, 0xe, 0x4e, 0x99, 0xd1,
    0x3c, 0xdb, 0x4e, 0x4a, 0x14, 0x6f, 0x21, 0x55,
    0xb5, 0x20, 0xad, 0xb5, 0x92, 0xb7, 0xa2, 0x89,
    0x5f, 0x34, 0x4a, 0x1d, 0x4d, 0x10, 0xa8, 0x87,
    0xfb, 0x54, 0x84,

    /* U+7CFB "系" */
    0xe, 0x55, 0x0, 0xd5, 0x8d, 0x0, 0xd0, 0xd2,
    0xc, 0xe5, 0x38, 0x33, 0xe4, 0xd0, 0xea, 0x70,
    0xe0, 0x75, 0x5d, 0x1c, 0x7d, 0x46, 0xe8, 0x16,
    0x1d, 0x23, 0xe0, 0xcf, 0x87, 0x2c, 0x27, 0x0,

    /* U+7E9F "纟" */
    0xd, 0x7, 0x70, 0x6a, 0x6, 0x45, 0x40, 0x8e,
    0x80, 0xe7, 0x9, 0xf2, 0x81, 0x20, 0x41, 0xca,
    0xa, 0xf4, 0x82, 0xf4, 0x80,

    /* U+7EA7 "级" */
    0x9, 0xf, 0xf4, 0x9f, 0xc1, 0x90, 0x67, 0x90,
    0xa8, 0x21, 0x38, 0x4a, 0x90, 0xb4, 0xa, 0xf0,
    0x75, 0x8c, 0xa0, 0xaa, 0x41, 0x92, 0xa4, 0xb1,
    0xa9, 0xda, 0x8, 0xb5, 0x11, 0x58, 0x1c, 0xb8,
    0xe8, 0x8e, 0x9b, 0x6f, 0x90,

    /* U+7EBF "线" */
    0x2, 0x82, 0xc4, 0x36, 0x87, 0x90, 0xf9, 0x2f,
    0x2, 0x8b, 0x2, 0xa1, 0x5c, 0xb8, 0x61, 0xdc,
    0xa3, 0x10, 0x21, 0x55, 0x6c, 0x16, 0xa0, 0x3d,
    0x82, 0x58, 0xa, 0xd0, 0x50, 0x55, 0xa0, 0x4a,
    0x27, 0x57, 0x90,

    /* U+7EDD "绝" */
    0xf, 0xfe, 0x12, 0x81, 0x7, 0xd2, 0x6, 0xe0,
    0x98, 0x1e, 0x98, 0x29, 0xa1, 0x6d, 0x5, 0x64,
    0x4f, 0x1, 0x98, 0x43, 0xec, 0x92, 0x68, 0x5,
    0x72, 0x5d, 0x43, 0x22, 0x1f, 0x37, 0x7, 0x96,
    0xb9, 0xf5, 0x64,

    /* U+7EDF "统" */
    0x2, 0x82, 0x83, 0xda, 0x16, 0x87, 0xea, 0xba,
    0x3, 0xa3, 0x74, 0xe1, 0x31, 0x34, 0xd1, 0xd8,
    0xda, 0x10, 0x2d, 0x36, 0x2c, 0x56, 0x12, 0x1c,
    0xf2, 0x4, 0x3d, 0x71, 0x61, 0x28, 0xf5, 0xe4,
    0xf4, 0x88, 0x34, 0xf, 0x80,

    /* U+7EEA "绪" */
    0x9, 0xa, 0xf, 0x48, 0xcf, 0x61, 0xe6, 0x72,
    0x5, 0x18, 0x25, 0x80, 0xd7, 0x33, 0x26, 0x44,
    0xe, 0x88, 0x81, 0xd5, 0x4c, 0x10, 0x1c, 0xa8,
    0x2e, 0x42, 0xa8, 0x2a, 0x90, 0x54, 0x15, 0x48,
    0x2a, 0x0,

    /* U+7F3A "缺" */
    0xf, 0xfe, 0xc, 0x1d, 0x7, 0x35, 0x7, 0xcc,
    0x73, 0x3e, 0x9, 0x11, 0x9d, 0xa, 0x68, 0x1f,
    0x33, 0xcb, 0xe1, 0x43, 0x20, 0xa0, 0x7e, 0x50,
    0xa0, 0xc8, 0x1e, 0x80, 0x63, 0x4d, 0x42, 0xe,
    0x9d, 0x1, 0x60,

    /* U+7F6E "置" */
    0x1e, 0xe9, 0xd3, 0xa, 0x8f, 0x14, 0x9, 0xe3,
    0xcd, 0x40, 0x82, 0x43, 0x60, 0xac, 0xd7, 0x4,
    0xce, 0x2b, 0xf, 0xfe, 0xee, 0xbc, 0x1a, 0x9d,
    0x71, 0x20,

    /* U+8005 "者" */
    0xe, 0xc3, 0x21, 0x54, 0x55, 0x86, 0xa8, 0xa1,
    0x21, 0xfa, 0xd0, 0xab, 0x19, 0xd1, 0x2a, 0x1e,
    0xb2, 0xb, 0x5, 0x58, 0x56, 0xd7, 0x21, 0x49,
    0x5c, 0x87, 0xab, 0x90, 0xf7, 0x59, 0x0,

    /* U+8111 "脑" */
    0xf, 0xfe, 0xf, 0x61, 0x61, 0xcc, 0x8b, 0x4a,
    0xe, 0x41, 0x98, 0x4c, 0xb0, 0xf8, 0x26, 0x4b,
    0x37, 0xf, 0xac, 0x39, 0x90, 0x90, 0xe6, 0x41,
    0x79, 0xf, 0xda, 0xc0, 0x70, 0x9e, 0xa4, 0xa,
    0x7, 0x58, 0x8, 0xc1, 0xec,

    /* U+8272 "色" */
    0xf, 0xfe, 0x26, 0x1f, 0xec, 0xa6, 0x1e, 0xa7,
    0x68, 0x76, 0xde, 0x9f, 0x5, 0x1f, 0x3e, 0x42,
    0x43, 0xff, 0x83, 0xf3, 0xe4, 0x3b, 0xfd, 0x7,
    0xfc, 0xa0, 0xff, 0xb0, 0xae, 0xbb, 0x0,

    /* U+8288 "芈" */
    0xf, 0xfe, 0x1e, 0x42, 0x83, 0xff, 0x86, 0xd0,
    0x3a, 0xa1, 0xa0, 0x75, 0x41, 0xff, 0xc2, 0x62,
    0x7a, 0x82, 0x6e, 0x7e, 0x83, 0xff, 0x84, 0xfe,
    0x7f, 0x87, 0xf3, 0xfc, 0x1f, 0xfc, 0x10,

    /* U+84DD "蓝" */
    0x9, 0x41, 0x41, 0xab, 0xdb, 0x44, 0xa7, 0x5b,
    0xa2, 0x8, 0x86, 0xb0, 0x7d, 0xe2, 0x81, 0xfd,
    0xa1, 0xa1, 0x21, 0xc3, 0x50, 0xa7, 0x21, 0xd7,
    0x46, 0x43, 0xff, 0x87, 0x34, 0xe6, 0x74,

    /* U+85CF "藏" */
    0xd, 0x1, 0x83, 0x54, 0xd4, 0xd1, 0x2b, 0xdb,
    0x9, 0x1e, 0xa9, 0x84, 0x27, 0x6, 0xda, 0x8,
    0xe1, 0x6, 0xa, 0x2, 0x22, 0xc7, 0x81, 0xe3,
    0x50, 0xab, 0x1e, 0x10, 0xca, 0x23, 0xc0, 0x9f,
    0x15, 0x34, 0xf0,

    /* U+884C "行" */
    0x9, 0xf, 0xf6, 0x9f, 0xd0, 0x38, 0x1f, 0xd0,
    0xcc, 0x1f, 0x96, 0xf, 0xfa, 0xaf, 0xf0, 0x30,
    0x5f, 0x36, 0x38, 0x7f, 0x90, 0xff, 0xee, 0xba,
    0x83, 0x61, 0x3e, 0x8,

    /* U+8865 "补" */
    0x2, 0x1b, 0xf, 0x30, 0x7e, 0x68, 0x61, 0xf3,
    0x52, 0x1f, 0xee, 0x41, 0x40, 0xd0, 0xe0, 0xb8,
    0x10, 0x38, 0x27, 0x57, 0x14, 0xc, 0xb8, 0x28,
    0x3f, 0xfa, 0x40,

    /* U+8868 "表" */
    0xe, 0x50, 0x7a, 0xbf, 0xc0, 0xac, 0xaa, 0xc1,
    0x2c, 0x5, 0x82, 0xbe, 0x4f, 0xa0, 0x54, 0x4d,
    0x58, 0x4f, 0x9a, 0x10, 0x5e, 0x11, 0x28, 0x83,
    0x83, 0x4a, 0xf, 0x5c, 0x7c, 0x19, 0xb8, 0x16,
    0x0,

    /* U+88C5 "装" */
    0xa, 0x9, 0x41, 0x98, 0x6a, 0xe8, 0x6, 0x1a,
    0x3d, 0x0, 0xc8, 0x58, 0x77, 0x25, 0x78, 0x11,
    0x9d, 0xea, 0x2, 0x9d, 0x3a, 0xc9, 0x51, 0x34,
    0xf2, 0x37, 0x35, 0x8, 0x52, 0x34, 0x30, 0x91,
    0x88, 0xa9,

    /* U+8981 "要" */
    0x2a, 0xe9, 0xd4, 0x95, 0x34, 0x2a, 0x41, 0x46,
    0x85, 0x40, 0x79, 0xa1, 0x44, 0x2d, 0x70, 0xa0,
    0x99, 0xb7, 0x56, 0xa, 0xcd, 0x72, 0x50, 0xba,
    0x34, 0x42, 0x75, 0x78, 0x3d, 0x16, 0xc8, 0x54,
    0x2e, 0xa2, 0x0,

    /* U+89D2 "角" */
    0xd, 0x7, 0xf4, 0x53, 0x43, 0x25, 0x4a, 0xd,
    0x40, 0xfd, 0x95, 0x65, 0x83, 0x2a, 0x28, 0x86,
    0xa8, 0xa2, 0x1a, 0xa2, 0x88, 0x6a, 0x8a, 0x21,
    0x35, 0x14, 0x41, 0x61, 0xfe, 0x43, 0xb4, 0x10,
    0x6c, 0xf0,

    /* U+89E6 "触" */
    0xf, 0xfe, 0x16, 0x1d, 0x86, 0x4b, 0xf, 0xdf,
    0x25, 0xa, 0xa, 0xa1, 0x13, 0x1, 0x53, 0x7,
    0xf4, 0xc1, 0xfd, 0x30, 0x26, 0xd, 0x31, 0x42,
    0x81, 0x4c, 0x1d, 0x7, 0xca, 0x24, 0x70, 0x47,
    0xaa, 0x58, 0xae, 0x45, 0x0,

    /* U+8BA0 "讠" */
    0x2, 0x1d, 0x21, 0xb8, 0x3b, 0x3, 0x4c, 0xd,
    0x3, 0xff, 0x91, 0x6, 0xa0, 0x1a, 0x0,

    /* U+8BA4 "认" */
    0x2, 0x1d, 0x7, 0xd8, 0x7f, 0xcc, 0x1f, 0xfc,
    0x4, 0x3f, 0xd5, 0x4, 0xa0, 0xea, 0x7, 0xff,
    0x17, 0x50, 0x7f, 0x9b, 0xf, 0xa5, 0x83, 0xe5,
    0x6d, 0xb, 0xe, 0xdf, 0x5, 0x40, 0x90, 0x61,
    0x98,

    /* U+8BAE "议" */
    0xf, 0xfe, 0x14, 0x28, 0x81, 0x5, 0x83, 0x9,
    0xc2, 0x45, 0x11, 0xa3, 0x60, 0x42, 0x40, 0xc1,
    0x70, 0xc1, 0xf2, 0x89, 0xf, 0xd7, 0x7, 0xc8,
    0x58, 0x7a, 0x57, 0x88, 0x33, 0x64, 0x5e, 0x41,
    0x1a, 0x13, 0xa0,

    /* U+8BB8 "许" */
    0x10, 0x94, 0x1e, 0x70, 0x68, 0x7d, 0xa3, 0xfa,
    0xc, 0xd3, 0x7d, 0xd, 0x81, 0xf, 0x32, 0x41,
    0xff, 0x54, 0xd4, 0x1d, 0x53, 0x50, 0x72, 0x1f,
    0xcc, 0x87, 0xf5, 0x3, 0xf0,

    /* U+8BBE "设" */
    0xf, 0xfe, 0xb, 0x5, 0xd4, 0x13, 0xc0, 0x68,
    0x1c, 0xc2, 0x1f, 0x28, 0x14, 0x3, 0x5, 0x14,
    0xb, 0xc0, 0x41, 0xea, 0xd8, 0x72, 0x55, 0xe0,
    0xf5, 0x83, 0x43, 0x28, 0xfa, 0xe, 0xd2, 0x48,
    0x35, 0x7b, 0xd2,

    /* U+8BCA "诊" */
    0xf, 0xa0, 0xf6, 0x12, 0xa0, 0xed, 0x1f, 0xa0,
    0xe6, 0xe1, 0xf0, 0xd9, 0xcc, 0x38, 0xc0, 0x62,
    0x43, 0xf4, 0xac, 0x3f, 0xa2, 0x60, 0xe5, 0x4a,
    0xa0, 0x69, 0x45, 0xe0, 0xd4, 0x3a, 0x83, 0x90,
    0x70, 0x70,

    /* U+8BD5 "试" */
    0x14, 0x1d, 0xa1, 0x3a, 0x1c, 0xc1, 0x4d, 0x62,
    0x11, 0x45, 0x62, 0x88, 0x20, 0xff, 0x20, 0x7d,
    0x21, 0xf3, 0xd0, 0x3f, 0xf8, 0x1a, 0x1e, 0x4e,
    0x31, 0xa, 0xf1, 0xac, 0x15, 0x5c, 0x94, 0x40,

    /* U+8BDD "话" */
    0xf, 0xcc, 0x13, 0x15, 0x64, 0x13, 0x95, 0x8,
    0x72, 0x1f, 0xcd, 0x95, 0x15, 0xc, 0xa, 0x8a,
    0x83, 0xd4, 0x28, 0x87, 0x25, 0xde, 0xd, 0x7,
    0xfd, 0xa1, 0xfd, 0x23, 0x57, 0x80,

    /* U+8BEF "误" */
    0xf, 0xfe, 0xc, 0x83, 0xab, 0x41, 0x40, 0x35,
    0x83, 0x61, 0xfe, 0x50, 0x55, 0x60, 0x78, 0x15,
    0xc8, 0xc0, 0x69, 0xd4, 0x1c, 0xd0, 0xa8, 0x3a,
    0x99, 0xd0, 0x33, 0x45, 0xa8, 0x1e, 0x48, 0x83,
    0x4c, 0x45, 0xe0,

    /* U+8BF4 "说" */
    0xf, 0xfe, 0xa, 0x16, 0x14, 0x13, 0x2, 0x85,
    0x86, 0x8a, 0x33, 0x84, 0xa0, 0x7a, 0xc3, 0xa0,
    0xff, 0x21, 0x56, 0x43, 0xd4, 0x27, 0xf, 0x90,
    0xfe, 0x9f, 0x7, 0xed, 0x60, 0xa0, 0xb2, 0xc0,
    0xe1, 0xcc, 0x15, 0xc0,

    /* U+8BF7 "请" */
    0x10, 0xec, 0x39, 0xc6, 0x85, 0x41, 0x62, 0x1d,
    0x81, 0x40, 0xa1, 0x44, 0x48, 0x5a, 0x58, 0x50,
    0x1f, 0xe0, 0xf9, 0xa8, 0x3f, 0x96, 0xf, 0x28,
    0xf9, 0xe, 0xd5, 0x58, 0x35, 0x3, 0x51, 0x0,

    /* U+8D25 "败" */
    0xf, 0x90, 0xee, 0x98, 0x20, 0xe6, 0x88, 0xa0,
    0xf9, 0x6, 0xde, 0xf, 0x9e, 0x70, 0xf4, 0x1f,
    0x90, 0x5c, 0x1f, 0xfc, 0xa, 0x5, 0x64, 0xd,
    0xf, 0xa0, 0x4c, 0x15, 0x11, 0xf5, 0xc0, 0x81,
    0x38, 0x18,

    /* U+8F7D "载" */
    0xf, 0xfe, 0x24, 0x5, 0x82, 0x68, 0xd0, 0xe,
    0x6, 0x8d, 0x2, 0xc1, 0x4c, 0xa7, 0x52, 0x1f,
    0x6c, 0xa2, 0x3a, 0x91, 0x41, 0xd8, 0x6e, 0x2,
    0x45, 0x4, 0x33, 0x43, 0xc0, 0xc4, 0xa8, 0x29,
    0xcc, 0xa9, 0x47, 0x7c, 0x1a, 0x14, 0x3a,

    /* U+8F81 "辁" */
    0xf, 0xfe, 0x14, 0x19, 0xc2, 0x77, 0x81, 0x50,
    0x1d, 0xe2, 0x88, 0x81, 0x92, 0xd2, 0xd3, 0x32,
    0xee, 0xd1, 0x98, 0xa3, 0x20, 0xe6, 0xf, 0xf2,
    0xd4, 0x68, 0x3e, 0x3, 0x46, 0x83, 0xe5, 0x7,
    0xff, 0x2, 0xa6, 0x88,

    /* U+8F93 "输" */
    0xf, 0xfe, 0x12, 0x1a, 0xc, 0xdc, 0xb, 0x82,
    0x4e, 0x3c, 0xd4, 0x1d, 0x4e, 0x86, 0xf, 0x16,
    0xa, 0x63, 0x3a, 0x42, 0x80, 0xee, 0xa9, 0xf,
    0xa5, 0x48, 0x66, 0x24, 0x50, 0x66, 0xb, 0x5c,
    0x1f, 0x90, 0x41, 0xa0, 0x2a, 0x28, 0x0,

    /* U+8FC7 "过" */
    0x20, 0xf4, 0x1b, 0x83, 0xfc, 0xe7, 0xe7, 0x82,
    0x4f, 0xcf, 0xf, 0x86, 0xf, 0x38, 0x11, 0xf,
    0xf4, 0x87, 0xff, 0x5, 0xf, 0x20, 0x64, 0x35,
    0xe8, 0x68, 0x23, 0x17, 0x5d, 0x80,

    /* U+8FD0 "运" */
    0xf, 0xfe, 0xe, 0x83, 0xfa, 0x7, 0x27, 0xf4,
    0x16, 0x87, 0xff, 0x2, 0xbe, 0x55, 0x94, 0x7b,
    0x95, 0x6, 0x5b, 0xf, 0xa8, 0x21, 0xf2, 0xaa,
    0x70, 0xe6, 0xe9, 0xc0, 0x99, 0x60, 0x91, 0x29,
    0xff, 0x4c, 0xb, 0xfd, 0x0,

    /* U+8FD1 "近" */
    0xf, 0xca, 0x81, 0x20, 0xe8, 0x8, 0x14, 0xa,
    0x8a, 0xd, 0x87, 0xff, 0xe, 0xb9, 0x5e, 0xa,
    0x8d, 0x15, 0x84, 0x87, 0xf9, 0xf, 0xfb, 0x83,
    0xff, 0x8f, 0xeb, 0xb, 0x9, 0xc8, 0xa7, 0x52,

    /* U+8FD9 "这" */
    0xf, 0x28, 0x3a, 0x42, 0x70, 0xeb, 0x7e, 0x7e,
    0x41, 0x37, 0xd4, 0xd5, 0x41, 0xd2, 0x40, 0xc8,
    0x3e, 0x83, 0xfc, 0xc1, 0xf3, 0xeb, 0xc8, 0x64,
    0xd0, 0x61, 0x53, 0x43, 0x91, 0xda, 0x7f, 0x96,
    0x5, 0xfe, 0x40,

    /* U+8FDE "连" */
    0x10, 0xd0, 0x7d, 0x14, 0x6b, 0x1, 0xc8, 0xf5,
    0x41, 0x21, 0xb0, 0xcd, 0x9, 0x9a, 0x23, 0x25,
    0xcd, 0x10, 0xe5, 0xf8, 0x3f, 0xb0, 0xf9, 0x74,
    0xa0, 0x54, 0x1f, 0x9d, 0xa7, 0x9f, 0x96, 0x5,
    0xfe, 0x40,

    /* U+901A "通" */
    0xf, 0xfe, 0xc, 0x6, 0xb7, 0x3, 0x87, 0x21,
    0x80, 0x84, 0xf9, 0x83, 0x45, 0x31, 0xb0, 0x28,
    0x14, 0x68, 0x1a, 0x5, 0x1a, 0x4, 0x87, 0xff,
    0xe, 0x8d, 0x3, 0xfe, 0x82, 0xab, 0x4, 0x58,
    0xed, 0xd7, 0x6b, 0x2, 0xbd, 0xa0,

    /* U+914D "配" */
    0xf, 0xfe, 0xd, 0xdc, 0xfe, 0x4, 0xd4, 0xfc,
    0x14, 0xd1, 0xf, 0xd7, 0x61, 0xfe, 0x41, 0xf0,
    0x6d, 0x42, 0xbd, 0x1, 0xc3, 0x60, 0x42, 0xec,
    0x3f, 0x35, 0x7, 0x28, 0x6a, 0x43, 0xe6, 0xa5,
    0x5d, 0x12, 0xa, 0x3d, 0x60,

    /* U+91CD "重" */
    0xf, 0xca, 0xd, 0x5b, 0x44, 0x35, 0x65, 0x83,
    0x57, 0x35, 0x92, 0xf8, 0x1f, 0x48, 0x25, 0x6b,
    0x8, 0x6a, 0x6d, 0x30, 0xef, 0xf, 0x83, 0xb5,
    0x62, 0xa4, 0x2a, 0xb6, 0xb0, 0x55, 0x9a, 0xc0,
    0xae, 0x6b, 0x20,

    /* U+91CF "量" */
    0x5, 0x17, 0xb0, 0xff, 0xe2, 0xeb, 0xc1, 0xd8,
    0xbd, 0x5, 0x7f, 0xe9, 0x23, 0xc0, 0xf1, 0xa0,
    0x7c, 0x3e, 0xe, 0x7c, 0xf, 0x7, 0xbc, 0xf,
    0x7, 0x56, 0x6a, 0x41, 0x5c, 0xd6, 0x40,

    /* U+949F "钟" */
    0x4, 0x1d, 0x85, 0x34, 0xf, 0x27, 0x46, 0x85,
    0x12, 0xaf, 0x44, 0x97, 0xa1, 0xf, 0x61, 0xfd,
    0x3c, 0x78, 0xc1, 0x4e, 0xf8, 0xd0, 0xe4, 0x34,
    0xe, 0x81, 0xfd, 0xc1, 0xe0,

    /* U+94C8 "铈" */
    0xf, 0xfe, 0x14, 0x19, 0x83, 0x2b, 0x9b, 0x68,
    0x9f, 0x4d, 0xa, 0x27, 0x44, 0x24, 0x32, 0x6a,
    0xe6, 0xc2, 0xc2, 0xa3, 0x20, 0xac, 0x1f, 0xab,
    0x7, 0xfc, 0x86, 0x50, 0x5c, 0x28, 0xe, 0x1b,
    0x43, 0xe0,

    /* U+9500 "销" */
    0x4, 0x4, 0x10, 0x82, 0x68, 0xc1, 0x62, 0x74,
    0x30, 0x30, 0x95, 0x34, 0x7c, 0xb, 0xd7, 0xae,
    0x40, 0xe2, 0x75, 0x21, 0xb0, 0x75, 0x20, 0x7c,
    0x95, 0x90, 0xe4, 0xea, 0x42, 0xe0, 0x21, 0xfb,
    0x43, 0x40,

    /* U+9519 "错" */
    0x4, 0x1a, 0x20, 0x95, 0x46, 0x66, 0x7, 0xa8,
    0xcc, 0x40, 0xe8, 0x86, 0x42, 0x40, 0xd0, 0x89,
    0x7, 0x8a, 0xf2, 0x56, 0x35, 0xb0, 0x56, 0x2,
    0xc1, 0xfd, 0x50, 0x75, 0x1, 0x50, 0x6f, 0x40,
    0xa9, 0x0,

    /* U+951D "锝" */
    0xf, 0xfe, 0x14, 0x7, 0xab, 0x4, 0xf8, 0xac,
    0x4, 0xf8, 0xac, 0x7, 0x58, 0x7e, 0x9, 0xc5,
    0x4b, 0x61, 0xea, 0xdc, 0x93, 0x5e, 0x24, 0xaf,
    0xc4, 0x87, 0x45, 0x9, 0x7, 0x42, 0x81, 0xf7,
    0x2, 0x88, 0x0,

    /* U+95E8 "门" */
    0xf, 0xfb, 0x2f, 0xf1, 0x57, 0xf0, 0xac, 0x3e,
    0x84, 0x3f, 0xff, 0xde, 0x40,

    /* U+95ED "闭" */
    0xf, 0xf3, 0x97, 0xf9, 0x45, 0xfc, 0x30, 0x68,
    0x28, 0x3f, 0xef, 0xce, 0x85, 0xe8, 0x74, 0x33,
    0xe0, 0xf5, 0xc1, 0xe7, 0x83, 0xe5, 0x14, 0xc3,
    0xea, 0x24, 0x80,

    /* U+95F2 "闲" */
    0xf, 0xfe, 0x6, 0x5f, 0xe0, 0x55, 0xfc, 0x81,
    0xc3, 0xf6, 0x22, 0x83, 0xea, 0xf2, 0x1a, 0x80,
    0xe4, 0x3a, 0xac, 0x3d, 0x60, 0xb0, 0xed, 0xb,
    0xe, 0x43, 0xff, 0x80, 0xa2, 0xd0,

    /* U+95F4 "间" */
    0xf, 0xf3, 0x97, 0xf9, 0x6b, 0xf8, 0x64, 0x3e,
    0x81, 0x58, 0x3e, 0xa0, 0x7f, 0x90, 0xf3, 0x40,
    0xf9, 0xa2, 0x1e, 0x68, 0x87, 0xba, 0x61, 0xff,
    0x48,

    /* U+961F "队" */
    0xf, 0xfb, 0xa6, 0x8, 0x3a, 0xd0, 0xfe, 0xe0,
    0xfe, 0x43, 0xfd, 0x20, 0x50, 0x73, 0x5, 0x87,
    0xf2, 0x1e, 0xd2, 0x9a, 0x1b, 0x84, 0x70, 0xf5,
    0x1, 0xc1, 0xad, 0x2, 0x38, 0x24, 0x34, 0x80,

    /* U+9650 "限" */
    0xf, 0xfb, 0xba, 0x75, 0x86, 0x99, 0xd4, 0x85,
    0xa1, 0xff, 0xc0, 0xac, 0x1f, 0x56, 0xd, 0x43,
    0xd4, 0x43, 0xdd, 0xc1, 0x3e, 0x3, 0x4c, 0xe,
    0x85, 0x8, 0x79, 0x92, 0xf, 0x71, 0x68,

    /* U+9664 "除" */
    0xf, 0x90, 0xbb, 0xa, 0x81, 0x32, 0x8, 0xe0,
    0x9c, 0xc8, 0xe0, 0x6d, 0xa, 0x61, 0x6c, 0xd0,
    0xa0, 0x1c, 0x25, 0x7, 0x2a, 0x99, 0x40, 0x4a,
    0xf4, 0xf0, 0x28, 0x48, 0x18, 0x37, 0x6, 0xc3,
    0x6a, 0xb1, 0x20, 0xcc, 0x84,

    /* U+9690 "隐" */
    0xf, 0xfb, 0xb0, 0x61, 0xcc, 0x8, 0xb4, 0x33,
    0x1c, 0xa0, 0x9a, 0x6a, 0xdc, 0xa, 0x7, 0xe0,
    0xd8, 0xd6, 0x43, 0xab, 0x82, 0x41, 0x42, 0xa0,
    0x34, 0x2a, 0x20, 0xfd, 0x40, 0xe8, 0x14, 0x22,
    0xd, 0x58, 0x0,

    /* U+969C "障" */
    0xf, 0x21, 0xbb, 0x81, 0x6, 0x67, 0xb6, 0xe0,
    0x95, 0x36, 0x40, 0xa3, 0x16, 0xc9, 0xe7, 0xf8,
    0x47, 0x7f, 0x90, 0x9c, 0xac, 0x15, 0x5b, 0xcc,
    0xa, 0x3e, 0x7, 0xa0, 0x9a, 0x35, 0x83, 0xfe,

    /* U+9700 "需" */
    0x5, 0x5e, 0xa9, 0xa, 0xbf, 0x20, 0xeb, 0x75,
    0x60, 0x70, 0x58, 0x34, 0x16, 0x1e, 0xe0, 0x41,
    0x78, 0x28, 0x15, 0x8e, 0xb0, 0x55, 0x3d, 0x48,
    0x68, 0xe2, 0x98, 0x7f, 0xf2, 0xac, 0x28, 0x81,
    0x12, 0x0,

    /* U+9879 "项" */
    0xc, 0xd3, 0xd4, 0x6f, 0x9a, 0x1d, 0x1b, 0x72,
    0xca, 0x21, 0xf7, 0xa9, 0x87, 0xec, 0x3f, 0xf8,
    0xcb, 0x7, 0xce, 0x88, 0x7e, 0xe4, 0xa9, 0x50,
    0x86, 0xb5, 0x70, 0x75, 0x10, 0x58,

    /* U+988C "颌" */
    0x9, 0xf, 0xf3, 0xd, 0x3d, 0x20, 0xa9, 0xa1,
    0xc9, 0x44, 0x14, 0x28, 0x2c, 0x43, 0xda, 0x35,
    0x80, 0xe8, 0x4d, 0x41, 0x21, 0xba, 0x61, 0xf9,
    0xa2, 0x1f, 0xfc, 0x1c, 0x56, 0x6, 0x88, 0x3b,
    0x40, 0xd3, 0x78, 0xa0, 0x20, 0x9d, 0x6, 0x0,

    /* U+9963 "饣" */
    0x2, 0x1e, 0x83, 0xef, 0x92, 0x9e, 0x50, 0xa8,
    0xc1, 0x88, 0x87, 0xff, 0x22, 0xe, 0xe0, 0xce,
    0x0,

    /* U+9A6C "马" */
    0xf, 0xfe, 0x17, 0xfd, 0x6, 0xff, 0x58, 0x74,
    0x1f, 0xfc, 0x4c, 0x3f, 0xf8, 0x8, 0x65, 0x7e,
    0x7c, 0x13, 0xff, 0x20, 0xaf, 0x91, 0x5, 0x7c,
    0x87, 0xff, 0x5, 0xf, 0xd4, 0xe0, 0xfd, 0x4c,
    0x0,

    /* U+9C7F "鱿" */
    0xf, 0xfe, 0x14, 0x1d, 0x21, 0x2a, 0xc3, 0x30,
    0x2e, 0x43, 0xb1, 0x2c, 0xa6, 0xda, 0xd3, 0x16,
    0xd1, 0x19, 0x83, 0x41, 0x33, 0x1, 0xe, 0x66,
    0x7, 0x83, 0x77, 0x40, 0x20, 0x46, 0x9d, 0x30,
    0xb3, 0xd7, 0x8, 0xf8, 0x90, 0xa0, 0x79,

    /* U+9E1F "鸟" */
    0xf, 0xfe, 0x24, 0x87, 0x9e, 0x7a, 0x82, 0xfd,
    0x50, 0x79, 0xa0, 0x30, 0xf5, 0x19, 0xd, 0xd5,
    0x94, 0x5, 0xd7, 0x90, 0xff, 0xe0, 0x57, 0xe1,
    0x2b, 0xf0, 0x7f, 0xae, 0xf, 0xd6, 0x0,

    /* U+9ED8 "默" */
    0x3b, 0xa0, 0x24, 0x27, 0x70, 0xcc, 0x1f, 0xf6,
    0x1f, 0x51, 0xb4, 0xc4, 0xe8, 0x51, 0x3c, 0x78,
    0x24, 0x2a, 0x34, 0x15, 0x85, 0x46, 0x87, 0x6,
    0xee, 0xc4, 0xd0, 0x91, 0xe8, 0x30, 0xa0, 0x30,
    0x83, 0x40,

    /* U+FF01 "！" */
    0xd0, 0x21, 0x90, 0x42, 0x4e, 0x80,

    /* U+FF08 "（" */
    0xf, 0x40, 0x70, 0x48, 0xc1, 0xed, 0x6, 0x85,
    0x81, 0x41, 0x50, 0x8, 0x68,

    /* U+FF09 "）" */
    0xe, 0x82, 0xd0, 0x30, 0x52, 0x1e, 0x70, 0x38,
    0x30, 0x94, 0x30, 0x34, 0x10, 0x0,

    /* U+FF0C "，" */
    0x24, 0x11, 0x25, 0x8,

    /* U+FF1A "：" */
    0x57, 0xa8, 0x1e, 0x57, 0xa8,

    /* U+FF1B "；" */
    0x14, 0xf, 0x2, 0x81, 0xff, 0x20, 0xa0, 0x20,
    0x94, 0x14, 0x0,

    /* U+FF1F "？" */
    0x2f, 0x43, 0xf2, 0xe0, 0x21, 0xca, 0xb, 0xc1,
    0x50, 0x34, 0x86, 0x43, 0xb4, 0x34, 0x80,

    /* U+FF3B "［" */
    0xa8, 0x14, 0xf, 0xfe, 0xb5, 0x0,

    /* U+FF3D "］" */
    0x2a, 0x28, 0x1f, 0xfd, 0x6a, 0x0
};


/*---------------------
 *  GLYPH DESCRIPTION
 *--------------------*/

static const lv_font_fmt_txt_glyph_dsc_t ui_font_zh_12_glyph_dsc[] = {
    {.bitmap_index = 0, .adv_w = 0, .box_w = 0, .box_h = 0, .ofs_x = 0, .ofs_y = 0} /* id = 0 reserved */,
    {.bitmap_index = 0, .adv_w = 192, .box_w = 4, .box_h = 3, .ofs_x = 4, .ofs_y = 4},
    {.bitmap_index = 4, .adv_w = 103, .box_w = 6, .box_h = 1, .ofs_x = 0, .ofs_y = 3},
    {.bitmap_index = 6, .adv_w = 171, .box_w = 11, .box_h = 1, .ofs_x = 0, .ofs_y = 3},
    {.bitmap_index = 8, .adv_w = 192, .box_w = 3, .box_h = 4, .ofs_x = 9, .ofs_y = 7},
    {.bitmap_index = 11, .adv_w = 192, .box_w = 3, .box_h = 4, .ofs_x = 0, .ofs_y = 7},
    {.bitmap_index = 15, .adv_w = 192, .box_w = 5, .box_h = 4, .ofs_x = 7, .ofs_y = 7},
    {.bitmap_index = 20, .adv_w = 192, .box_w = 5, .box_h = 4, .ofs_x = 0, .ofs_y = 7},
    {.bitmap_index = 26, .adv_w = 192, .box_w = 10, .box_h = 2, .ofs_x = 1, .ofs_y = 4},
    {.bitmap_index = 33, .adv_w = 192, .box_w = 0, .box_h = 0, .ofs_x = 0, .ofs_y = 0},
    {.bitmap_index = 33, .adv_w = 192, .box_w = 5, .box_h = 4, .ofs_x = 0, .ofs_y = -1},
    {.bitmap_index = 38, .adv_w = 192, .box_w = 4, .box_h = 4, .ofs_x = 0, .ofs_y = -1},
    {.bitmap_index = 43, .adv_w = 192, .box_w = 5, .box_h = 13, .ofs_x = 7, .ofs_y = -2},
    {.bitmap_index = 59, .adv_w = 192, .box_w = 5, .box_h = 13, .ofs_x = 0, .ofs_y = -2},
    {.bitmap_index = 75, .adv_w = 192, .box_w = 6, .box_h = 13, .ofs_x = 6, .ofs_y = -2},
    {.bitmap_index = 95, .adv_w = 192, .box_w = 6, .box_h = 13, .ofs_x = 0, .ofs_y = -2},
    {.bitmap_index = 115, .adv_w = 192, .box_w = 4, .box_h = 8, .ofs_x = 8, .ofs_y = 2},
    {.bitmap_index = 121, .adv_w = 192, .box_w = 4, .box_h = 8, .ofs_x = 0, .ofs_y = -1},
    {.bitmap_index = 127, .adv_w = 192, .box_w = 5, .box_h = 8, .ofs_x = 7, .ofs_y = 2},
    {.bitmap_index = 134, .adv_w = 192, .box_w = 5, .box_h = 8, .ofs_x = 0, .ofs_y = -1},
    {.bitmap_index = 142, .adv_w = 192, .box_w = 4, .box_h = 12, .ofs_x = 8, .ofs_y = -1},
    {.bitmap_index = 153, .adv_w = 192, .box_w = 4, .box_h = 12, .ofs_x = 0, .ofs_y = -2},
    {.bitmap_index = 164, .adv_w = 192, .box_w = 12, .box_h = 1, .ofs_x = 0, .ofs_y = 4},
    {.bitmap_index = 167, .adv_w = 192, .box_w = 12, .box_h = 11, .ofs_x = 0, .ofs_y = -2},
    {.bitmap_index = 194, .adv_w = 192, .box_w = 12, .box_h = 9, .ofs_x = 0, .ofs_y = 0},
    {.bitmap_index = 210, .adv_w = 192, .box_w = 12, .box_h = 11, .ofs_x = 0, .ofs_y = -1},
    {.bitmap_index = 225, .adv_w = 192, .box_w = 12, .box_h = 10, .ofs_x = 0, .ofs_y = -1},
    {.bitmap_index = 244, .adv_w = 192, .box_w = 12, .box_h = 10, .ofs_x = 0, .ofs_y = -1},
    {.bitmap_index = 268, .adv_w = 192, .box_w = 11, .box_h = 12, .ofs_x = 0, .ofs_y = -2},
    {.bitmap_index = 295, .adv_w = 192, .box_w = 10, .box_h = 11, .ofs_x = 1, .ofs_y = -1},
    {.bitmap_index = 316, .adv_w = 192, .box_w = 10, .box_h = 11, .ofs_x = 1, .ofs_y = -1},
    {.bitmap_index = 342, .adv_w = 192, .box_w = 11, .box_h = 12, .ofs_x = 0, .ofs_y = -2},
    {.bitmap_index = 373, .adv_w = 192, .box_w = 12, .box_h = 11, .ofs_x = 0, .ofs_y = -1},
    {.bitmap_index = 405, .adv_w = 192, .box_w = 12, .box_h = 9, .ofs_x = 0, .ofs_y = 0},
    {.bitmap_index = 417, .adv_w = 192, .box_w = 12, .box_h = 10, .ofs_x = 0, .ofs_y = -1},
    {.bitmap_index = 444, .adv_w = 192, .box_w = 12, .box_h = 13, .ofs_x = 0, .ofs_y = -2},
    {.bitmap_index = 480, .adv_w = 192, .box_w = 12, .box_h = 13, .ofs_x = 0, .ofs_y = -2},
    {.bitmap_index = 515, .adv_w = 192, .box_w = 12, .box_h = 12, .ofs_x = 0, .ofs_y = -1},
    {.bitmap_index = 548, .adv_w = 192, .box_w = 12, .box_h = 12, .ofs_x = 0, .ofs_y = -1},
    {.bitmap_index = 576, .adv_w = 192, .box_w = 12, .box_h = 12, .ofs_x = 0, .ofs_y = -1},
    {.bitmap_index = 603, .adv_w = 192, .box_w = 12, .box_h = 12, .ofs_x = 0, .ofs_y = -1},
    {.bitmap_index = 635, .adv_w = 192, .box_w = 12, .box_h = 11, .ofs_x = 0, .ofs_y = -1},
    {.bitmap_index = 666, .adv_w = 192, .box_w = 12, .box_h = 12, .ofs_x = 0, .ofs_y = -1},
    {.bitmap_index = 698, .adv_w = 192, .box_w = 12, .box_h = 12, .ofs_x = 0, .ofs_y = -1},
    {.bitmap_index = 730, .adv_w = 192, .box_w = 12, .box_h = 13, .ofs_x = 0, .ofs_y = -2},
    {.bitmap_index = 762, .adv_w = 192, .box_w = 12, .box_h = 13, .ofs_x = 0, .ofs_y = -2},
    {.bitmap_index = 799, .adv_w = 192, .box_w = 12, .box_h = 11, .ofs_x = 0, .ofs_y = -1},
    {.bitmap_index = 825, .adv_w = 192, .box_w = 12, .box_h = 12, .ofs_x = 0, .ofs_y = -1},
    {.bitmap_index = 858, .adv_w = 192, .box_w = 12, .box_h = 12, .ofs_x = 0, .ofs_y = -1},
    {.bitmap_index = 892, .adv_w = 192, .box_w = 12, .box_h = 12, .ofs_x = 0, .ofs_y = -1},
    {.bitmap_index = 927, .adv_w = 192, .box_w = 12, .box_h = 13, .ofs_x = 0, .ofs_y = -2},
    {.bitmap_index = 964, .adv_w = 192, .box_w = 12, .box_h = 12, .ofs_x = 0, .ofs_y = -2},
    {.bitmap_index = 996, .adv_w = 192, .box_w = 12, .box_h = 11, .ofs_x = 0, .ofs_y = -1},
    {.bitmap_index = 1024, .adv_w = 192, .box_w = 12, .box_h = 12, .ofs_x = 0, .ofs_y = -1},
    {.bitmap_index = 1054, .adv_w = 192, .box_w = 12, .box_h = 11, .ofs_x = 0, .ofs_y = -1},
    {.bitmap_index = 1082, .adv_w = 192, .box_w = 12, .box_h = 12, .ofs_x = 0, .ofs_y = -1},
    {.bitmap_index = 1115, .adv_w = 192, .box_w = 12, .box_h = 11, .ofs_x = 0, .ofs_y = -1},
    {.bitmap_index = 1146, .adv_w = 192, .box_w = 10, .box_h = 11, .ofs_x = 1, .ofs_y = -1},
    {.bitmap_index = 1170, .adv_w = 192, .box_w = 12, .box_h = 11, .ofs_x = 0, .ofs_y = -1},
    {.bitmap_index = 1205, .adv_w = 192, .box_w = 12, .box_h = 13, .ofs_x = 0, .ofs_y = -2},
    {.bitmap_index = 1241, .adv_w = 192, .box_w = 12, .box_h = 12, .ofs_x = 0, .ofs_y = -2},
    {.bitmap_index = 1274, .adv_w = 192, .box_w = 11, .box_h = 12, .ofs_x = 0, .ofs_y = -2},
    {.bitmap_index = 1304, .adv_w = 192, .box_w = 11, .box_h = 12, .ofs_x = 0, .ofs_y = -2},
    {.bitmap_index = 1332, .adv_w = 192, .box_w = 11, .box_h = 12, .ofs_x = 0, .ofs_y = -2},
    {.bitmap_index = 1363, .adv_w = 192, .box_w = 11, .box_h = 13, .ofs_x = 0, .ofs_y = -2},
    {.bitmap_index = 1397, .adv_w = 192, .box_w = 11, .box_h = 12, .ofs_x = 0, .ofs_y = -2},
    {.bitmap_index = 1426, .adv_w = 192, .box_w = 12, .box_h = 12, .ofs_x = 0, .ofs_y = -2},
    {.bitmap_index = 1457, .adv_w = 192, .box_w = 11, .box_h = 12, .ofs_x = 0, .ofs_y = -2},
    {.bitmap_index = 1485, .adv_w = 192, .box_w = 12, .box_h = 13, .ofs_x = 0, .ofs_y = -2},
    {.bitmap_index = 1521, .adv_w = 192, .box_w = 12, .box_h = 12, .ofs_x = 0, .ofs_y = -2},
    {.bitmap_index = 1555, .adv_w = 192, .box_w = 12, .box_h = 12, .ofs_x = 0, .ofs_y = -1},
    {.bitmap_index = 1585, .adv_w = 192, .box_w = 11, .box_h = 11, .ofs_x = 1, .ofs_y = -1},
    {.bitmap_index = 1612, .adv_w = 192, .box_w = 12, .box_h = 12, .ofs_x = 0, .ofs_y = -2},
    {.bitmap_index = 1646, .adv_w = 192, .box_w = 11, .box_h = 11, .ofs_x = 0, .ofs_y = -1},
    {.bitmap_index = 1671, .adv_w = 192, .box_w = 12, .box_h = 11, .ofs_x = 0, .ofs_y = -1},
    {.bitmap_index = 1703, .adv_w = 192, .box_w = 12, .box_h = 12, .ofs_x = 0, .ofs_y = -2},
    {.bitmap_index = 1738, .adv_w = 192, .box_w = 10, .box_h = 10, .ofs_x = 1, .ofs_y = -1},
    {.bitmap_index = 1748, .adv_w = 192, .box_w = 12, .box_h = 10, .ofs_x = 0, .ofs_y = -1},
    {.bitmap_index = 1769, .adv_w = 192, .box_w = 10, .box_h = 11, .ofs_x = 1, .ofs_y = -1},
    {.bitmap_index = 1791, .adv_w = 192, .box_w = 10, .box_h = 12, .ofs_x = 0, .ofs_y = -1},
    {.bitmap_index = 1819, .adv_w = 192, .box_w = 12, .box_h = 11, .ofs_x = 0, .ofs_y = -1},
    {.bitmap_index = 1849, .adv_w = 192, .box_w = 11, .box_h = 12, .ofs_x = 0, .ofs_y = -2},
    {.bitmap_index = 1877, .adv_w = 192, .box_w = 11, .box_h = 12, .ofs_x = 0, .ofs_y = -2},
    {.bitmap_index = 1908, .adv_w = 192, .box_w = 12, .box_h = 12, .ofs_x = 0, .ofs_y = -1},
    {.bitmap_index = 1940, .adv_w = 192, .box_w = 11, .box_h = 11, .ofs_x = 0, .ofs_y = -1},
    {.bitmap_index = 1968, .adv_w = 192, .box_w = 10, .box_h = 10, .ofs_x = 1, .ofs_y = -1},
    {.bitmap_index = 1988, .adv_w = 192, .box_w = 10, .box_h = 11, .ofs_x = 1, .ofs_y = -1},
    {.bitmap_index = 2008, .adv_w = 192, .box_w = 10, .box_h = 11, .ofs_x = 1, .ofs_y = -1},
    {.bitmap_index = 2033, .adv_w = 192, .box_w = 12, .box_h = 11, .ofs_x = 0, .ofs_y = -1},
    {.bitmap_index = 2058, .adv_w = 192, .box_w = 12, .box_h = 12, .ofs_x = 0, .ofs_y = -1},
    {.bitmap_index = 2091, .adv_w = 192, .box_w = 12, .box_h = 12, .ofs_x = 0, .ofs_y = -1},
    {.bitmap_index = 2124, .adv_w = 192, .box_w = 12, .box_h = 11, .ofs_x = 0, .ofs_y = -1},
    {.bitmap_index = 2154, .adv_w = 192, .box_w = 12, .box_h = 11, .ofs_x = 0, .ofs_y = -1},
    {.bitmap_index = 2185, .adv_w = 192, .box_w = 12, .box_h = 12, .ofs_x = 0, .ofs_y = -1},
    {.bitmap_index = 2220, .adv_w = 192, .box_w = 12, .box_h = 12, .ofs_x = 0, .ofs_y = -1},
    {.bitmap_index = 2248, .adv_w = 192, .box_w = 12, .box_h = 12, .ofs_x = 0, .ofs_y = -1},
    {.bitmap_index = 2280, .adv_w = 192, .box_w = 10, .box_h = 12, .ofs_x = 1, .ofs_y = -1},
    {.bitmap_index = 2307, .adv_w = 192, .box_w = 12, .box_h = 13, .ofs_x = 0, .ofs_y = -2},
    {.bitmap_index = 2345, .adv_w = 192, .box_w = 12, .box_h = 13, .ofs_x = 0, .ofs_y = -2},
    {.bitmap_index = 2379, .adv_w = 192, .box_w = 10, .box_h = 12, .ofs_x = 1, .ofs_y = -1},
    {.bitmap_index = 2407, .adv_w = 192, .box_w = 12, .box_h = 12, .ofs_x = 0, .ofs_y = -1},
    {.bitmap_index = 2440, .adv_w = 192, .box_w = 12, .box_h = 12, .ofs_x = 0, .ofs_y = -1},
    {.bitmap_index = 2475, .adv_w = 192, .box_w = 12, .box_h = 12, .ofs_x = 0, .ofs_y = -2},
    {.bitmap_index = 2507, .adv_w = 192, .box_w = 12, .box_h = 11, .ofs_x = 0, .ofs_y = -1},
    {.bitmap_index = 2538, .adv_w = 192, .box_w = 12, .box_h = 11, .ofs_x = 0, .ofs_y = -1},
    {.bitmap_index = 2566, .adv_w = 192, .box_w = 12, .box_h = 13, .ofs_x = 0, .ofs_y = -2},
    {.bitmap_index = 2606, .adv_w = 192, .box_w = 12, .box_h = 11, .ofs_x = 0, .ofs_y = -1},
    {.bitmap_index = 2638, .adv_w = 192, .box_w = 12, .box_h = 9, .ofs_x = 0, .ofs_y = 0},
    {.bitmap_index = 2648, .adv_w = 192, .box_w = 11, .box_h = 11, .ofs_x = 1, .ofs_y = -1},
    {.bitmap_index = 2670, .adv_w = 192, .box_w = 10, .box_h = 11, .ofs_x = 1, .ofs_y = -1},
    {.bitmap_index = 2698, .adv_w = 192, .box_w = 12, .box_h = 11, .ofs_x = 0, .ofs_y = -1},
    {.bitmap_index = 2731, .adv_w = 192, .box_w = 12, .box_h = 13, .ofs_x = 0, .ofs_y = -2},
    {.bitmap_index = 2764, .adv_w = 192, .box_w = 12, .box_h = 13, .ofs_x = 0, .ofs_y = -2},
    {.bitmap_index = 2800, .adv_w = 192, .box_w = 12, .box_h = 12, .ofs_x = 0, .ofs_y = -1},
    {.bitmap_index = 2833, .adv_w = 192, .box_w = 12, .box_h = 13, .ofs_x = 0, .ofs_y = -2},
    {.bitmap_index = 2872, .adv_w = 192, .box_w = 12, .box_h = 12, .ofs_x = 0, .ofs_y = -2},
    {.bitmap_index = 2911, .adv_w = 192, .box_w = 12, .box_h = 12, .ofs_x = 0, .ofs_y = -2},
    {.bitmap_index = 2937, .adv_w = 192, .box_w = 10, .box_h = 11, .ofs_x = 1, .ofs_y = -1},
    {.bitmap_index = 2962, .adv_w = 192, .box_w = 12, .box_h = 12, .ofs_x = 0, .ofs_y = -1},
    {.bitmap_index = 2996, .adv_w = 192, .box_w = 12, .box_h = 13, .ofs_x = 0, .ofs_y = -2},
    {.bitmap_index = 3031, .adv_w = 192, .box_w = 12, .box_h = 12, .ofs_x = 0, .ofs_y = -1},
    {.bitmap_index = 3066, .adv_w = 192, .box_w = 12, .box_h = 11, .ofs_x = 0, .ofs_y = -1},
    {.bitmap_index = 3097, .adv_w = 192, .box_w = 12, .box_h = 11, .ofs_x = 0, .ofs_y = -1},
    {.bitmap_index = 3124, .adv_w = 192, .box_w = 12, .box_h = 13, .ofs_x = 0, .ofs_y = -2},
    {.bitmap_index = 3161, .adv_w = 192, .box_w = 12, .box_h = 12, .ofs_x = 0, .ofs_y = -1},
    {.bitmap_index = 3196, .adv_w = 192, .box_w = 12, .box_h = 11, .ofs_x = 0, .ofs_y = -1},
    {.bitmap_index = 3229, .adv_w = 192, .box_w = 10, .box_h = 12, .ofs_x = 0, .ofs_y = -2},
    {.bitmap_index = 3253, .adv_w = 192, .box_w = 12, .box_h = 12, .ofs_x = 0, .ofs_y = -2},
    {.bitmap_index = 3288, .adv_w = 192, .box_w = 12, .box_h = 12, .ofs_x = 0, .ofs_y = -2},
    {.bitmap_index = 3315, .adv_w = 192, .box_w = 12, .box_h = 13, .ofs_x = 0, .ofs_y = -2},
    {.bitmap_index = 3350, .adv_w = 192, .box_w = 12, .box_h = 12, .ofs_x = 0, .ofs_y = -2},
    {.bitmap_index = 3382, .adv_w = 192, .box_w = 12, .box_h = 12, .ofs_x = 0, .ofs_y = -2},
    {.bitmap_index = 3412, .adv_w = 192, .box_w = 12, .box_h = 13, .ofs_x = 0, .ofs_y = -2},
    {.bitmap_index = 3449, .adv_w = 192, .box_w = 12, .box_h = 12, .ofs_x = 0, .ofs_y = -2},
    {.bitmap_index = 3485, .adv_w = 192, .box_w = 12, .box_h = 12, .ofs_x = 0, .ofs_y = -2},
    {.bitmap_index = 3517, .adv_w = 192, .box_w = 12, .box_h = 13, .ofs_x = 0, .ofs_y = -2},
    {.bitmap_index = 3556, .adv_w = 192, .box_w = 12, .box_h = 12, .ofs_x = 0, .ofs_y = -2},
    {.bitmap_index = 3593, .adv_w = 192, .box_w = 12, .box_h = 13, .ofs_x = 0, .ofs_y = -2},
    {.bitmap_index = 3633, .adv_w = 192, .box_w = 12, .box_h = 12, .ofs_x = 0, .ofs_y = -2},
    {.bitmap_index = 3670, .adv_w = 192, .box_w = 12, .box_h = 12, .ofs_x = 0, .ofs_y = -1},
    {.bitmap_index = 3703, .adv_w = 192, .box_w = 12, .box_h = 12, .ofs_x = 0, .ofs_y = -1},
    {.bitmap_index = 3737, .adv_w = 192, .box_w = 12, .box_h = 11, .ofs_x = 0, .ofs_y = -1},
    {.bitmap_index = 3769, .adv_w = 192, .box_w = 12, .box_h = 12, .ofs_x = 0, .ofs_y = -1},
    {.bitmap_index = 3805, .adv_w = 192, .box_w = 12, .box_h = 13, .ofs_x = 0, .ofs_y = -2},
    {.bitmap_index = 3844, .adv_w = 192, .box_w = 12, .box_h = 12, .ofs_x = 0, .ofs_y = -1},
    {.bitmap_index = 3880, .adv_w = 192, .box_w = 12, .box_h = 12, .ofs_x = 0, .ofs_y = -1},
    {.bitmap_index = 3912, .adv_w = 192, .box_w = 11, .box_h = 13, .ofs_x = 1, .ofs_y = -2},
    {.bitmap_index = 3944, .adv_w = 192, .box_w = 12, .box_h = 12, .ofs_x = 0, .ofs_y = -1},
    {.bitmap_index = 3978, .adv_w = 192, .box_w = 12, .box_h = 12, .ofs_x = 0, .ofs_y = -2},
    {.bitmap_index = 4008, .adv_w = 192, .box_w = 8, .box_h = 11, .ofs_x = 2, .ofs_y = -1},
    {.bitmap_index = 4024, .adv_w = 192, .box_w = 11, .box_h = 11, .ofs_x = 1, .ofs_y = -1},
    {.bitmap_index = 4051, .adv_w = 192, .box_w = 10, .box_h = 12, .ofs_x = 1, .ofs_y = -2},
    {.bitmap_index = 4080, .adv_w = 192, .box_w = 12, .box_h = 11, .ofs_x = 0, .ofs_y = -1},
    {.bitmap_index = 4111, .adv_w = 192, .box_w = 12, .box_h = 11, .ofs_x = 0, .ofs_y = -1},
    {.bitmap_index = 4142, .adv_w = 192, .box_w = 12, .box_h = 11, .ofs_x = 0, .ofs_y = -1},
    {.bitmap_index = 4173, .adv_w = 192, .box_w = 10, .box_h = 12, .ofs_x = 0, .ofs_y = -2},
    {.bitmap_index = 4199, .adv_w = 192, .box_w = 12, .box_h = 12, .ofs_x = 0, .ofs_y = -1},
    {.bitmap_index = 4229, .adv_w = 192, .box_w = 12, .box_h = 12, .ofs_x = 0, .ofs_y = -2},
    {.bitmap_index = 4265, .adv_w = 192, .box_w = 11, .box_h = 12, .ofs_x = 0, .ofs_y = -2},
    {.bitmap_index = 4300, .adv_w = 192, .box_w = 12, .box_h = 11, .ofs_x = 0, .ofs_y = -1},
    {.bitmap_index = 4329, .adv_w = 192, .box_w = 12, .box_h = 11, .ofs_x = 0, .ofs_y = -1},
    {.bitmap_index = 4360, .adv_w = 192, .box_w = 12, .box_h = 12, .ofs_x = 0, .ofs_y = -2},
    {.bitmap_index = 4395, .adv_w = 192, .box_w = 12, .box_h = 12, .ofs_x = 0, .ofs_y = -1},
    {.bitmap_index = 4428, .adv_w = 192, .box_w = 12, .box_h = 11, .ofs_x = 0, .ofs_y = -1},
    {.bitmap_index = 4460, .adv_w = 192, .box_w = 12, .box_h = 12, .ofs_x = 0, .ofs_y = -2},
    {.bitmap_index = 4492, .adv_w = 192, .box_w = 12, .box_h = 11, .ofs_x = 0, .ofs_y = -1},
    {.bitmap_index = 4523, .adv_w = 192, .box_w = 12, .box_h = 12, .ofs_x = 0, .ofs_y = -1},
    {.bitmap_index = 4558, .adv_w = 192, .box_w = 12, .box_h = 13, .ofs_x = 0, .ofs_y = -2},
    {.bitmap_index = 4596, .adv_w = 192, .box_w = 12, .box_h = 12, .ofs_x = 0, .ofs_y = -1},
    {.bitmap_index = 4630, .adv_w = 192, .box_w = 12, .box_h = 12, .ofs_x = 0, .ofs_y = -2},
    {.bitmap_index = 4667, .adv_w = 192, .box_w = 12, .box_h = 12, .ofs_x = 0, .ofs_y = -1},
    {.bitmap_index = 4702, .adv_w = 192, .box_w = 12, .box_h = 10, .ofs_x = 0, .ofs_y = -1},
    {.bitmap_index = 4725, .adv_w = 192, .box_w = 12, .box_h = 11, .ofs_x = 0, .ofs_y = -1},
    {.bitmap_index = 4749, .adv_w = 192, .box_w = 12, .box_h = 12, .ofs_x = 0, .ofs_y = -2},
    {.bitmap_index = 4782, .adv_w = 192, .box_w = 12, .box_h = 11, .ofs_x = 0, .ofs_y = -1},
    {.bitmap_index = 4815, .adv_w = 192, .box_w = 12, .box_h = 12, .ofs_x = 0, .ofs_y = -1},
    {.bitmap_index = 4850, .adv_w = 192, .box_w = 12, .box_h = 11, .ofs_x = 0, .ofs_y = -1},
    {.bitmap_index = 4882, .adv_w = 192, .box_w = 12, .box_h = 12, .ofs_x = 0, .ofs_y = -1},
    {.bitmap_index = 4917, .adv_w = 192, .box_w = 12, .box_h = 11, .ofs_x = 0, .ofs_y = -1},
    {.bitmap_index = 4951, .adv_w = 192, .box_w = 12, .box_h = 12, .ofs_x = 0, .ofs_y = -1},
    {.bitmap_index = 4988, .adv_w = 192, .box_w = 12, .box_h = 11, .ofs_x = 0, .ofs_y = -1},
    {.bitmap_index = 5020, .adv_w = 192, .box_w = 12, .box_h = 12, .ofs_x = 0, .ofs_y = -1},
    {.bitmap_index = 5055, .adv_w = 192, .box_w = 12, .box_h = 11, .ofs_x = 0, .ofs_y = -1},
    {.bitmap_index = 5089, .adv_w = 192, .box_w = 12, .box_h = 12, .ofs_x = 0, .ofs_y = -2},
    {.bitmap_index = 5120, .adv_w = 192, .box_w = 12, .box_h = 13, .ofs_x = 0, .ofs_y = -2},
    {.bitmap_index = 5157, .adv_w = 192, .box_w = 12, .box_h = 11, .ofs_x = 0, .ofs_y = -1},
    {.bitmap_index = 5184, .adv_w = 192, .box_w = 11, .box_h = 11, .ofs_x = 0, .ofs_y = -2},
    {.bitmap_index = 5211, .adv_w = 192, .box_w = 11, .box_h = 11, .ofs_x = 1, .ofs_y = -1},
    {.bitmap_index = 5237, .adv_w = 192, .box_w = 10, .box_h = 11, .ofs_x = 1, .ofs_y = -1},
    {.bitmap_index = 5262, .adv_w = 192, .box_w = 11, .box_h = 12, .ofs_x = 0, .ofs_y = -1},
    {.bitmap_index = 5296, .adv_w = 192, .box_w = 11, .box_h = 12, .ofs_x = 1, .ofs_y = -1},
    {.bitmap_index = 5329, .adv_w = 192, .box_w = 12, .box_h = 12, .ofs_x = 0, .ofs_y = -1},
    {.bitmap_index = 5364, .adv_w = 192, .box_w = 11, .box_h = 12, .ofs_x = 1, .ofs_y = -2},
    {.bitmap_index = 5396, .adv_w = 192, .box_w = 8, .box_h = 11, .ofs_x = 2, .ofs_y = -1},
    {.bitmap_index = 5413, .adv_w = 192, .box_w = 11, .box_h = 13, .ofs_x = 0, .ofs_y = -2},
    {.bitmap_index = 5447, .adv_w = 192, .box_w = 12, .box_h = 13, .ofs_x = 0, .ofs_y = -2},
    {.bitmap_index = 5483, .adv_w = 192, .box_w = 12, .box_h = 10, .ofs_x = 0, .ofs_y = -1},
    {.bitmap_index = 5509, .adv_w = 192, .box_w = 12, .box_h = 13, .ofs_x = 0, .ofs_y = -2},
    {.bitmap_index = 5546, .adv_w = 192, .box_w = 12, .box_h = 12, .ofs_x = 0, .ofs_y = -1},
    {.bitmap_index = 5581, .adv_w = 192, .box_w = 10, .box_h = 12, .ofs_x = 1, .ofs_y = -1},
    {.bitmap_index = 5608, .adv_w = 192, .box_w = 10, .box_h = 12, .ofs_x = 1, .ofs_y = -1},
    {.bitmap_index = 5637, .adv_w = 192, .box_w = 12, .box_h = 12, .ofs_x = 0, .ofs_y = -1},
    {.bitmap_index = 5668, .adv_w = 192, .box_w = 12, .box_h = 12, .ofs_x = 0, .ofs_y = -1},
    {.bitmap_index = 5702, .adv_w = 192, .box_w = 12, .box_h = 12, .ofs_x = 0, .ofs_y = -2},
    {.bitmap_index = 5736, .adv_w = 192, .box_w = 12, .box_h = 12, .ofs_x = 0, .ofs_y = -1},
    {.bitmap_index = 5771, .adv_w = 192, .box_w = 11, .box_h = 11, .ofs_x = 1, .ofs_y = -1},
    {.bitmap_index = 5803, .adv_w = 192, .box_w = 7, .box_h = 11, .ofs_x = 0, .ofs_y = -1},
    {.bitmap_index = 5824, .adv_w = 192, .box_w = 12, .box_h = 12, .ofs_x = 0, .ofs_y = -1},
    {.bitmap_index = 5861, .adv_w = 192, .box_w = 12, .box_h = 11, .ofs_x = 0, .ofs_y = -1},
    {.bitmap_index = 5896, .adv_w = 192, .box_w = 12, .box_h = 12, .ofs_x = 0, .ofs_y = -1},
    {.bitmap_index = 5931, .adv_w = 192, .box_w = 12, .box_h = 12, .ofs_x = 0, .ofs_y = -2},
    {.bitmap_index = 5968, .adv_w = 192, .box_w = 12, .box_h = 11, .ofs_x = 0, .ofs_y = -1},
    {.bitmap_index = 6002, .adv_w = 192, .box_w = 12, .box_h = 12, .ofs_x = 0, .ofs_y = -1},
    {.bitmap_index = 6037, .adv_w = 192, .box_w = 12, .box_h = 11, .ofs_x = 0, .ofs_y = -1},
    {.bitmap_index = 6063, .adv_w = 192, .box_w = 12, .box_h = 11, .ofs_x = 0, .ofs_y = -1},
    {.bitmap_index = 6094, .adv_w = 192, .box_w = 12, .box_h = 13, .ofs_x = 0, .ofs_y = -2},
    {.bitmap_index = 6131, .adv_w = 192, .box_w = 12, .box_h = 12, .ofs_x = 0, .ofs_y = -1},
    {.bitmap_index = 6162, .adv_w = 192, .box_w = 12, .box_h = 12, .ofs_x = 0, .ofs_y = -1},
    {.bitmap_index = 6193, .adv_w = 192, .box_w = 12, .box_h = 11, .ofs_x = 0, .ofs_y = -1},
    {.bitmap_index = 6224, .adv_w = 192, .box_w = 12, .box_h = 11, .ofs_x = 0, .ofs_y = -1},
    {.bitmap_index = 6259, .adv_w = 192, .box_w = 12, .box_h = 13, .ofs_x = 0, .ofs_y = -2},
    {.bitmap_index = 6287, .adv_w = 192, .box_w = 12, .box_h = 11, .ofs_x = 0, .ofs_y = -1},
    {.bitmap_index = 6314, .adv_w = 192, .box_w = 12, .box_h = 11, .ofs_x = 0, .ofs_y = -1},
    {.bitmap_index = 6347, .adv_w = 192, .box_w = 12, .box_h = 11, .ofs_x = 0, .ofs_y = -1},
    {.bitmap_index = 6381, .adv_w = 192, .box_w = 12, .box_h = 11, .ofs_x = 0, .ofs_y = -1},
    {.bitmap_index = 6416, .adv_w = 192, .box_w = 11, .box_h = 13, .ofs_x = 0, .ofs_y = -2},
    {.bitmap_index = 6450, .adv_w = 192, .box_w = 12, .box_h = 13, .ofs_x = 0, .ofs_y = -2},
    {.bitmap_index = 6487, .adv_w = 192, .box_w = 6, .box_h = 11, .ofs_x = 0, .ofs_y = -1},
    {.bitmap_index = 6502, .adv_w = 192, .box_w = 13, .box_h = 12, .ofs_x = 0, .ofs_y = -2},
    {.bitmap_index = 6535, .adv_w = 192, .box_w = 12, .box_h = 12, .ofs_x = 0, .ofs_y = -2},
    {.bitmap_index = 6570, .adv_w = 192, .box_w = 12, .box_h = 11, .ofs_x = 0, .ofs_y = -1},
    {.bitmap_index = 6599, .adv_w = 192, .box_w = 12, .box_h = 12, .ofs_x = 0, .ofs_y = -1},
    {.bitmap_index = 6634, .adv_w = 192, .box_w = 12, .box_h = 12, .ofs_x = 0, .ofs_y = -2},
    {.bitmap_index = 6668, .adv_w = 192, .box_w = 12, .box_h = 11, .ofs_x = 0, .ofs_y = -1},
    {.bitmap_index = 6700, .adv_w = 192, .box_w = 12, .box_h = 11, .ofs_x = 0, .ofs_y = -1},
    {.bitmap_index = 6730, .adv_w = 192, .box_w = 12, .box_h = 12, .ofs_x = 0, .ofs_y = -1},
    {.bitmap_index = 6765, .adv_w = 192, .box_w = 12, .box_h = 13, .ofs_x = 0, .ofs_y = -2},
    {.bitmap_index = 6801, .adv_w = 192, .box_w = 12, .box_h = 11, .ofs_x = 0, .ofs_y = -1},
    {.bitmap_index = 6833, .adv_w = 192, .box_w = 12, .box_h = 12, .ofs_x = 0, .ofs_y = -1},
    {.bitmap_index = 6867, .adv_w = 192, .box_w = 12, .box_h = 13, .ofs_x = 0, .ofs_y = -2},
    {.bitmap_index = 6906, .adv_w = 192, .box_w = 12, .box_h = 12, .ofs_x = 0, .ofs_y = -1},
    {.bitmap_index = 6942, .adv_w = 192, .box_w = 12, .box_h = 13, .ofs_x = 0, .ofs_y = -2},
    {.bitmap_index = 6981, .adv_w = 192, .box_w = 12, .box_h = 11, .ofs_x = 0, .ofs_y = -1},
    {.bitmap_index = 7011, .adv_w = 192, .box_w = 12, .box_h = 13, .ofs_x = 0, .ofs_y = -2},
    {.bitmap_index = 7048, .adv_w = 192, .box_w = 12, .box_h = 12, .ofs_x = 0, .ofs_y = -1},
    {.bitmap_index = 7080, .adv_w = 192, .box_w = 12, .box_h = 12, .ofs_x = 0, .ofs_y = -2},
    {.bitmap_index = 7115, .adv_w = 192, .box_w = 12, .box_h = 12, .ofs_x = 0, .ofs_y = -2},
    {.bitmap_index = 7149, .adv_w = 192, .box_w = 12, .box_h = 13, .ofs_x = 0, .ofs_y = -2},
    {.bitmap_index = 7187, .adv_w = 192, .box_w = 12, .box_h = 13, .ofs_x = 0, .ofs_y = -2},
    {.bitmap_index = 7224, .adv_w = 192, .box_w = 12, .box_h = 12, .ofs_x = 0, .ofs_y = -1},
    {.bitmap_index = 7259, .adv_w = 192, .box_w = 12, .box_h = 11, .ofs_x = 0, .ofs_y = -1},
    {.bitmap_index = 7290, .adv_w = 192, .box_w = 11, .box_h = 11, .ofs_x = 0, .ofs_y = -1},
    {.bitmap_index = 7319, .adv_w = 192, .box_w = 12, .box_h = 12, .ofs_x = 0, .ofs_y = -1},
    {.bitmap_index = 7353, .adv_w = 192, .box_w = 12, .box_h = 11, .ofs_x = 0, .ofs_y = -1},
    {.bitmap_index = 7387, .adv_w = 192, .box_w = 12, .box_h = 11, .ofs_x = 0, .ofs_y = -1},
    {.bitmap_index = 7421, .adv_w = 192, .box_w = 12, .box_h = 12, .ofs_x = 0, .ofs_y = -1},
    {.bitmap_index = 7456, .adv_w = 192, .box_w = 10, .box_h = 12, .ofs_x = 1, .ofs_y = -1},
    {.bitmap_index = 7469, .adv_w = 192, .box_w = 10, .box_h = 12, .ofs_x = 1, .ofs_y = -1},
    {.bitmap_index = 7496, .adv_w = 192, .box_w = 11, .box_h = 12, .ofs_x = 1, .ofs_y = -1},
    {.bitmap_index = 7526, .adv_w = 192, .box_w = 10, .box_h = 12, .ofs_x = 1, .ofs_y = -1},
    {.bitmap_index = 7551, .adv_w = 192, .box_w = 11, .box_h = 13, .ofs_x = 1, .ofs_y = -2},
    {.bitmap_index = 7583, .adv_w = 192, .box_w = 11, .box_h = 12, .ofs_x = 1, .ofs_y = -1},
    {.bitmap_index = 7614, .adv_w = 192, .box_w = 11, .box_h = 13, .ofs_x = 1, .ofs_y = -2},
    {.bitmap_index = 7651, .adv_w = 192, .box_w = 11, .box_h = 13, .ofs_x = 1, .ofs_y = -2},
    {.bitmap_index = 7686, .adv_w = 192, .box_w = 11, .box_h = 12, .ofs_x = 1, .ofs_y = -1},
    {.bitmap_index = 7718, .adv_w = 192, .box_w = 12, .box_h = 12, .ofs_x = 0, .ofs_y = -2},
    {.bitmap_index = 7752, .adv_w = 192, .box_w = 12, .box_h = 11, .ofs_x = 0, .ofs_y = -1},
    {.bitmap_index = 7782, .adv_w = 192, .box_w = 12, .box_h = 13, .ofs_x = 0, .ofs_y = -2},
    {.bitmap_index = 7822, .adv_w = 192, .box_w = 7, .box_h = 11, .ofs_x = 0, .ofs_y = -1},
    {.bitmap_index = 7839, .adv_w = 192, .box_w = 12, .box_h = 13, .ofs_x = 0, .ofs_y = -2},
    {.bitmap_index = 7872, .adv_w = 192, .box_w = 12, .box_h = 13, .ofs_x = 0, .ofs_y = -2},
    {.bitmap_index = 7911, .adv_w = 192, .box_w = 11, .box_h = 13, .ofs_x = 0, .ofs_y = -2},
    {.bitmap_index = 7942, .adv_w = 192, .box_w = 12, .box_h = 11, .ofs_x = 0, .ofs_y = -1},
    {.bitmap_index = 7976, .adv_w = 192, .box_w = 2, .box_h = 10, .ofs_x = 2, .ofs_y = -1},
    {.bitmap_index = 7982, .adv_w = 192, .box_w = 4, .box_h = 13, .ofs_x = 8, .ofs_y = -2},
    {.bitmap_index = 7995, .adv_w = 192, .box_w = 4, .box_h = 13, .ofs_x = 0, .ofs_y = -2},
    {.bitmap_index = 8009, .adv_w = 192, .box_w = 3, .box_h = 5, .ofs_x = 1, .ofs_y = -2},
    {.bitmap_index = 8013, .adv_w = 192, .box_w = 2, .box_h = 9, .ofs_x = 2, .ofs_y = -1},
    {.bitmap_index = 8018, .adv_w = 192, .box_w = 4, .box_h = 10, .ofs_x = 1, .ofs_y = -2},
    {.bitmap_index = 8029, .adv_w = 192, .box_w = 6, .box_h = 10, .ofs_x = 0, .ofs_y = -1},
    {.bitmap_index = 8044, .adv_w = 192, .box_w = 4, .box_h = 11, .ofs_x = 8, .ofs_y = -1},
    {.bitmap_index = 8050, .adv_w = 192, .box_w = 4, .box_h = 11, .ofs_x = 0, .ofs_y = -1}
};

/*---------------------
 *  CHARACTER MAPPING
 *--------------------*/

static const uint16_t ui_font_zh_12_unicode_list_0[] = {
    0x0, 0x1f5c, 0x1f5d, 0x1f61, 0x1f62, 0x1f65, 0x1f66, 0x1f6f,
    0x2f49, 0x2f4a, 0x2f4b, 0x2f51, 0x2f52, 0x2f53, 0x2f54, 0x2f55,
    0x2f56, 0x2f57, 0x2f58, 0x2f59, 0x2f5a, 0x4d49, 0x4d50, 0x4d52,
    0x4d53, 0x4d54, 0x4d56, 0x4d57, 0x4d76, 0x4d7b, 0x4d83, 0x4dd4,
    0x4dd5, 0x4ddd, 0x4df7, 0x4e0e, 0x4e2d, 0x4e3f, 0x4e44, 0x4e62,
    0x4e63, 0x4e7d, 0x4e96, 0x4e9e, 0x4ea2, 0x4ea5, 0x4ec8, 0x4f26,
    0x4f37, 0x4ff1, 0x508a, 0x50ae, 0x50b1, 0x50b6, 0x50bc, 0x50bf,
    0x50ce, 0x510f, 0x514f, 0x5150, 0x5160, 0x5169, 0x5179, 0x517f,
    0x5180, 0x5196, 0x51e9, 0x51ea, 0x51f1, 0x524e, 0x5283, 0x5298,
    0x52b9, 0x5313, 0x531f, 0x532c, 0x5338, 0x5355, 0x5356, 0x5357,
    0x5378, 0x53b1, 0x53c6, 0x53d5, 0x5624, 0x5627, 0x5643, 0x5671,
    0x5850, 0x5856, 0x585f, 0x587a, 0x5914, 0x5aa0, 0x5aa1, 0x5acc,
    0x5ad2, 0x5ad5, 0x5aea, 0x5b02, 0x5b0f, 0x5b42, 0x5b4f, 0x5b5a,
    0x5b7a, 0x5b98, 0x5d2e, 0x5d3b, 0x5d81, 0x5d9e, 0x5dbf, 0x5ddc,
    0x5ddd, 0x5def, 0x5e43, 0x5e49, 0x5e9c, 0x5e9e, 0x5ece, 0x5f46,
    0x5f4a, 0x5f70, 0x5fab, 0x6068, 0x615f, 0x6180, 0x6189, 0x619c,
    0x61b0, 0x61c2, 0x621b, 0x62ab, 0x62ee, 0x62f0, 0x631b, 0x63c1,
    0x63ed, 0x6416, 0x647f, 0x6482, 0x648e, 0x6491, 0x6498, 0x64bd,
    0x64d0, 0x64f6, 0x64f9, 0x6529, 0x652e, 0x653f, 0x6557, 0x6587,
    0x65cb, 0x6649, 0x6651, 0x6652, 0x6656, 0x6668, 0x6673, 0x6675,
    0x668c, 0x66aa, 0x66ae, 0x66cd, 0x672e, 0x6751, 0x676a, 0x6809,
    0x6973, 0x6a6a, 0x6aac, 0x6aad, 0x6aae, 0x6b8b, 0x6bea, 0x6c1e,
    0x6c84, 0x6cd1, 0x6d3a, 0x6d4e, 0x6dd9, 0x6e2a, 0x71a2, 0x71ff,
    0x7468, 0x7471, 0x747e, 0x7484, 0x74a2, 0x74ae, 0x75c4, 0x75cd,
    0x7637, 0x772e, 0x774a, 0x7883, 0x7904, 0x7939, 0x79c3, 0x79e0,
    0x7a14, 0x7a1f, 0x7a38, 0x7a92, 0x7c44, 0x7de8, 0x7df0, 0x7e08,
    0x7e26, 0x7e28, 0x7e33, 0x7e83, 0x7eb7, 0x7f4e, 0x805a, 0x81bb,
    0x81d1, 0x8426, 0x8518, 0x8795, 0x87ae, 0x87b1, 0x880e, 0x88ca,
    0x891b, 0x892f, 0x8ae9, 0x8aed, 0x8af7, 0x8b01, 0x8b07, 0x8b13,
    0x8b1e, 0x8b26, 0x8b38, 0x8b3d, 0x8b40, 0x8c6e, 0x8ec6, 0x8eca,
    0x8edc, 0x8f10, 0x8f19, 0x8f1a, 0x8f22, 0x8f27, 0x8f63, 0x9096,
    0x9116, 0x9118, 0x93e8, 0x9411, 0x9449, 0x9462, 0x9466, 0x9531,
    0x9536, 0x953b, 0x953d, 0x9568, 0x9599, 0x95ad, 0x95d9, 0x95e5,
    0x9649, 0x97c2, 0x97d5, 0x98ac, 0x99b5, 0x9bc8, 0x9d68, 0x9e21,
    0xfe4a, 0xfe51, 0xfe52, 0xfe55, 0xfe63, 0xfe64, 0xfe68, 0xfe84,
    0xfe86
};

/*Collect the unicode lists and glyph_id offsets*/
static const lv_font_fmt_txt_cmap_t ui_font_zh_12_cmaps[] =
{
    {
        .range_start = 183, .range_length = 65159, .glyph_id_start = 1,
        .unicode_list = ui_font_zh_12_unicode_list_0, .glyph_id_ofs_list = NULL, .list_length = 281, .type = LV_FONT_FMT_TXT_CMAP_SPARSE_TINY
    }
};



/*--------------------
 *  ALL CUSTOM DATA
 *--------------------*/

#if LVGL_VERSION_MAJOR == 8
/*Store all the custom data of the font*/
static  lv_font_fmt_txt_glyph_cache_t cache;
#endif

#if LVGL_VERSION_MAJOR >= 8
static const lv_font_fmt_txt_dsc_t ui_font_zh_12_font_dsc = {
#else
static lv_font_fmt_txt_dsc_t ui_font_zh_12_font_dsc = {
#endif
    .glyph_bitmap = ui_font_zh_12_glyph_bitmap,
    .glyph_dsc = ui_font_zh_12_glyph_dsc,
    .cmaps = ui_font_zh_12_cmaps,
    .kern_dsc = NULL,
    .kern_scale = 0,
    .cmap_num = 1,
    .bpp = 2,
    .kern_classes = 0,
    .bitmap_format = 1,
#if LVGL_VERSION_MAJOR == 8
    .cache = &cache
#endif
};

extern const lv_font_t lv_font_montserrat_12;


/*-----------------
 *  PUBLIC FONT
 *----------------*/

/*Initialize a public general font descriptor*/
#if LVGL_VERSION_MAJOR >= 8
const lv_font_t ui_font_zh_12 = {
#else
lv_font_t ui_font_zh_12 = {
#endif
    .get_glyph_dsc = lv_font_get_glyph_dsc_fmt_txt,    /*Function pointer to get glyph's data*/
    .get_glyph_bitmap = lv_font_get_bitmap_fmt_txt,    /*Function pointer to get glyph's bitmap*/
    .line_height = 13,          /*The maximum line height required by the font*/
    .base_line = 2,             /*Baseline measured from the bottom of the line*/
#if !(LVGL_VERSION_MAJOR == 6 && LVGL_VERSION_MINOR == 0)
    .subpx = LV_FONT_SUBPX_NONE,
#endif
#if LV_VERSION_CHECK(7, 4, 0) || LVGL_VERSION_MAJOR >= 8
    .underline_position = -1,
    .underline_thickness = 1,
#endif
    .dsc = &ui_font_zh_12_font_dsc,          /*The custom font data. Will be accessed by `get_glyph_bitmap/dsc` */
#if LV_VERSION_CHECK(8, 2, 0) || LVGL_VERSION_MAJOR >= 9
    .fallback = &lv_font_montserrat_12,
#endif
    .user_data = NULL,
};



#endif /*#if UI_FONT_ZH_12*/

/*******************************************************************************
 * Size: 18 px
 * Bpp: 2
 ******************************************************************************/

#ifdef LV_LVGL_H_INCLUDE_SIMPLE
#include "lvgl.h"
#else
#include "lvgl.h"
#endif

#ifndef UI_FONT_ZH_18
#define UI_FONT_ZH_18 1
#endif

#if UI_FONT_ZH_18

/*-----------------
 *    BITMAPS
 *----------------*/

/*Store the image of the glyphs*/
static LV_ATTRIBUTE_LARGE_CONST const uint8_t ui_font_zh_18_glyph_bitmap[] = {
    /* U+00B7 "·" */
    0x28, 0x4a, 0x90, 0x30, 0x30,

    /* U+2013 "–" */
    0x3f, 0xe8, 0xff, 0xa0,

    /* U+2014 "—" */
    0x3f, 0xff, 0x84, 0xf, 0xff, 0xe1, 0x0,

    /* U+2018 "‘" */
    0x4, 0xe, 0x14, 0x13, 0x88, 0x80,

    /* U+2019 "’" */
    0xe, 0xf0, 0x64, 0xd4, 0x21, 0xa0,

    /* U+201C "“" */
    0x4, 0x8, 0x1c, 0x59, 0x20, 0x50, 0x18, 0x19,
    0x4, 0x80,

    /* U+201D "”" */
    0xf, 0xde, 0x2d, 0xf, 0x66, 0x9, 0xc9, 0x16,
    0x38, 0x18,

    /* U+2026 "…" */
    0xf, 0xfe, 0x2f, 0x83, 0x78, 0x37, 0x80, 0x87,
    0xff, 0x1, 0x0,

    /* U+3000 "　" */

    /* U+3001 "、" */
    0x28, 0x1d, 0xb0, 0x66, 0x60, 0xcc, 0xc1, 0x98,
    0x0,

    /* U+3002 "。" */
    0xf, 0xcf, 0x68, 0x2e, 0xe0, 0x21, 0x20, 0x42,
    0x41, 0xfc, 0x0,

    /* U+3008 "〈" */
    0xf, 0xfe, 0xb, 0x87, 0xa8, 0x1d, 0x28, 0x32,
    0xa0, 0xea, 0x7, 0x4a, 0xc, 0xa8, 0x3a, 0x81,
    0xf2, 0x1e, 0xb0, 0xf2, 0x21, 0xee, 0xf, 0x9c,
    0x3d, 0x8, 0x7a, 0x81, 0xe5, 0x41, 0xeb, 0x0,

    /* U+3009 "〉" */
    0xf, 0xed, 0xf, 0x50, 0x3c, 0xa8, 0x3d, 0x28,
    0x3d, 0x40, 0xf2, 0xa0, 0xf4, 0xa0, 0xf5, 0x3,
    0xc8, 0x7d, 0xc1, 0xc8, 0x87, 0x58, 0x76, 0x87,
    0x24, 0x1d, 0x40, 0xe9, 0x41, 0xdc, 0x1c,

    /* U+300A "《" */
    0xf, 0xfe, 0xc, 0x98, 0x72, 0xe0, 0xd4, 0x28,
    0x19, 0x70, 0x6a, 0x14, 0xc, 0xb8, 0x35, 0xa,
    0x6, 0x5c, 0x19, 0x41, 0xf2, 0x85, 0x7, 0x50,
    0x60, 0xca, 0x24, 0x3a, 0x82, 0x83, 0x28, 0xa0,
    0x75, 0x5, 0x6, 0x51, 0x40, 0xec, 0x10,

    /* U+300B "》" */
    0xf, 0xf6, 0x30, 0x72, 0xe0, 0xea, 0x14, 0xe,
    0x5c, 0x1d, 0x42, 0x81, 0xcb, 0x83, 0xa8, 0x50,
    0x39, 0x70, 0x7e, 0x43, 0x94, 0x21, 0xa8, 0x50,
    0x32, 0x85, 0x4, 0xa2, 0x81, 0xa8, 0x28, 0x25,
    0x14, 0xd, 0x41, 0x41, 0xa0, 0x61, 0x80,

    /* U+300C "「" */
    0xf, 0x9f, 0xe4, 0x1f, 0x90, 0xff, 0xf9, 0xb0,
    0x70,

    /* U+300D "」" */
    0xe, 0x83, 0xca, 0xf, 0xff, 0x9b, 0xf8, 0x0,

    /* U+300E "『" */
    0xeb, 0xcd, 0x70, 0x55, 0xb0, 0xaa, 0x43, 0xff,
    0xcd, 0x7, 0x0,

    /* U+300F "』" */
    0xd, 0x50, 0x74, 0x1f, 0xfe, 0xda, 0xd8, 0x7b,
    0x90,

    /* U+3010 "【" */
    0xae, 0x17, 0x61, 0x94, 0x1a, 0xc, 0x87, 0x61,
    0xc8, 0x7f, 0xf5, 0xe0, 0xe4, 0x3c, 0x87, 0x41,
    0xec,

    /* U+3011 "】" */
    0x2b, 0x8d, 0x70, 0xa0, 0xe8, 0x3c, 0x87, 0x61,
    0xc8, 0x7f, 0xf5, 0xe0, 0xe4, 0x32, 0x1d, 0x6,
    0xc3, 0xbf, 0x80,

    /* U+4E00 "一" */
    0x3f, 0xff, 0x88, 0xa, 0xff, 0xe2, 0x0,

    /* U+4E07 "万" */
    0x3f, 0xff, 0x88, 0x7f, 0xf, 0xff, 0x7, 0xd8,
    0x7f, 0xf1, 0x10, 0xff, 0xea, 0xff, 0xe0, 0xf9,
    0x3f, 0xd0, 0x7e, 0xd0, 0xf2, 0x1f, 0xfc, 0xd6,
    0xf, 0x21, 0xf4, 0x1f, 0xfc, 0x46, 0xf, 0xfe,
    0x16, 0xa0, 0xfb, 0x42, 0x76, 0xf, 0x95, 0x85,
    0x50, 0x77, 0xd2, 0x82, 0xd0, 0xf7, 0xe8, 0x20,

    /* U+4E09 "三" */
    0x2, 0xff, 0xf0, 0x2, 0xeb, 0xff, 0x82, 0xf,
    0xff, 0xe0, 0xc1, 0xff, 0xf7, 0xbf, 0xfc, 0x86,
    0xbf, 0xfc, 0x87, 0xff, 0xdb, 0xff, 0xf8, 0x77,
    0xff, 0xf0, 0xe0,

    /* U+4E0A "上" */
    0xf, 0xfe, 0x76, 0x1f, 0xff, 0xf0, 0xff, 0xea,
    0xff, 0xc1, 0xff, 0x7f, 0xc1, 0xff, 0xff, 0xf,
    0xfe, 0xc7, 0xfc, 0x7f, 0xe0, 0x57, 0xff, 0x10,

    /* U+4E0B "下" */
    0xff, 0xfe, 0x21, 0xff, 0x17, 0xfc, 0x1f, 0xfd,
    0xfc, 0x3f, 0xf8, 0xbc, 0x1f, 0xfc, 0x2f, 0x1c,
    0x1f, 0xfc, 0x2a, 0x3a, 0x1f, 0xfc, 0x17, 0x70,
    0xff, 0xe1, 0xd0, 0x3f, 0xff, 0xe1, 0xff, 0xc0,

    /* U+4E0D "不" */
    0x3f, 0xff, 0x87, 0x2, 0xbf, 0xd, 0x78, 0xb,
    0xf6, 0x4b, 0xc1, 0xfc, 0xa8, 0x3f, 0xf8, 0x4c,
    0x4, 0x3f, 0xf8, 0x32, 0xf, 0x21, 0xfc, 0xf4,
    0x5, 0xd8, 0x7d, 0x52, 0x1d, 0xba, 0x13, 0xba,
    0x1f, 0x54, 0x82, 0x70, 0xff, 0x36, 0xe, 0xf,
    0xfe, 0x3, 0x7, 0xff, 0xf4,

    /* U+4E0E "与" */
    0xc, 0x87, 0xff, 0x5, 0x83, 0xff, 0x83, 0xaf,
    0xf8, 0x32, 0xab, 0xfc, 0x1b, 0xff, 0xd0, 0x10,
    0xff, 0xe1, 0x68, 0x7f, 0xf0, 0x55, 0xff, 0xf0,
    0x3f, 0xfe, 0x43, 0xff, 0x86, 0x87, 0xff, 0xf,
    0xff, 0xe4, 0x7f, 0xff, 0x80, 0x81, 0xf, 0xfe,
    0x2, 0x1f, 0xfc, 0x29, 0xf, 0xef, 0xc4, 0x1f,
    0xdf, 0xc0,

    /* U+4E2D "中" */
    0xf, 0x90, 0xff, 0xe1, 0x48, 0x7f, 0xf6, 0x7f,
    0xc5, 0xfd, 0x3, 0xf8, 0x7f, 0x21, 0xfd, 0x87,
    0xff, 0xa7, 0xf8, 0xbf, 0x21, 0x7f, 0xf, 0xe4,
    0x10, 0x7b, 0xd, 0x62, 0x1f, 0xfc, 0x4, 0x3f,
    0xfc, 0x20,

    /* U+4E32 "串" */
    0xf, 0x90, 0xff, 0xe1, 0xc8, 0x7f, 0xf3, 0x1f,
    0xe2, 0xfe, 0x43, 0x7e, 0x2f, 0xc1, 0xff, 0xda,
    0xfc, 0x5f, 0x83, 0x3f, 0xc5, 0xfc, 0x83, 0xfc,
    0x5f, 0xe0, 0xab, 0x86, 0xb8, 0x32, 0xf1, 0xaf,
    0x7, 0xff, 0x23, 0xf8, 0xbf, 0x83, 0x5f, 0x8b,
    0xf4, 0x16, 0x87, 0xf9, 0xc3, 0xff, 0x8a,

    /* U+4E3A "为" */
    0xf, 0x90, 0xff, 0x28, 0xc, 0x1f, 0xe6, 0x43,
    0xff, 0x85, 0x40, 0xff, 0xe1, 0x38, 0x7f, 0xcf,
    0xf4, 0x7f, 0xca, 0xfe, 0x57, 0xf8, 0x3f, 0x38,
    0x7f, 0xf2, 0xd0, 0xe4, 0x56, 0x1f, 0xf4, 0x8a,
    0xc3, 0xf9, 0x20, 0x42, 0x1f, 0xa4, 0x34, 0x88,
    0x76, 0x41, 0x90, 0xfa, 0x30, 0xfd, 0xa0, 0xdc,
    0x3f, 0x2b, 0x15, 0x87, 0x9f, 0x4a, 0x18, 0x3e,
    0x7e, 0x80,

    /* U+4E8B "事" */
    0xf, 0xfe, 0x75, 0x3, 0xfa, 0xff, 0x2b, 0xfd,
    0x2, 0xff, 0x2b, 0xfd, 0x6, 0xae, 0x55, 0x70,
    0x79, 0xea, 0x55, 0x5a, 0x1f, 0xfc, 0x44, 0x3f,
    0x5f, 0x2b, 0xf0, 0x7d, 0xfc, 0xaf, 0xe0, 0xe7,
    0xf9, 0x5f, 0xc8, 0x67, 0xf9, 0x5f, 0x83, 0xbf,
    0xe5, 0x7e, 0x2c, 0x1f, 0xf2, 0xbf, 0x16, 0x1f,
    0xfc, 0x9b, 0xf9, 0x5f, 0x83, 0xd7, 0xf2, 0xbf,
    0x48, 0x7c, 0xf9, 0xc3, 0x21, 0x0,

    /* U+4E8C "二" */
    0x2, 0xff, 0xf0, 0x2, 0x6b, 0xff, 0x80, 0x81,
    0xff, 0xfe, 0x2, 0x1f, 0xff, 0xf0, 0xff, 0xf5,
    0x7f, 0xff, 0x12, 0xbf, 0xf8, 0x80,

    /* U+4E94 "五" */
    0xf, 0xfe, 0x37, 0xff, 0xf0, 0x60, 0xbf, 0x95,
    0xfe, 0x83, 0xf3, 0x87, 0xff, 0x55, 0xf, 0xfb,
    0xf1, 0xfe, 0xf, 0x7c, 0x9f, 0xa0, 0xff, 0x90,
    0xff, 0xe1, 0xb8, 0x6d, 0xf, 0xfe, 0x7a, 0x19,
    0xc3, 0xf2, 0x1f, 0xfc, 0xf, 0xd1, 0xfc, 0x5f,
    0x1f, 0xff, 0xc4, 0x0,

    /* U+4EAE "亮" */
    0xf, 0xb4, 0x3f, 0xf8, 0x4c, 0x1f, 0x7f, 0xc9,
    0xfe, 0xbf, 0xff, 0x87, 0x1, 0xff, 0xf2, 0x1e,
    0xff, 0xc1, 0xfa, 0xbf, 0x7, 0x9e, 0xbf, 0x68,
    0x1f, 0xff, 0xe1, 0x3b, 0xff, 0xfc, 0x0, 0xff,
    0xe2, 0x25, 0x1, 0x7f, 0x90, 0x48, 0x73, 0xf8,
    0x3f, 0xce, 0x1f, 0x94, 0x7, 0x50, 0x7e, 0xf5,
    0xd4, 0x1c, 0xde, 0x7b, 0xc8, 0x7a, 0xfc, 0x80,

    /* U+4EC5 "仅" */
    0xe, 0xc3, 0xff, 0x89, 0x7, 0xff, 0x15, 0xa7,
    0xff, 0x7, 0x43, 0x17, 0xf4, 0x1c, 0xa8, 0xe,
    0x1d, 0xa1, 0xa0, 0xd2, 0x1c, 0xe1, 0x68, 0x7f,
    0x91, 0x4, 0x41, 0xcc, 0x15, 0x2, 0xb0, 0xf4,
    0x81, 0x10, 0xff, 0xe0, 0x39, 0x40, 0xff, 0xe0,
    0xc6, 0x21, 0xff, 0xc2, 0x48, 0x3f, 0xf8, 0x52,
    0xa4, 0x3f, 0xf8, 0x1b, 0xd4, 0x87, 0xf5, 0xb8,
    0x1a, 0x68, 0x7a, 0x38, 0x33, 0xd8, 0x6d, 0xa0,
    0x7e, 0x60,

    /* U+4EE4 "令" */
    0xf, 0xfe, 0x75, 0x87, 0xff, 0xd, 0x44, 0x1f,
    0xfc, 0x1a, 0x79, 0x83, 0xfe, 0x9c, 0x1b, 0x87,
    0xe7, 0x36, 0x6, 0xf0, 0x67, 0xa8, 0x56, 0xa,
    0x3a, 0x9, 0xd0, 0xb2, 0x3, 0xd0, 0x1c, 0x1e,
    0xe0, 0xce, 0x1b, 0xff, 0xf8, 0x1, 0xef, 0xfe,
    0x48, 0x3f, 0xf8, 0x4a, 0x90, 0xfe, 0x82, 0x68,
    0x87, 0xfd, 0xcd, 0x10, 0xff, 0xa8, 0xca, 0xf,
    0xfe, 0xb, 0x8a, 0xf, 0xfe, 0x1e, 0xc1, 0xff,
    0xc4, 0xb0, 0xf0,

    /* U+4EF6 "件" */
    0xf, 0xf9, 0xf, 0xf5, 0x81, 0x4, 0x1f, 0xe6,
    0x18, 0x3f, 0xf8, 0x8, 0x9a, 0x1f, 0xfc, 0x9,
    0x2, 0x4, 0x43, 0xe4, 0xc2, 0x78, 0xbe, 0x42,
    0x84, 0x9f, 0x8f, 0xc8, 0x30, 0xcc, 0x1f, 0xfc,
    0xc, 0x28, 0x3f, 0xf8, 0x18, 0x64, 0x3f, 0xf8,
    0x8f, 0xf1, 0xfc, 0x1e, 0x7f, 0x8f, 0xe0, 0xff,
    0xff, 0x87, 0xff, 0x10,

    /* U+4EFB "任" */
    0xe, 0x90, 0xfc, 0x87, 0xca, 0xc, 0xde, 0x83,
    0xd2, 0xaf, 0xa2, 0xf0, 0x72, 0xa3, 0xf1, 0x21,
    0xf4, 0x5, 0x7, 0xff, 0x2, 0xf, 0xfe, 0x22,
    0xc1, 0xff, 0xc3, 0xa6, 0x1f, 0x90, 0xf4, 0x81,
    0xfe, 0x2f, 0xc8, 0x84, 0xff, 0x1f, 0xc8, 0x7f,
    0xff, 0xc3, 0x2e, 0x17, 0x83, 0xea, 0xe2, 0xb8,

    /* U+4F19 "伙" */
    0xe, 0x43, 0x90, 0xff, 0x30, 0x66, 0xf, 0xf5,
    0x3, 0xff, 0x86, 0x88, 0x7f, 0xf0, 0xe8, 0xd,
    0xf, 0x38, 0x50, 0x72, 0x1e, 0xd0, 0x28, 0x3f,
    0xf8, 0xc, 0xa, 0x5, 0x21, 0xe4, 0x32, 0x82,
    0x70, 0x61, 0x50, 0x28, 0x34, 0x87, 0xb4, 0x3f,
    0x21, 0x22, 0x1f, 0xfc, 0x24, 0xa0, 0x7f, 0xf0,
    0xb5, 0x8, 0x7f, 0xf0, 0x15, 0xc, 0x1f, 0xf3,
    0x40, 0x46, 0x1f, 0xd5, 0x21, 0x67, 0x7, 0x93,
    0x43, 0xb9, 0x0,

    /* U+4F1A "会" */
    0xf, 0xd0, 0x7f, 0xf0, 0xf4, 0x3f, 0xf8, 0x51,
    0x68, 0x7f, 0xdb, 0xb5, 0x7, 0xe7, 0x70, 0x3b,
    0xa1, 0x9e, 0x75, 0xe9, 0xa2, 0x51, 0xda, 0xfb,
    0xc4, 0x5c, 0x7f, 0xe4, 0xb0, 0xff, 0xe3, 0xff,
    0xff, 0xa, 0x7, 0xe8, 0xbf, 0xe8, 0x3d, 0x28,
    0xc, 0x1f, 0xd9, 0x4, 0x98, 0x7d, 0x18, 0x74,
    0x41, 0xda, 0xa9, 0xfc, 0x30, 0x72, 0xe, 0x9f,
    0xa4, 0x37, 0x52, 0xc1, 0x9c, 0x0,

    /* U+4F34 "伴" */
    0xf, 0xfe, 0x55, 0x3, 0x50, 0x24, 0x3c, 0xf4,
    0xf, 0x50, 0x3a, 0x19, 0xf, 0x30, 0x73, 0x4,
    0x86, 0x44, 0x34, 0x20, 0xb0, 0xd4, 0xc, 0xa0,
    0xcc, 0x1b, 0x43, 0x48, 0x5f, 0x95, 0xf9, 0x15,
    0x5, 0xf9, 0x5f, 0x91, 0x83, 0xff, 0xb7, 0xfc,
    0xaf, 0xe0, 0xf7, 0xf2, 0xbf, 0x83, 0xff, 0xfa,

    /* U+4F4D "位" */
    0xf, 0xfe, 0x4b, 0x86, 0xa0, 0x7f, 0x50, 0x36,
    0x87, 0xe4, 0x43, 0x28, 0x3f, 0x49, 0x7e, 0x7f,
    0x4, 0x99, 0x7f, 0xf0, 0x50, 0x72, 0x1d, 0x5,
    0xa1, 0xd0, 0x65, 0x1, 0x20, 0xff, 0x68, 0x1c,
    0x3e, 0x43, 0x61, 0xfe, 0x70, 0x90, 0xff, 0xb0,
    0xe4, 0x3f, 0xe4, 0x8, 0x7f, 0xf0, 0x10, 0xc8,
    0x7f, 0xf0, 0x10, 0x78, 0x3f, 0x96, 0xd6, 0x16,
    0xe, 0x6b, 0xc5, 0x60,

    /* U+4F55 "何" */
    0xc, 0xc1, 0xff, 0xc4, 0xb0, 0xff, 0xe1, 0xa3,
    0xff, 0xf0, 0x69, 0x3f, 0xf4, 0x61, 0x26, 0x1f,
    0xfc, 0x38, 0x32, 0xf0, 0x7d, 0x6, 0x6b, 0x83,
    0xe7, 0xc, 0xfc, 0x1f, 0xb0, 0xff, 0xee, 0xa1,
    0xff, 0xc6, 0xf8, 0x3f, 0xf8, 0x4f, 0xe0, 0xff,
    0xe0, 0x30, 0x7f, 0xf3, 0x30, 0xff, 0xe1, 0x7c,
    0xc1, 0xda, 0x1e, 0xfc, 0x80,

    /* U+4F59 "余" */
    0xf, 0xe4, 0x3f, 0xf8, 0x94, 0xf, 0xfe, 0x1c,
    0xac, 0x3f, 0xf8, 0x33, 0xce, 0x87, 0xfb, 0x30,
    0x56, 0xf, 0xad, 0x83, 0x3b, 0xc1, 0x5a, 0xdf,
    0xf3, 0x3a, 0xb, 0xac, 0x95, 0x6f, 0x24, 0x81,
    0x6c, 0x5c, 0x4, 0x3f, 0xf9, 0x3f, 0xe8, 0xff,
    0x41, 0x7f, 0xa3, 0xfd, 0x7, 0xa0, 0xf4, 0x87,
    0xef, 0x7, 0xaa, 0xe, 0x79, 0xf, 0xb6, 0x9,
    0xa2, 0x1f, 0xdb, 0x1, 0xd0, 0x7a, 0x43, 0xb8,
    0x3e, 0xfa, 0xf, 0xc0,

    /* U+4F5C "作" */
    0xf, 0xfe, 0x4b, 0x85, 0x7, 0xfd, 0x20, 0x50,
    0x7f, 0xf0, 0x20, 0x48, 0x7f, 0xa4, 0x8, 0xff,
    0xc0, 0x56, 0x9, 0xcb, 0xf8, 0x10, 0x49, 0x7,
    0xf6, 0x13, 0x40, 0xfe, 0x4c, 0x29, 0xa, 0xfd,
    0x38, 0x4a, 0xd, 0x7e, 0x83, 0xff, 0xc3, 0x7f,
    0x7, 0xfd, 0x7f, 0x7, 0xff, 0x9c,

    /* U+4F7F "使" */
    0xf, 0xfe, 0x53, 0x6, 0x60, 0xff, 0x58, 0x72,
    0x1f, 0xc9, 0xfd, 0x1f, 0xc1, 0xaa, 0xfd, 0x1f,
    0xc1, 0x42, 0x1f, 0xfc, 0x25, 0x5, 0xfa, 0x3f,
    0x20, 0x90, 0xdf, 0x47, 0xc8, 0x15, 0x7, 0xff,
    0xd, 0x83, 0x90, 0xff, 0xe2, 0xde, 0x8f, 0x90,
    0xfd, 0x4f, 0x2b, 0xf2, 0x1f, 0x30, 0x1c, 0x3f,
    0xf8, 0x37, 0x8, 0x7f, 0xf0, 0x56, 0x10, 0xff,
    0xe0, 0x3b, 0xfa, 0x88, 0x7d, 0x76, 0xb, 0xc7,
    0x80,

    /* U+4FDD "保" */
    0xe, 0x83, 0xff, 0x89, 0x83, 0xff, 0x83, 0x92,
    0x7, 0xfc, 0x1e, 0xa0, 0x7f, 0xf0, 0xd1, 0xf,
    0xfe, 0x1c, 0x1d, 0xff, 0x6, 0xe0, 0xdf, 0x47,
    0xe0, 0x2c, 0x1f, 0xfc, 0x36, 0xf, 0xfe, 0x4d,
    0xfa, 0x3f, 0x83, 0xd7, 0xc8, 0x5f, 0x83, 0xf9,
    0x51, 0x61, 0xff, 0x36, 0x6, 0xc3, 0xfa, 0x98,
    0x65, 0x61, 0xf6, 0x61, 0xea, 0x61, 0xee, 0xf,
    0xce, 0x0,

    /* U+4FEE "修" */
    0xf, 0xfe, 0x54, 0x86, 0xd0, 0xff, 0x28, 0x24,
    0x43, 0xfa, 0x43, 0x47, 0xf4, 0x19, 0x82, 0xcb,
    0xf1, 0x5, 0x6, 0x8e, 0x41, 0xc1, 0x90, 0xbe,
    0x3a, 0x72, 0x16, 0x86, 0x40, 0x88, 0x72, 0x41,
    0x9b, 0xa7, 0xae, 0x56, 0x1e, 0xf9, 0x9f, 0x90,
    0xf9, 0x43, 0xe4, 0x8, 0x7f, 0x3f, 0x2b, 0xf,
    0xf9, 0xe2, 0x98, 0x7f, 0xf0, 0x2e, 0xf1, 0x61,
    0xf4, 0xf, 0x4a, 0xcc, 0x3e, 0x40, 0xab, 0xe8,
    0x3f, 0xdd, 0xf4, 0x18,

    /* U+50A8 "储" */
    0xf, 0xfe, 0x56, 0x87, 0x38, 0x48, 0x64, 0x70,
    0xfc, 0xc1, 0xb8, 0xb2, 0xe3, 0xd4, 0xc, 0xa1,
    0x45, 0xc7, 0x8, 0x48, 0x68, 0x3d, 0x61, 0xa0,
    0xf2, 0xb3, 0x14, 0x8, 0x2f, 0x8f, 0x4, 0xf9,
    0x18, 0x1c, 0xa, 0x3, 0xa9, 0x34, 0x3e, 0x99,
    0x60, 0xff, 0xb4, 0xfa, 0x81, 0xfe, 0x9a, 0xe0,
    0xff, 0x92, 0xfa, 0xf, 0xfe, 0xb, 0xf2, 0x1f,
    0xed, 0x30, 0xb0, 0xfd, 0x9a, 0x5f, 0x41, 0xfa,
    0xc2, 0x7e, 0x43, 0xb0, 0xf5, 0x2, 0xa0,

    /* U+5141 "允" */
    0xf, 0xfe, 0x6d, 0x3, 0xff, 0x86, 0xa8, 0x3f,
    0xf8, 0x74, 0xa, 0xf, 0xfa, 0x50, 0x4c, 0x1f,
    0xca, 0x83, 0x6c, 0x1f, 0x36, 0x1e, 0x94, 0x1c,
    0xc5, 0x3f, 0xa2, 0xf, 0x91, 0x56, 0x5e, 0x70,
    0xcf, 0x43, 0x43, 0xac, 0x3f, 0x90, 0xff, 0xea,
    0xc1, 0xfe, 0x43, 0xcc, 0x1f, 0xd2, 0x1a, 0x10,
    0xff, 0x20, 0x77, 0xe, 0xc2, 0x42, 0xe7, 0xe,
    0x9f, 0xa8, 0xf, 0x41, 0xe7, 0xf9, 0x0,

    /* U+5165 "入" */
    0xf, 0x21, 0xff, 0xc4, 0x64, 0x3f, 0xf8, 0x6d,
    0x10, 0xff, 0xe1, 0xb4, 0xf, 0xfe, 0x22, 0x61,
    0xff, 0xc6, 0x43, 0xff, 0x84, 0x8c, 0x1f, 0xfc,
    0x2d, 0x84, 0x3f, 0xf8, 0x2e, 0x50, 0x3f, 0xf8,
    0x10, 0x89, 0x7, 0xfc, 0xc1, 0x48, 0x7f, 0xb1,
    0x9, 0x20, 0xfd, 0x18, 0x76, 0xc1, 0xe9, 0x83,
    0xe9, 0x41, 0xb6, 0x43, 0xe6, 0xa0, 0x66, 0x87,
    0xf3, 0x20, 0xf0, 0x7f, 0xf0, 0x1c,

    /* U+5168 "全" */
    0xf, 0xfe, 0x73, 0x87, 0xff, 0x12, 0x20, 0xff,
    0xe1, 0x6e, 0xc1, 0xff, 0xc0, 0xd8, 0xd8, 0x3f,
    0x9d, 0x82, 0xd8, 0x3e, 0xac, 0x1d, 0x9a, 0x13,
    0xb2, 0x1f, 0x4d, 0x1, 0x4e, 0xff, 0xe3, 0x51,
    0xa7, 0xe8, 0xfd, 0x1a, 0x1f, 0xfc, 0xec, 0x3f,
    0xf8, 0x3f, 0x93, 0xf4, 0x1f, 0x7e, 0x8f, 0xd0,
    0x7f, 0xf7, 0x1f, 0xf4, 0x7f, 0xc0,

    /* U+516D "六" */
    0xf, 0x9c, 0x3f, 0xf8, 0x88, 0x87, 0xff, 0x11,
    0x83, 0xff, 0x89, 0x7, 0xf9, 0x7f, 0x4b, 0xf0,
    0x2b, 0xff, 0x88, 0xf, 0xff, 0xe2, 0x7, 0xff,
    0x32, 0x43, 0x48, 0x7f, 0x90, 0xee, 0xf, 0xe8,
    0x43, 0x2b, 0xf, 0x95, 0x7, 0xa2, 0xf, 0x4a,
    0xf, 0xa4, 0x3a, 0x20, 0xfc, 0xac, 0x25, 0x41,
    0xfe, 0x88, 0x12, 0x83, 0xfe, 0x50, 0x38, 0x3f,
    0xf8, 0x16, 0x0,

    /* U+5173 "关" */
    0xf, 0xfe, 0x42, 0x83, 0xce, 0x1f, 0x30, 0x7b,
    0x43, 0xf3, 0x86, 0x54, 0x1f, 0xb4, 0x34, 0x87,
    0xaf, 0x4f, 0xe1, 0xf8, 0x2b, 0xf9, 0x3f, 0xc1,
    0xff, 0xd8, 0xbf, 0xc9, 0xff, 0x15, 0xf0, 0x1a,
    0xf0, 0x17, 0x80, 0xbf, 0x83, 0xe9, 0x88, 0x3f,
    0xec, 0x8d, 0x83, 0xf3, 0x98, 0x5b, 0x87, 0x3d,
    0x30, 0xed, 0xe4, 0xab, 0x43, 0xea, 0x11, 0x68,
    0x7f, 0x9b, 0x0,

    /* U+5176 "其" */
    0xf, 0xfe, 0x55, 0x3, 0xd4, 0xf, 0xfe, 0x5b,
    0xe5, 0x7f, 0x95, 0xe8, 0xf, 0x95, 0xfe, 0x57,
    0xa0, 0xff, 0xe6, 0x3f, 0xe4, 0x3f, 0xcf, 0xf9,
    0xf, 0xfe, 0x83, 0xfe, 0x43, 0xfc, 0xff, 0x90,
    0xff, 0xe6, 0x7c, 0xaf, 0xf2, 0xbe, 0x5, 0x7f,
    0xf1, 0x0, 0xbb, 0x96, 0x2c, 0x58, 0x26, 0xcc,
    0x27, 0xd6, 0x85, 0xde, 0x83, 0xcf, 0x50, 0x3c,
    0x87, 0xf9, 0xe0,

    /* U+5185 "内" */
    0xf, 0xfe, 0x5d, 0x3, 0xff, 0xb9, 0xfe, 0x57,
    0xf8, 0x2f, 0xe1, 0xfe, 0xf, 0xf6, 0x1f, 0xfd,
    0x14, 0x90, 0xff, 0xe0, 0x56, 0x43, 0xfd, 0xad,
    0xd0, 0x3f, 0x64, 0x16, 0xc1, 0xed, 0xc3, 0xb4,
    0x3d, 0xc1, 0xf6, 0x1f, 0xfd, 0x24, 0x43, 0xff,
    0x83, 0x72, 0x0,

    /* U+51C6 "准" */
    0xf, 0xfe, 0x66, 0x9, 0xe, 0xa0, 0x64, 0x2e,
    0xe, 0x94, 0x15, 0x0, 0xb0, 0x75, 0x0, 0x97,
    0xcd, 0xf0, 0x11, 0x23, 0xe8, 0xfc, 0x16, 0xa0,
    0xe4, 0x3f, 0x9a, 0x6, 0x43, 0xfb, 0x93, 0xe8,
    0xf9, 0xd, 0x20, 0xfc, 0x7c, 0x84, 0xc1, 0xff,
    0xc3, 0xb0, 0xbf, 0x1f, 0x20, 0x44, 0x2f, 0xa3,
    0xe4, 0x1a, 0x1f, 0x21, 0xf3, 0x7, 0xff, 0xa,
    0x43, 0xbf, 0x1f, 0x9a, 0x7, 0x7f, 0xf2,

    /* U+5206 "分" */
    0xf, 0x41, 0x90, 0xff, 0xa0, 0xee, 0xf, 0xf3,
    0x6, 0x94, 0x1f, 0xb4, 0x3d, 0x40, 0xfa, 0x20,
    0xf2, 0xb0, 0xe5, 0x41, 0xfa, 0x20, 0x99, 0x41,
    0xfd, 0x38, 0x38, 0xff, 0xfe, 0x2, 0x9, 0xbe,
    0x3f, 0x9c, 0x83, 0xe4, 0x3c, 0x87, 0xfb, 0x43,
    0xff, 0x88, 0xc1, 0xff, 0xc3, 0x90, 0xf9, 0xf,
    0xa6, 0xf, 0xfe, 0xb, 0xb8, 0x7a, 0xf, 0x51,
    0xc3, 0x7c, 0xc1, 0xd7, 0x7, 0x7e, 0x43, 0x0,

    /* U+5207 "切" */
    0xf, 0xfe, 0x46, 0x1f, 0xfc, 0x87, 0xff, 0x83,
    0xe7, 0xd1, 0xf4, 0x1e, 0x58, 0x24, 0x3c, 0xc7,
    0x61, 0x61, 0xe7, 0xc7, 0xa4, 0x3f, 0x99, 0xf,
    0xd8, 0x64, 0x3f, 0xc8, 0x6c, 0x3f, 0xf8, 0x8,
    0x7f, 0xcc, 0x21, 0xff, 0x5f, 0x12, 0x1d, 0x82,
    0x7, 0x28, 0x83, 0x21, 0x5c, 0x15, 0x3, 0xff,
    0x82, 0xea, 0xd, 0x8, 0x7a, 0x60, 0x3e, 0x60,
    0xfb, 0x82, 0x7e, 0x40,

    /* U+5217 "列" */
    0xf, 0xfe, 0xa6, 0x9f, 0xfc, 0x1f, 0xbe, 0x3f,
    0x81, 0x87, 0xc8, 0x7f, 0xf1, 0x34, 0x3f, 0xf8,
    0x6a, 0xfd, 0x7, 0xf2, 0x7e, 0x30, 0xfe, 0xa0,
    0x72, 0x1f, 0xa1, 0x9, 0xf, 0xfb, 0xb4, 0xa0,
    0x7f, 0x45, 0x61, 0xf, 0xfe, 0x3, 0x30, 0x7f,
    0xf0, 0xb5, 0x6, 0xc3, 0xf4, 0xc1, 0xff, 0xc0,
    0x73, 0xf, 0xfe, 0x3, 0x50, 0x7e, 0xf0, 0x8e,
    0x87, 0xf7, 0xc0,

    /* U+5220 "删" */
    0x5, 0x48, 0xd4, 0x1a, 0x9, 0x4, 0x40, 0x43,
    0x28, 0x2a, 0x5, 0x40, 0xa0, 0xff, 0xfe, 0x67,
    0x8c, 0xf1, 0xa1, 0xd9, 0xe3, 0x2c, 0xd0, 0xff,
    0xe0, 0x21, 0xff, 0xeb, 0x83, 0x28, 0x3f, 0xf8,
    0x76, 0x24, 0x88, 0x7e, 0x55, 0x44, 0xc8, 0x2c,
    0x48, 0xb6, 0x1e, 0x5, 0xe0,

    /* U+5230 "到" */
    0xf, 0xfe, 0x1e, 0xf, 0xfe, 0x60, 0xf7, 0xc7,
    0xf2, 0xc1, 0xf7, 0x3, 0xf, 0xf9, 0x10, 0x58,
    0x7f, 0xa6, 0x9c, 0x41, 0xfc, 0x9f, 0xc8, 0x7f,
    0x51, 0x90, 0x61, 0xff, 0xcd, 0x7e, 0x2f, 0x83,
    0xf3, 0xf1, 0x7c, 0x1f, 0xfd, 0x54, 0xd0, 0xfc,
    0x97, 0xa0, 0xfd, 0xf4, 0xdf, 0x7, 0xeb, 0xe9,
    0xe, 0xf9, 0x2, 0x1f, 0xef, 0xa0,

    /* U+5236 "制" */
    0xe, 0x43, 0xfc, 0x81, 0x8d, 0xf, 0xcc, 0xc,
    0x3f, 0xf8, 0x88, 0x58, 0x76, 0x1c, 0x8e, 0xaf,
    0x83, 0xf4, 0xf9, 0xbe, 0xf, 0xcc, 0x16, 0x1f,
    0xf3, 0xf2, 0xbf, 0x7, 0xdf, 0x9b, 0xf0, 0x7f,
    0xf0, 0x30, 0xff, 0x9f, 0x95, 0xf0, 0x7f, 0xbc,
    0xde, 0xf, 0xfe, 0x42, 0x1f, 0xfc, 0x48, 0x3f,
    0xfa, 0x16, 0x19, 0xc, 0xe1, 0xaf, 0x1, 0xba,
    0x7, 0x48, 0x73, 0xf2,

    /* U+5237 "刷" */
    0xf, 0xfe, 0x1c, 0x17, 0xfe, 0xe, 0x50, 0x5f,
    0xe0, 0xb0, 0xff, 0xe6, 0x2f, 0x83, 0xfe, 0xfa,
    0xf2, 0x1f, 0xea, 0x8a, 0x83, 0xfc, 0xb1, 0x28,
    0x3f, 0xdf, 0x3, 0x83, 0xfe, 0xe2, 0x81, 0xff,
    0xce, 0x43, 0xff, 0x89, 0xa1, 0xfd, 0x87, 0x38,
    0x67, 0xf, 0xf3, 0x20, 0x7c, 0x19, 0x12, 0xf,
    0xfb, 0x90, 0x21, 0xb0, 0xf7, 0xa0,

    /* U+524D "前" */
    0xf, 0xfe, 0x56, 0x87, 0x9c, 0x3f, 0x50, 0x3d,
    0x21, 0xf9, 0x20, 0xd1, 0x7, 0x7e, 0x1f, 0xc9,
    0xf8, 0x1f, 0xff, 0xc4, 0x9, 0x7e, 0xe, 0x60,
    0xd7, 0xeb, 0x6, 0x12, 0x1d, 0xd4, 0x87, 0xff,
    0x7, 0x5c, 0x1f, 0xfd, 0x3d, 0x70, 0x7f, 0xf0,
    0x7a, 0x90, 0xff, 0xe1, 0x7c, 0x87, 0xff, 0x7,
    0x58, 0x36, 0x1f, 0xfc, 0x8c, 0x3f, 0x5b, 0x85,
    0xe6, 0xd, 0xa5, 0xe4, 0x2f, 0x90, 0x0,

    /* U+52A0 "加" */
    0xf, 0xfe, 0x43, 0x87, 0xff, 0x6d, 0xfe, 0x4f,
    0x47, 0xe0, 0xbe, 0xa, 0x89, 0x44, 0x3f, 0xca,
    0xc5, 0x61, 0xff, 0xc1, 0x43, 0xff, 0x87, 0x87,
    0xff, 0x55, 0xc3, 0xff, 0x88, 0x84, 0x87, 0xf9,
    0xf, 0xfe, 0x26, 0x85, 0x87, 0xfc, 0xe1, 0xff,
    0xc2, 0x84, 0xa, 0xc2, 0xf8, 0x27, 0x1e, 0x50,
    0x5f, 0x5, 0x81, 0xf4, 0x7, 0xb, 0x40,

    /* U+52A1 "务" */
    0xf, 0x38, 0x7f, 0xf1, 0x28, 0x1f, 0xfc, 0x3c,
    0xbf, 0xe0, 0xf3, 0x9f, 0xe8, 0x83, 0xab, 0x68,
    0x55, 0x21, 0xde, 0x55, 0x6c, 0xd0, 0xf2, 0x7,
    0x14, 0x4, 0x3d, 0x4f, 0x45, 0xff, 0xc0, 0xfe,
    0x9c, 0xd, 0xf8, 0xa, 0xf, 0xfe, 0x2d, 0xfc,
    0x7f, 0xa0, 0xd7, 0xe2, 0xfe, 0x30, 0xfd, 0x8,
    0x79, 0xf, 0xa7, 0xf, 0xfe, 0xd, 0x98, 0x7a,
    0x43, 0x59, 0xc1, 0xbe, 0x60, 0xd7, 0x7, 0xbf,
    0x6,

    /* U+52A8 "动" */
    0xf, 0xfe, 0x6, 0x1c, 0xff, 0x90, 0xfe, 0x6b,
    0xc8, 0x7f, 0x97, 0xc1, 0xff, 0xc6, 0xf8, 0xfc,
    0x1f, 0xd4, 0x4a, 0x20, 0xff, 0xca, 0xc5, 0x60,
    0xf2, 0xbf, 0x4, 0x87, 0xce, 0x1e, 0xc3, 0xf9,
    0x18, 0x27, 0xf, 0x48, 0x14, 0x19, 0x9, 0x3,
    0x1, 0x11, 0xd, 0x81, 0x2f, 0x4c, 0x68, 0x7b,
    0x7f, 0x4b, 0x41, 0x39, 0x44, 0x35, 0x10, 0x91,
    0xf, 0xc9, 0x1e, 0x90, 0xfe, 0x70, 0x7d, 0x0,

    /* U+5305 "包" */
    0xf, 0xfe, 0x5f, 0x7, 0xff, 0xd, 0x20, 0xff,
    0xe1, 0xc7, 0xff, 0x83, 0xa2, 0xbf, 0x90, 0xe5,
    0x6b, 0xfd, 0x86, 0x68, 0xbf, 0x7, 0xea, 0x35,
    0xf0, 0x64, 0x2d, 0x7, 0xf0, 0x6c, 0x3f, 0xf9,
    0xcb, 0xc1, 0xff, 0xc1, 0xfe, 0x42, 0x70, 0xfa,
    0xbc, 0xf8, 0x43, 0xff, 0x82, 0xfc, 0x21, 0xff,
    0xc5, 0x90, 0xe4, 0x3f, 0x91, 0xd, 0x4f, 0xfe,
    0xa0,

    /* U+533A "区" */
    0xf, 0xfe, 0x37, 0xff, 0xf0, 0xa0, 0xbf, 0xff,
    0x83, 0x7, 0xff, 0x7, 0xf, 0xda, 0x1d, 0x21,
    0xfb, 0xa0, 0x4a, 0x83, 0xfb, 0x60, 0x58, 0x7f,
    0xdb, 0xe8, 0x3f, 0xf8, 0x38, 0x10, 0xff, 0xe0,
    0xea, 0xc3, 0xff, 0x81, 0xb4, 0x70, 0xfe, 0x76,
    0x4, 0x61, 0xf5, 0x60, 0xd9, 0x7, 0xad, 0xf,
    0x70, 0x7f, 0xf2, 0xbf, 0xff, 0x84, 0x0,

    /* U+534F "协" */
    0x9, 0xf, 0x21, 0xfe, 0x83, 0xd0, 0x7f, 0xf9,
    0xbe, 0x3f, 0x6, 0xf1, 0xe2, 0xa2, 0x88, 0x77,
    0x8b, 0x16, 0x15, 0x7, 0xe4, 0x10, 0x72, 0x21,
    0xf9, 0x42, 0x1d, 0xc1, 0xf6, 0x9a, 0x1b, 0x43,
    0xe6, 0x1c, 0x32, 0x1f, 0x20, 0x44, 0x24, 0x8,
    0x73, 0x94, 0xf, 0x48, 0x7c, 0x88, 0x58, 0x10,
    0xfd, 0x40, 0xec, 0x3f, 0xb5, 0x6, 0x43, 0xfa,
    0x60, 0x7c, 0xa0, 0xf6, 0x50, 0x2f, 0xa0, 0xc0,

    /* U+5370 "印" */
    0xe, 0xa0, 0x7f, 0x9b, 0xc6, 0x3f, 0xe4, 0x8b,
    0x90, 0xbf, 0x6, 0x90, 0xff, 0xf1, 0x7f, 0x7,
    0xfd, 0x7e, 0xf, 0xf9, 0xf, 0xff, 0x2b, 0x61,
    0xfd, 0x1e, 0x88, 0x33, 0xe1, 0x1b, 0xd2, 0x19,
    0xa6, 0x51, 0xf, 0xe5, 0x7, 0xff, 0x18,

    /* U+53CA "及" */
    0xf, 0xfe, 0x3b, 0xff, 0xe8, 0x3c, 0xfc, 0x7f,
    0x18, 0x7f, 0xc8, 0x72, 0x1f, 0xf6, 0x12, 0x1f,
    0xfc, 0x14, 0x2c, 0xfc, 0x1e, 0x40, 0x82, 0xfa,
    0xf, 0xea, 0x7, 0xa4, 0x3d, 0xa8, 0x43, 0xd0,
    0x79, 0xca, 0x6, 0x90, 0xf2, 0x22, 0xb0, 0x4c,
    0x1e, 0x90, 0xa3, 0x54, 0x1e, 0x48, 0x36, 0x51,
    0xf, 0x48, 0x67, 0x1a, 0x7, 0x6c, 0x7, 0x9e,
    0x8f, 0x20, 0x60, 0x74, 0xe0, 0x3c, 0x40, 0x82,
    0xf2, 0x1e, 0x6c,

    /* U+53D6 "取" */
    0xf, 0xfe, 0x3f, 0xfe, 0xf, 0xf6, 0x5e, 0x9f,
    0xfd, 0x7, 0xfb, 0x2f, 0x8c, 0x39, 0x58, 0x48,
    0x7f, 0xaa, 0x42, 0xf0, 0x64, 0x35, 0xe8, 0x25,
    0x1, 0x41, 0xff, 0xc4, 0xb0, 0xeb, 0xd0, 0x66,
    0x2, 0x1d, 0x79, 0xd, 0x32, 0x1f, 0xd8, 0x79,
    0x83, 0xf3, 0xb8, 0x7f, 0xa2, 0xe4, 0xc1, 0x2,
    0xd, 0xdf, 0x48, 0x15, 0xe6, 0x9, 0x41, 0xea,
    0x81, 0xb0, 0x7f, 0x9d, 0xb, 0xf, 0xcc, 0x61,
    0xe8,

    /* U+53E3 "口" */
    0xf, 0xfe, 0x17, 0xff, 0xf0, 0x52, 0xff, 0xf0,
    0x7f, 0xff, 0xc3, 0xff, 0xd5, 0x7f, 0xf8, 0x26,
    0xbf, 0xc1, 0x6b, 0xfe, 0x0,

    /* U+53EF "可" */
    0xff, 0xfe, 0x21, 0x5f, 0xfc, 0x4, 0xa0, 0xbf,
    0xfc, 0xc, 0x50, 0x7f, 0xf2, 0x3f, 0xe0, 0xff,
    0xaf, 0xc1, 0xff, 0xc0, 0x43, 0xff, 0xcc, 0x87,
    0xff, 0x12, 0xfc, 0x1f, 0xfc, 0xf, 0xf0, 0x7f,
    0xb0, 0xff, 0xe5, 0xad, 0xa1, 0xff, 0xc0, 0xa9,
    0xc2,

    /* U+540C "同" */
    0xf, 0xfe, 0x2f, 0xff, 0xf0, 0x90, 0x7f, 0xff,
    0x0, 0x3f, 0xf9, 0x2f, 0xff, 0x7, 0x9f, 0xfe,
    0xf, 0xfe, 0x5b, 0xff, 0x7, 0xfb, 0xf4, 0x1f,
    0xfc, 0x34, 0x3f, 0xfa, 0x68, 0x7f, 0xdf, 0xa0,
    0xff, 0xbf, 0xc1, 0xf9, 0xc3, 0xff, 0x95, 0xe1,

    /* U+540D "名" */
    0xf, 0xfe, 0x4f, 0x7, 0xff, 0x2, 0x20, 0xff,
    0xa4, 0xff, 0x83, 0x6f, 0xfc, 0x40, 0x77, 0xf,
    0x6a, 0x5, 0x6c, 0x36, 0xc1, 0x69, 0x3a, 0xb6,
    0xf, 0xd3, 0x4e, 0xf, 0xcc, 0xac, 0x3e, 0x6e,
    0x47, 0xfc, 0xd0, 0x4f, 0xfc, 0xb, 0xb0, 0xff,
    0xf1, 0x7f, 0xe0, 0xfb, 0xff, 0x0,

    /* U+540E "后" */
    0xf, 0xfe, 0x7a, 0xa9, 0xe8, 0x3a, 0xfe, 0xb3,
    0xb8, 0x39, 0xbf, 0xa8, 0xa0, 0xfc, 0x87, 0xff,
    0x5f, 0xff, 0xf8, 0x21, 0xdf, 0xff, 0xc1, 0xf,
    0xfe, 0x4a, 0x1f, 0xfc, 0x87, 0xff, 0xc1, 0xc8,
    0x5f, 0xf4, 0x1d, 0x87, 0xff, 0x15, 0xc3, 0xff,
    0x86, 0x88, 0x7f, 0xf0, 0xe4, 0x37, 0xfd, 0x7,
    0x41, 0xab, 0xe4, 0x36, 0x13, 0xaf, 0xd6, 0x0,

    /* U+542F "启" */
    0xf, 0xd0, 0x7f, 0xf1, 0x20, 0xfe, 0x5e, 0xd7,
    0xc1, 0xab, 0xc5, 0x72, 0x1b, 0xff, 0xc1, 0xff,
    0xca, 0xff, 0xf0, 0x7b, 0xff, 0xe4, 0x8, 0x7f,
    0xf1, 0x97, 0xfc, 0x19, 0x2b, 0xfe, 0x6, 0x17,
    0xfe, 0x42, 0x70, 0xff, 0xe1, 0xa1, 0xff, 0xc1,
    0xd0, 0xbf, 0xf2, 0x14, 0x17, 0xfe, 0x41, 0x85,
    0x87, 0xea, 0x0,

    /* U+5468 "周" */
    0xf, 0xfe, 0x3f, 0xff, 0xf0, 0x43, 0x7e, 0xa7,
    0xe8, 0x3f, 0xbc, 0x1f, 0xf7, 0xca, 0xf8, 0x3f,
    0x7c, 0xaf, 0x83, 0xff, 0x96, 0xfc, 0xaf, 0xa0,
    0xf3, 0xff, 0xa0, 0xc8, 0x1f, 0xf2, 0x1f, 0xcf,
    0xe7, 0xe, 0xd0, 0xff, 0xe1, 0x38, 0x7f, 0xf0,
    0xd0, 0x3f, 0x90, 0xed, 0x9, 0xfe, 0x83, 0xa0,
    0x30, 0x67, 0xd4, 0x30, 0xfe, 0x7e, 0x40,

    /* U+547D "命" */
    0xf, 0xfe, 0x6c, 0x87, 0xff, 0xa, 0x60, 0xff,
    0xe0, 0xce, 0xe1, 0xfe, 0x73, 0x29, 0xc1, 0xf5,
    0x18, 0x26, 0x74, 0x2f, 0x1b, 0xfd, 0x74, 0xe2,
    0xe3, 0xfe, 0x1e, 0x83, 0xfc, 0x8f, 0xf0, 0x75,
    0xe0, 0xb7, 0xe0, 0xf2, 0x4, 0x3f, 0xfc, 0x75,
    0x21, 0xff, 0xc4, 0x50, 0x6f, 0x28, 0x26, 0xb0,
    0x77, 0xa0, 0xd0, 0x7f, 0xf0, 0x80,

    /* U+548C "和" */
    0xf, 0xa0, 0xff, 0x9b, 0xe1, 0xf, 0xe7, 0xca,
    0xe5, 0x7f, 0x80, 0xce, 0x1e, 0xfc, 0x1f, 0xfc,
    0x8f, 0xa7, 0xe0, 0xfe, 0xf8, 0x1f, 0x7, 0xfc,
    0x81, 0xf, 0xfe, 0xc, 0x9, 0xf, 0xf9, 0x26,
    0x81, 0xff, 0x50, 0xa, 0x83, 0xfa, 0x10, 0xa8,
    0x1f, 0x95, 0x87, 0xff, 0x9, 0x83, 0xfb, 0xf0,
    0x48, 0x7f, 0x7e, 0xf, 0xfe, 0x2, 0x19, 0x0,

    /* U+56DB "四" */
    0x17, 0xff, 0x84, 0x35, 0xff, 0xc2, 0x41, 0xf4,
    0x78, 0xfc, 0x1f, 0x90, 0xff, 0xe1, 0x61, 0xff,
    0xd3, 0x70, 0xff, 0xe0, 0xa2, 0x12, 0x1f, 0xd4,
    0x9, 0xbd, 0x6, 0x75, 0x5, 0x7d, 0x6, 0x78,
    0x3f, 0xfa, 0x3f, 0xff, 0xc0, 0xd, 0xff, 0xfc,
    0x0, 0xff, 0xe3, 0x38, 0x7f, 0xf0, 0x34,

    /* U+56DE "回" */
    0xf, 0xfe, 0x23, 0xff, 0xfc, 0x30, 0x7f, 0xff,
    0x2, 0xf, 0xfe, 0xd7, 0xfc, 0x1f, 0xef, 0xd0,
    0x7f, 0xfb, 0xff, 0x41, 0xfe, 0xff, 0x83, 0xff,
    0xb5, 0xff, 0xfc, 0x8, 0x2f, 0xff, 0xe0, 0x40,

    /* U+56FA "固" */
    0xf, 0xfe, 0x23, 0xff, 0xfc, 0x24, 0x1f, 0xff,
    0xc0, 0xf, 0xea, 0x7, 0xff, 0x3b, 0xf2, 0xbf,
    0x7, 0xbf, 0x2b, 0xf0, 0x7f, 0xf2, 0xef, 0x2b,
    0xe0, 0xfe, 0xbf, 0x83, 0xff, 0xbd, 0x7f, 0x7,
    0xf5, 0xff, 0x7, 0x97, 0xff, 0x80, 0x1a, 0xbf,
    0xf8, 0x0,

    /* U+5728 "在" */
    0xf, 0xfe, 0x66, 0x1f, 0xfc, 0x34, 0x3f, 0xf8,
    0x9a, 0x1f, 0xeb, 0xf2, 0xbf, 0xf8, 0xbe, 0x57,
    0xff, 0x83, 0x2a, 0xd, 0x87, 0xf4, 0x87, 0xff,
    0xa, 0x20, 0xff, 0xe0, 0xc8, 0x4b, 0x85, 0xc0,
    0x94, 0x15, 0x62, 0xb0, 0x1b, 0xb, 0xf1, 0xf8,
    0x1a, 0x1f, 0xfe, 0xe4, 0x3f, 0xf8, 0x1f, 0xa3,
    0xf8,

    /* U+5907 "备" */
    0xf, 0x48, 0x7f, 0xf0, 0xe4, 0x5e, 0xf, 0xe5,
    0x15, 0xf0, 0x7d, 0x42, 0xfc, 0x90, 0x7b, 0x3d,
    0x20, 0xcc, 0x3e, 0xa0, 0x3b, 0xd4, 0xf, 0xc8,
    0x1c, 0x4a, 0x21, 0xe6, 0xf5, 0x3b, 0xc5, 0xe9,
    0x4, 0x36, 0x86, 0xba, 0x6, 0xe6, 0xff, 0xd1,
    0x21, 0xd7, 0xc5, 0xf0, 0x7f, 0xf3, 0xef, 0x8b,
    0xe0, 0xfe, 0xbe, 0x2f, 0x83, 0xff, 0x9f, 0x7c,
    0x5f, 0x7, 0x0,

    /* U+590D "复" */
    0xc, 0xc1, 0xff, 0xc4, 0xb0, 0xff, 0xe1, 0xe5,
    0xff, 0xe0, 0xd9, 0xff, 0xfc, 0x0, 0xb7, 0xff,
    0xf8, 0x1, 0xb8, 0x1f, 0xfa, 0xf, 0xef, 0xfd,
    0x7, 0xf7, 0xfe, 0x83, 0xfb, 0xff, 0x41, 0xfb,
    0x4f, 0xfc, 0x1f, 0x49, 0xff, 0x21, 0xe9, 0x2f,
    0xe0, 0x21, 0xd9, 0xd1, 0x3, 0xb8, 0x7b, 0x87,
    0xbd, 0x50, 0x7f, 0x36, 0x28, 0xa2, 0x83, 0x7f,
    0xd4, 0xfd, 0x78, 0x1f, 0x48, 0x79, 0xbe, 0x0,

    /* U+5916 "外" */
    0xc, 0x87, 0x90, 0xff, 0x48, 0x74, 0x87, 0xe4,
    0x43, 0xff, 0x87, 0x87, 0xff, 0x15, 0x3f, 0x21,
    0xfe, 0x4f, 0xc2, 0x1f, 0xed, 0x9, 0xd, 0x87,
    0x95, 0x5, 0xa1, 0x38, 0x74, 0xc8, 0x1c, 0x2a,
    0x68, 0x55, 0xb8, 0x43, 0x34, 0x40, 0x83, 0x54,
    0x1e, 0x68, 0x1e, 0xc4, 0x3e, 0x70, 0xf5, 0x3,
    0xff, 0x87, 0xa8, 0x3f, 0xf8, 0x2e, 0x41, 0xff,
    0xc1, 0xa3, 0x87, 0xff, 0xe, 0x81, 0xff, 0xc2,

    /* U+5931 "失" */
    0xf, 0xfe, 0x54, 0x82, 0x81, 0xff, 0xc0, 0x50,
    0x7f, 0xf0, 0xe0, 0xff, 0xe2, 0xa7, 0xca, 0xfe,
    0x83, 0x25, 0xf0, 0xff, 0x41, 0xa8, 0x84, 0x87,
    0xfa, 0x50, 0x67, 0xf, 0xea, 0x7, 0xff, 0x13,
    0xfe, 0x2f, 0xf8, 0x15, 0xe4, 0x15, 0xf0, 0x17,
    0xc2, 0xa5, 0xf0, 0x7c, 0xaa, 0x8, 0x7f, 0xf0,
    0x24, 0x14, 0x43, 0xf9, 0xd8, 0xa, 0x90, 0xf3,
    0xd4, 0x1a, 0xad, 0xb, 0x9d, 0xf, 0x3b, 0x60,
    0xf4, 0x1f, 0xeb, 0x80,

    /* U+59CB "始" */
    0xa, 0x43, 0xda, 0x1f, 0x90, 0xf2, 0x21, 0xfc,
    0x87, 0x50, 0x3f, 0x21, 0xe8, 0x47, 0xd, 0xc7,
    0xc0, 0x70, 0x2a, 0xb, 0x57, 0x81, 0xc1, 0xb4,
    0x33, 0x8a, 0x8b, 0xf4, 0x61, 0x93, 0x29, 0xff,
    0x4, 0x84, 0xe2, 0x1f, 0x60, 0xc3, 0x27, 0xfe,
    0xa, 0x38, 0x35, 0xfc, 0x1d, 0xac, 0x1f, 0xfc,
    0x3c, 0x50, 0x7f, 0xf0, 0xab, 0x7, 0xff, 0x7,
    0x95, 0x4, 0xbc, 0x1a, 0x88, 0x10, 0x57, 0x82,

    /* U+5B57 "字" */
    0xf, 0xfe, 0x5e, 0x1f, 0xfc, 0x37, 0xf, 0xaf,
    0xf2, 0x7f, 0x91, 0xff, 0xfe, 0x0, 0x7f, 0xf1,
    0xbc, 0x7f, 0xf4, 0x4b, 0x1f, 0xf0, 0x21, 0xf,
    0xf6, 0xe1, 0xff, 0x3d, 0x3, 0xff, 0x81, 0x28,
    0x3d, 0xff, 0xf, 0xf9, 0xff, 0x95, 0xfe, 0x43,
    0xff, 0xb6, 0x87, 0xff, 0x1, 0xf1, 0x7, 0xc0,

    /* U+5B58 "存" */
    0xf, 0xfe, 0x6e, 0x1f, 0xfc, 0x48, 0x3f, 0xf8,
    0x17, 0xe4, 0xff, 0xe0, 0x5f, 0x27, 0xff, 0x83,
    0xcc, 0x1f, 0xfc, 0x38, 0x43, 0xff, 0x86, 0xc3,
    0xff, 0x83, 0xb1, 0x1f, 0xe1, 0xc3, 0x62, 0x1e,
    0xba, 0x6, 0xc4, 0x3e, 0x64, 0x39, 0xf0, 0x3f,
    0x8b, 0xf2, 0x41, 0xbf, 0x8b, 0xf2, 0x1f, 0xff,
    0x2b, 0xc2, 0x1c,

    /* U+5B83 "它" */
    0xf, 0x90, 0xff, 0xe1, 0xc8, 0x7f, 0xf0, 0x98,
    0x3f, 0x7f, 0x93, 0xfc, 0xa2, 0xbf, 0xf8, 0x1,
    0x97, 0xff, 0x80, 0x5, 0x10, 0x7f, 0x90, 0x42,
    0x83, 0xfa, 0x43, 0xf9, 0xb8, 0x3f, 0xd7, 0x1c,
    0x1f, 0x5e, 0x2e, 0xf, 0xe7, 0xd2, 0x1f, 0xf6,
    0x1f, 0xfc, 0xdc, 0x3f, 0xf8, 0x48, 0x7b, 0xf,
    0x99, 0xd, 0xbf, 0xf4, 0xc0,

    /* U+5B89 "安" */
    0xf, 0xfe, 0x5e, 0x1f, 0xfc, 0x36, 0xf, 0xdf,
    0xe5, 0x7f, 0x90, 0x7f, 0xff, 0x0, 0x3f, 0x38,
    0x7f, 0x21, 0xa8, 0x1e, 0x51, 0x4, 0x88, 0x7a,
    0x2f, 0xd1, 0xff, 0xd7, 0xc9, 0xfa, 0x2f, 0x82,
    0x56, 0x1b, 0x50, 0x7a, 0xe, 0x54, 0x1f, 0x4f,
    0xa6, 0x81, 0xf9, 0xb9, 0x83, 0xff, 0x80, 0xc4,
    0xda, 0x1e, 0x79, 0xdb, 0x6d, 0x7, 0xd7, 0x6,
    0xb6, 0x7, 0xa4, 0x3f, 0x58,

    /* U+5B8C "完" */
    0xf, 0xfe, 0x76, 0x1f, 0xfc, 0x56, 0xf, 0xe7,
    0xfc, 0xaf, 0xf2, 0x1b, 0xff, 0xf8, 0x1, 0xc8,
    0x7f, 0xf1, 0xff, 0xfc, 0x21, 0x31, 0xff, 0xe2,
    0x43, 0xff, 0xb5, 0xff, 0xfc, 0x40, 0x7f, 0x1f,
    0x2b, 0xf8, 0x3c, 0x87, 0xff, 0x17, 0x43, 0xff,
    0x86, 0xa8, 0x3f, 0xb0, 0xd5, 0x7, 0x21, 0x21,
    0x78, 0xd0, 0xd1, 0xf4, 0x83, 0xd0, 0x7d, 0xfd,
    0x0,

    /* U+5BA1 "审" */
    0xf, 0xfe, 0x5d, 0x3, 0xff, 0x85, 0xa1, 0xf3,
    0xfe, 0x8f, 0xf2, 0xf, 0xe9, 0xfe, 0x2, 0x83,
    0xc8, 0x72, 0xb, 0xfa, 0x3f, 0xa4, 0x2a, 0xc9,
    0x58, 0x43, 0x2e, 0xc5, 0xc1, 0xff, 0xca, 0xfd,
    0x1f, 0x83, 0xdf, 0xa3, 0xf0, 0x7f, 0xf2, 0xbf,
    0x47, 0xe0, 0xe7, 0xf4, 0x7e, 0x50, 0x50, 0x7f,
    0xa0, 0xff, 0xe3, 0x0,

    /* U+5BB9 "容" */
    0xf, 0xd2, 0x1f, 0xfc, 0x58, 0x3f, 0x9f, 0xf2,
    0x7f, 0xc1, 0xbf, 0xff, 0x81, 0x7, 0xd6, 0x1b,
    0x83, 0xce, 0x4e, 0x4, 0xcd, 0x58, 0x4e, 0xe0,
    0xe0, 0x5d, 0x3, 0x53, 0x6, 0xda, 0xc, 0x42,
    0xd0, 0x6c, 0xd4, 0x9, 0xe, 0xba, 0x1, 0xcd,
    0xe, 0x74, 0xbf, 0x92, 0xe0, 0x74, 0x2b, 0xf1,
    0xca, 0x3c, 0x8b, 0xf8, 0xe, 0x87, 0xff, 0x2d,
    0xf, 0xfe, 0x2d, 0xff, 0x7, 0x0,

    /* U+5BC6 "密" */
    0xf, 0xfe, 0x73, 0x7, 0xf9, 0x7c, 0x2f, 0xc1,
    0x35, 0xf1, 0x5f, 0x6, 0xfc, 0xdf, 0x5e, 0x43,
    0xf3, 0x50, 0xc1, 0xe7, 0x41, 0x19, 0x4c, 0x68,
    0x1a, 0xf, 0x38, 0x24, 0x37, 0x4, 0xfc, 0xb,
    0x90, 0x4a, 0x22, 0xd0, 0x20, 0xa0, 0x23, 0xc2,
    0x7e, 0xa0, 0xe0, 0x7e, 0xa7, 0x9f, 0x83, 0xca,
    0xd0, 0x94, 0x1b, 0x43, 0xff, 0xbd, 0x7d, 0x1f,
    0x83, 0xea, 0xff, 0x83, 0x0,

    /* U+5BF9 "对" */
    0xf, 0xfe, 0x12, 0x1f, 0xfc, 0x46, 0xf, 0xfe,
    0x55, 0xfe, 0xf, 0xfa, 0xbc, 0x1f, 0xfc, 0x15,
    0xc2, 0xbf, 0x47, 0x83, 0xec, 0x7f, 0x47, 0x82,
    0xd0, 0x38, 0x7f, 0xf0, 0x28, 0x81, 0x20, 0xff,
    0x35, 0x21, 0x61, 0xfe, 0x67, 0x4, 0x21, 0xff,
    0xc0, 0x82, 0x70, 0xff, 0x51, 0xc1, 0x61, 0xfd,
    0xc, 0x20, 0x43, 0xf4, 0xe0, 0x90, 0xff, 0x4c,
    0x12, 0x1d, 0x87, 0xa4, 0x3e, 0xf3, 0x6, 0x90,
    0xfd, 0xf2, 0x10,

    /* U+5C06 "将" */
    0xc, 0x87, 0x90, 0xfe, 0x83, 0xa8, 0x1f, 0xfc,
    0x29, 0x3f, 0x24, 0x1e, 0xcf, 0xc8, 0x82, 0x9,
    0xec, 0x25, 0x40, 0x98, 0xe, 0x98, 0xd1, 0xb,
    0xf, 0x2b, 0xb4, 0x3a, 0xc, 0xca, 0xd4, 0x1f,
    0x9e, 0xf4, 0xc, 0x3f, 0x36, 0x85, 0xa1, 0xd8,
    0x3b, 0xf9, 0x3c, 0x3c, 0xf, 0x5f, 0xa7, 0xc5,
    0x10, 0xd2, 0x1f, 0xb4, 0x3b, 0x90, 0xff, 0xe1,
    0xd8, 0x7f, 0xf0, 0xd8, 0x18, 0x7f, 0xf0, 0xbc,
    0xe0,

    /* U+5C11 "少" */
    0xf, 0xfe, 0x76, 0x87, 0xff, 0x8d, 0xc3, 0xf6,
    0x1f, 0x68, 0x7e, 0x70, 0xf3, 0x7, 0xe8, 0x43,
    0x68, 0x7f, 0xa8, 0x12, 0x41, 0xfe, 0x54, 0xe,
    0xf, 0xfe, 0x4, 0x14, 0x87, 0xf9, 0x44, 0x1f,
    0xfc, 0x16, 0x43, 0xfe, 0xd1, 0xa0, 0x7f, 0xf0,
    0xba, 0x21, 0xff, 0x36, 0xe8, 0x7e, 0x55, 0xc7,
    0x7, 0xef, 0x50, 0xf4, 0x1f, 0xeb, 0xe8, 0x3f,
    0xf8, 0x0,

    /* U+5C31 "就" */
    0xd, 0x21, 0xec, 0x3f, 0xb8, 0x3f, 0x61, 0xbe,
    0x8f, 0x83, 0xac, 0x2f, 0xfc, 0x1c, 0xa0, 0xff,
    0xe0, 0xa1, 0x41, 0xbf, 0xcd, 0xc7, 0xe0, 0xdf,
    0x92, 0xe3, 0xf0, 0x7f, 0xf0, 0x58, 0x3e, 0xfc,
    0x85, 0xe4, 0x3d, 0xe8, 0xf2, 0x4, 0x3f, 0x28,
    0x2c, 0x32, 0x1f, 0x41, 0xc8, 0xa0, 0xfe, 0x42,
    0xb2, 0xc3, 0xea, 0x6, 0x64, 0x43, 0x40, 0xd0,
    0xf5, 0x87, 0x20, 0x4e, 0x41, 0xc1, 0x3e, 0x43,
    0x7a, 0x6, 0x85, 0x7a, 0x0,

    /* U+5C4F "屏" */
    0xf, 0xfe, 0x43, 0xff, 0xfc, 0x14, 0x3b, 0xff,
    0xe0, 0xff, 0xe6, 0xff, 0xfc, 0x1f, 0x7c, 0xff,
    0x4e, 0x87, 0xf4, 0x1a, 0xc3, 0xf7, 0x95, 0xf8,
    0xb8, 0x3d, 0x51, 0x58, 0xa8, 0x3c, 0xb0, 0xb0,
    0x14, 0x1b, 0x43, 0xff, 0x8d, 0x7c, 0x7d, 0x1f,
    0x4, 0xf7, 0x95, 0xf4, 0x7c, 0x4, 0x40, 0xa8,
    0x3f, 0xda, 0xa, 0x83, 0xfe, 0x62, 0x34, 0x3f,
    0xec, 0x14, 0xf, 0x38, 0x60,

    /* U+5DE5 "工" */
    0xf, 0xfe, 0x47, 0xff, 0xf0, 0x83, 0x7f, 0x87,
    0xfc, 0x1f, 0xe4, 0x3f, 0xff, 0xe1, 0xff, 0xff,
    0xf, 0xf9, 0xf, 0xf7, 0xfc, 0x3f, 0xf0,

    /* U+5DF2 "已" */
    0x3f, 0xff, 0x82, 0x1b, 0xff, 0xe8, 0x3f, 0xf9,
    0x70, 0x7f, 0xf0, 0xd4, 0x1f, 0xfd, 0x6f, 0xfe,
    0x83, 0xef, 0xfe, 0x83, 0xff, 0x88, 0xe1, 0xff,
    0xd7, 0x83, 0xff, 0x88, 0x87, 0xff, 0xd, 0x9,
    0x20, 0xfe, 0x64, 0x29, 0xff, 0xe9, 0x80,

    /* U+5E38 "常" */
    0xa, 0x9, 0xc3, 0x41, 0xcc, 0x1f, 0x61, 0xe8,
    0x3e, 0x54, 0x17, 0xa7, 0xd1, 0xe9, 0xf8, 0x1f,
    0xff, 0xc0, 0x83, 0xbf, 0xf8, 0x32, 0x17, 0xfc,
    0x5, 0x10, 0x7f, 0xf0, 0x60, 0xef, 0xf8, 0x3f,
    0x7e, 0x3f, 0x7, 0x2f, 0x85, 0xe0, 0xd5, 0xe2,
    0xbb, 0xd, 0x7e, 0x3f, 0x21, 0xff, 0xe1, 0xf3,
    0x0,

    /* U+5E55 "幕" */
    0xf, 0xfe, 0x5d, 0x3, 0x50, 0x3d, 0xf9, 0x5f,
    0x95, 0xf8, 0x1f, 0x95, 0xf9, 0x5f, 0x83, 0x5a,
    0xbf, 0x2b, 0xc1, 0xe6, 0xff, 0xe0, 0xfd, 0x7f,
    0xf0, 0x7e, 0xbf, 0xf8, 0x3f, 0x5f, 0xfc, 0x1f,
    0x7c, 0x5f, 0xf0, 0x6f, 0xe2, 0xff, 0xe0, 0x7c,
    0xf, 0x2b, 0xc3, 0xf0, 0x6c, 0x83, 0xdb, 0x86,
    0x70, 0x5e, 0x57, 0xc0, 0xe0, 0x76, 0x7c, 0xaf,
    0x9b, 0xa, 0x43, 0xfc, 0x82, 0xf, 0xfe, 0x3,
    0x88, 0x40,

    /* U+5E76 "并" */
    0xd, 0x21, 0xe6, 0xf, 0xdc, 0x1e, 0x83, 0xf9,
    0x50, 0x64, 0x83, 0xfb, 0xe, 0x90, 0xf3, 0xf4,
    0xfe, 0x1f, 0x90, 0x3f, 0x17, 0xe8, 0xf9, 0xf,
    0xfe, 0xfe, 0x1f, 0xfc, 0xf, 0xc3, 0xfa, 0x3f,
    0x3, 0xf1, 0x7e, 0x8f, 0xc1, 0xc8, 0x87, 0xff,
    0xe, 0x43, 0xff, 0x87, 0x10, 0x7f, 0xf0, 0xa7,
    0xf, 0xfe, 0x14, 0x61, 0xff, 0xc3, 0xa0, 0x7e,
    0x70, 0xe0,

    /* U+5E93 "库" */
    0xf, 0xfe, 0x6b, 0x7, 0xff, 0x11, 0x41, 0xfb,
    0xfd, 0x17, 0xf8, 0x2b, 0xf5, 0x3f, 0xe0, 0xfd,
    0x7, 0xff, 0x2, 0xf8, 0xbf, 0xc1, 0xd7, 0x8b,
    0xd7, 0xe0, 0xf9, 0x11, 0x83, 0xfe, 0xb0, 0xff,
    0xe0, 0x24, 0x7d, 0x1f, 0x83, 0xd7, 0xe4, 0xfc,
    0x1f, 0xf6, 0x1f, 0x20, 0xff, 0x47, 0xe8, 0xd2,
    0xbc, 0x95, 0xb1, 0x85, 0xf6, 0x2f, 0x7, 0xff,
    0x1b, 0xf, 0xce, 0x1c,

    /* U+5E94 "应" */
    0xf, 0xfe, 0x73, 0x87, 0xff, 0x11, 0x20, 0xfe,
    0xff, 0x87, 0xfc, 0x1a, 0xff, 0xfe, 0x8, 0x7f,
    0xf3, 0x10, 0xb0, 0xd6, 0x1f, 0x41, 0x90, 0x98,
    0x3f, 0x20, 0x70, 0xc8, 0x7d, 0x40, 0x68, 0x10,
    0xfe, 0x42, 0x42, 0xa0, 0x79, 0x9, 0xc, 0x88,
    0x7f, 0x38, 0x32, 0x81, 0xc8, 0x6a, 0x4, 0x88,
    0x76, 0x87, 0xee, 0xf, 0x3b, 0xff, 0x37, 0xe0,
    0x95, 0x5f, 0xfc, 0x10, 0x60, 0x5f, 0xfe, 0x8,

    /* U+5EA6 "度" */
    0xf, 0xfe, 0x73, 0x87, 0xff, 0x11, 0x20, 0xfe,
    0xff, 0x87, 0xfc, 0x1a, 0xf9, 0xfe, 0x7e, 0xf,
    0xc8, 0x65, 0x7, 0xdf, 0x8f, 0xd1, 0xf0, 0x6f,
    0xc7, 0xe8, 0xf8, 0x3f, 0xf9, 0xff, 0xa0, 0xfc,
    0x85, 0xff, 0x7, 0xef, 0xff, 0x90, 0xf7, 0x87,
    0xf9, 0x60, 0x90, 0xdb, 0x5, 0x90, 0x6d, 0xd,
    0x9d, 0xd0, 0x39, 0xc2, 0x64, 0x2a, 0x21, 0x23,
    0x7f, 0xae, 0x2f, 0xe, 0x5e, 0x90, 0xcd, 0xf0,

    /* U+5EFA "建" */
    0xf, 0xfe, 0x83, 0x7, 0xdf, 0xc3, 0x4d, 0xa9,
    0xb, 0xe2, 0x7, 0x81, 0xe3, 0xe, 0x44, 0x58,
    0x5b, 0xf, 0x50, 0xfc, 0xaf, 0x4e, 0x12, 0x27,
    0xe9, 0xf4, 0xe0, 0x63, 0x8a, 0xcd, 0x41, 0xd4,
    0x51, 0xf2, 0x7a, 0xc2, 0x5b, 0x45, 0x85, 0xe0,
    0x98, 0xf1, 0xf2, 0xbf, 0x4, 0xa1, 0x47, 0xd3,
    0xf8, 0x33, 0x82, 0xb9, 0xae, 0xa, 0x12, 0xf9,
    0x3f, 0x41, 0x23, 0xb, 0x6b, 0xc1, 0xa9, 0xbc,
    0x8c, 0x1f, 0x6a, 0x3c, 0x7f, 0xf0, 0x38, 0x35,
    0x3f, 0xf0,

    /* U+5F00 "开" */
    0x1f, 0xff, 0xe1, 0x20, 0x7e, 0x57, 0xe8, 0xf9,
    0xf, 0xfe, 0x2, 0x1f, 0xff, 0x54, 0x39, 0xf,
    0xbf, 0xf, 0xe8, 0xfc, 0xf, 0xc5, 0xfc, 0x7e,
    0xf, 0x90, 0xff, 0xe1, 0xa1, 0xff, 0xc5, 0xa0,
    0x7f, 0xf0, 0xf1, 0xf, 0xfe, 0x16, 0x61, 0xff,
    0xc2, 0x9c, 0x3f, 0xf8, 0x74, 0xf, 0xec, 0x38,

    /* U+5F53 "当" */
    0xf, 0x90, 0xfc, 0x87, 0x48, 0x64, 0x1e, 0xf,
    0xe6, 0x4, 0x21, 0xfb, 0x42, 0xa0, 0x7c, 0xa8,
    0x24, 0x43, 0xd4, 0xe, 0xd0, 0xf6, 0x85, 0x7f,
    0x17, 0xf2, 0x57, 0xff, 0x0, 0x32, 0xff, 0xc1,
    0xff, 0xc7, 0xff, 0xf8, 0x37, 0xff, 0xc1, 0xff,
    0xd5, 0x5f, 0xfe, 0x0, 0x55, 0xff, 0xc0, 0x0,

    /* U+5F55 "录" */
    0xf, 0xfe, 0x35, 0xff, 0xf4, 0x1a, 0xff, 0xf2,
    0x1f, 0xfc, 0xbf, 0xff, 0x21, 0xef, 0xff, 0x7,
    0xff, 0x2a, 0xff, 0xf8, 0x7c, 0x5d, 0xf9, 0x5f,
    0xaf, 0x5, 0x61, 0x94, 0xa, 0x7, 0x76, 0x85,
    0x39, 0x87, 0x9d, 0x96, 0xa8, 0x3e, 0x7c, 0x24,
    0xc8, 0x66, 0xf5, 0xc1, 0x56, 0x40, 0x9c, 0x87,
    0x9c, 0xb0, 0x41, 0x79, 0xc3, 0x5e, 0x0,

    /* U+5F85 "待" */
    0xf, 0xfe, 0x56, 0x87, 0x61, 0xfd, 0xa8, 0x3f,
    0xf8, 0x5b, 0x3, 0xf1, 0xf8, 0x2d, 0x82, 0xfa,
    0x3f, 0x5, 0x43, 0x83, 0x21, 0xf9, 0x12, 0xc,
    0x87, 0xfa, 0x8f, 0xe8, 0xfe, 0xb, 0x3, 0xff,
    0x37, 0x87, 0x43, 0xff, 0x88, 0xc1, 0x7f, 0xcd,
    0xe1, 0x83, 0x7a, 0xfc, 0xaf, 0x7, 0xe6, 0xe,
    0xc3, 0xfc, 0xac, 0x3f, 0xf8, 0x90, 0x87, 0xff,
    0x13, 0x40, 0x87, 0xff, 0x9, 0xf0, 0x87, 0xb4,
    0x39, 0xf8, 0x30,

    /* U+5FFD "忽" */
    0xf, 0xfe, 0x5e, 0x87, 0xff, 0xe, 0x10, 0xff,
    0xe1, 0x28, 0xff, 0xf0, 0x75, 0x3c, 0x5e, 0x2e,
    0x42, 0x75, 0x12, 0x88, 0x4c, 0x37, 0x41, 0x50,
    0x18, 0x3e, 0x92, 0x98, 0x25, 0x1, 0xc3, 0xa7,
    0x4, 0xc1, 0xff, 0x60, 0x9c, 0x24, 0x43, 0xa0,
    0x2b, 0x7, 0xa8, 0x1f, 0x95, 0xe4, 0xf8, 0x3d,
    0xa4, 0xa, 0x21, 0x48, 0x72, 0x19, 0xa0, 0x54,
    0xa, 0x43, 0xce, 0x3a, 0x40, 0x60, 0xfe, 0xd2,
    0xb, 0x9, 0xff, 0x30, 0xc0,

    /* U+6001 "态" */
    0xf, 0xfe, 0x75, 0x3, 0xff, 0x88, 0xe1, 0xfc,
    0xbf, 0x1a, 0xfc, 0xa, 0xf8, 0x6b, 0xe0, 0x7f,
    0x97, 0x7f, 0x83, 0xf3, 0xca, 0xf, 0xfe, 0x6,
    0xa2, 0x88, 0x7f, 0x3a, 0x43, 0x50, 0x79, 0xeb,
    0x18, 0xef, 0x5, 0xd3, 0x41, 0x28, 0x1c, 0xe0,
    0xf2, 0x23, 0xe4, 0x37, 0x82, 0x72, 0x1a, 0x21,
    0x41, 0xdc, 0x19, 0xa0, 0x4c, 0x19, 0x41, 0xce,
    0xe, 0x42, 0x90, 0x90, 0xe4, 0xc, 0xe, 0x3,
    0x7f, 0x50, 0xb0,

    /* U+6027 "性" */
    0x9, 0xf, 0x90, 0xfd, 0x21, 0x20, 0x90, 0xff,
    0xe0, 0x41, 0xff, 0xce, 0x41, 0xc2, 0x1f, 0xe8,
    0x1a, 0x47, 0x8b, 0xe4, 0x3a, 0x87, 0xc5, 0xf2,
    0x1c, 0x88, 0x7f, 0x28, 0x37, 0x7, 0xf3, 0x6,
    0x43, 0xff, 0x8b, 0x7c, 0x5f, 0x7, 0xeb, 0xe2,
    0xf8, 0x3f, 0xff, 0xff, 0xc5, 0xf8,

    /* U+6062 "恢" */
    0x9, 0xe, 0x43, 0xfe, 0x90, 0xd2, 0x1f, 0xfc,
    0x54, 0x3f, 0xf8, 0xa8, 0x7f, 0x27, 0x4f, 0x17,
    0xf8, 0xe, 0x6d, 0xc7, 0xd7, 0xc1, 0xe5, 0x1a,
    0x6, 0xe, 0xf0, 0x34, 0x71, 0x11, 0x40, 0x50,
    0x10, 0x98, 0x36, 0x16, 0x1c, 0x81, 0x5e, 0x14,
    0x1f, 0xa8, 0x12, 0x21, 0xfc, 0x8a, 0x81, 0x90,
    0x7e, 0xa0, 0xb0, 0xb0, 0x7d, 0x8, 0x54, 0x60,
    0xfd, 0x61, 0x43, 0x28, 0x3f, 0xed, 0xc1, 0x44,
    0x3f, 0xb7, 0x9, 0xf0, 0x6d, 0xb, 0x83, 0xd0,

    /* U+611F "感" */
    0xf, 0xf6, 0xa8, 0x3f, 0xf8, 0x6f, 0x83, 0x7f,
    0xe2, 0xe3, 0xc1, 0x5f, 0xe9, 0xfe, 0xd, 0xfd,
    0x8, 0x28, 0x19, 0xfe, 0x90, 0x98, 0x3b, 0xf8,
    0x27, 0x43, 0xef, 0x82, 0xa1, 0x4, 0x87, 0xf6,
    0x40, 0xcd, 0x7, 0xc3, 0xb4, 0x42, 0x63, 0xf8,
    0x1b, 0x4e, 0x30, 0x28, 0xa3, 0x81, 0xb4, 0x13,
    0xe2, 0x30, 0xd2, 0x5, 0x83, 0x4a, 0x2b, 0x2,
    0x81, 0xe9, 0x6, 0x89, 0x26, 0xff, 0x94, 0x68,

    /* U+6216 "或" */
    0xf, 0xfe, 0x76, 0x9a, 0x1f, 0xfc, 0x3a, 0x61,
    0xff, 0xc0, 0xc7, 0x41, 0x7f, 0xe1, 0xf9, 0xcb,
    0xff, 0x2b, 0xf8, 0x3f, 0xf8, 0x68, 0x57, 0xf4,
    0x68, 0x18, 0x33, 0xf2, 0x1e, 0xa0, 0x7f, 0xc8,
    0x11, 0xf, 0xfe, 0xb, 0x21, 0xcf, 0xc8, 0x4c,
    0x41, 0xaf, 0xe8, 0x36, 0x1f, 0xcd, 0x8a, 0xd,
    0x2a, 0xfc, 0x56, 0x70, 0x28, 0x17, 0xaa, 0x66,
    0x24, 0xc, 0x84, 0xad, 0x6, 0xd0,

    /* U+6237 "户" */
    0xf, 0xfe, 0x66, 0x87, 0xff, 0x9, 0x83, 0xff,
    0x85, 0x88, 0x7e, 0xfe, 0x8b, 0xf0, 0x75, 0xff,
    0xc1, 0xff, 0xea, 0xbf, 0xf8, 0x3d, 0xff, 0xe0,
    0xff, 0xe2, 0x61, 0x21, 0xff, 0xc3, 0xd0, 0xff,
    0xe1, 0x38, 0x7f, 0xf0, 0x61, 0xf, 0xfe, 0xb,
    0x7, 0xff, 0xa, 0x43, 0xff, 0x82,

    /* U+6240 "所" */
    0xf, 0xa0, 0xf3, 0x21, 0x34, 0xf0, 0x8d, 0xe8,
    0x42, 0x8f, 0xa5, 0x45, 0xe8, 0x3a, 0x43, 0xd2,
    0x1f, 0xab, 0x83, 0xff, 0x8a, 0x87, 0xff, 0x6,
    0xb0, 0x6f, 0xf2, 0x1f, 0xf7, 0xa3, 0xc8, 0x79,
    0xf, 0x21, 0xc9, 0xf4, 0x1f, 0xfc, 0x2f, 0xe3,
    0x43, 0xff, 0x9d, 0xa1, 0xe7, 0xf, 0xce, 0x1c,
    0x88, 0x7f, 0x21, 0xd4, 0xf, 0xe4, 0x39, 0x60,
    0xfe, 0x83, 0x98, 0x3b, 0x8,

    /* U+6253 "打" */
    0x9, 0xc3, 0xff, 0x92, 0xbf, 0xc1, 0xf9, 0xaf,
    0xe4, 0x3e, 0x7f, 0x8f, 0x93, 0xd1, 0xe4, 0x3f,
    0xef, 0x47, 0x90, 0xff, 0xf3, 0xdc, 0x1f, 0xf5,
    0xc7, 0xa0, 0xff, 0xe0, 0x50, 0x43, 0xff, 0x83,
    0x21, 0xff, 0xf3, 0x43, 0xcf, 0x21, 0x9f, 0x48,
    0x73, 0xe8, 0x33, 0xf4, 0x18,

    /* U+6267 "执" */
    0xf, 0xfe, 0x4e, 0x86, 0x70, 0xff, 0xf1, 0xe1,
    0xff, 0xc2, 0xf0, 0xef, 0xa3, 0xf0, 0x6f, 0x16,
    0xfa, 0x7d, 0x7, 0xff, 0x45, 0x30, 0xff, 0xe0,
    0x5b, 0xe7, 0xf, 0xde, 0x1d, 0xb2, 0x43, 0xeb,
    0x30, 0xea, 0x83, 0xc8, 0x7a, 0x56, 0x1f, 0xfc,
    0x26, 0x4, 0x1f, 0xfc, 0xd, 0xc, 0x83, 0xf,
    0x3b, 0x7, 0x90, 0xac, 0x76, 0xf, 0x51, 0x5,
    0xe2, 0x81, 0xf3, 0xc0,

    /* U+6279 "批" */
    0xf, 0xfe, 0x4d, 0x0, 0xc1, 0x41, 0xff, 0xc5,
    0x50, 0x7f, 0xf7, 0x7c, 0xae, 0xf, 0xe4, 0x1e,
    0x57, 0x8, 0x73, 0x87, 0xfd, 0xe4, 0xa6, 0x87,
    0xf3, 0xe4, 0x70, 0xf9, 0xf0, 0x7b, 0xe, 0xb4,
    0xb0, 0xff, 0xe0, 0xcb, 0x7, 0xff, 0x6, 0x43,
    0xff, 0xa6, 0x87, 0xfd, 0x21, 0xa4, 0x3e, 0x9f,
    0x21, 0xc9, 0x6e, 0x6, 0xd1, 0xbc, 0x82, 0xf2,
    0x9, 0xa, 0xfa, 0x0,

    /* U+62D2 "拒" */
    0xf, 0xfe, 0x4b, 0x7, 0xff, 0x21, 0xff, 0xd0,
    0x7f, 0xbf, 0xe8, 0xa, 0xd6, 0xf, 0xfe, 0x7,
    0x93, 0xc1, 0xff, 0xc0, 0xa9, 0xa0, 0x3f, 0xe0,
    0xff, 0xbf, 0xa0, 0xff, 0xe2, 0xa1, 0xed, 0xf0,
    0x7f, 0xf0, 0x2d, 0x2c, 0x3e, 0x43, 0xb5, 0x82,
    0xfe, 0x83, 0x46, 0x1d, 0xff, 0x7, 0xff, 0x77,
    0xf, 0xfe, 0x1d, 0xb8, 0x6f, 0xfc, 0xb, 0xc8,
    0x1f, 0xfe, 0x0,

    /* U+6362 "换" */
    0x9, 0xe, 0x50, 0x7f, 0xa0, 0xeb, 0xf, 0xfe,
    0x1a, 0x6b, 0x7, 0xff, 0x2, 0x2b, 0x61, 0x94,
    0x49, 0xbf, 0x46, 0x1f, 0xd0, 0xfd, 0x1c, 0x12,
    0x89, 0x8b, 0xc5, 0xc8, 0x7f, 0xf0, 0x90, 0xff,
    0xe7, 0xd8, 0x7f, 0xf0, 0x6c, 0x10, 0x64, 0x3f,
    0xa2, 0x72, 0xe3, 0xd1, 0x82, 0x42, 0xfc, 0x7,
    0xf0, 0x7f, 0xa7, 0x50, 0x7f, 0xf0, 0x36, 0x3a,
    0x7, 0xf5, 0xb8, 0x5b, 0xa0, 0xb0, 0x47, 0x7,
    0x74, 0x5, 0xe2, 0x81, 0xf9, 0xc0,

    /* U+63A5 "接" */
    0x9, 0xf, 0xfe, 0x2c, 0x1e, 0x60, 0xff, 0xe2,
    0xa8, 0x3f, 0xf8, 0x1f, 0x45, 0xf4, 0x12, 0x20,
    0xe9, 0xfa, 0xe0, 0x71, 0x60, 0x60, 0xac, 0x37,
    0x8f, 0x4, 0xa1, 0x50, 0x7f, 0x5e, 0x6e, 0x3e,
    0xf, 0xaf, 0x9b, 0xf8, 0x3b, 0xc1, 0x2c, 0x1e,
    0x7c, 0x5f, 0xa3, 0xfc, 0xab, 0x13, 0xc9, 0xf4,
    0x79, 0x10, 0xf3, 0x85, 0x40, 0xff, 0x2b, 0x98,
    0x43, 0xfc, 0xd9, 0x28, 0x3f, 0xe5, 0x6d, 0xe,
    0xa, 0xd0, 0x77, 0x6a, 0xb5, 0x2, 0xe0, 0x7a,
    0x43, 0xb4,

    /* U+63A7 "控" */
    0x9, 0xf, 0xfe, 0x2c, 0x1f, 0x61, 0xff, 0xc6,
    0x43, 0xfe, 0x7f, 0x17, 0xe0, 0x28, 0x50, 0x2b,
    0xf0, 0x54, 0x28, 0x2c, 0x2f, 0x5, 0xe3, 0xcc,
    0x58, 0x34, 0xc3, 0xfa, 0x20, 0x74, 0xf, 0xec,
    0x83, 0x6c, 0x1d, 0x65, 0x3, 0xdc, 0x7, 0x4,
    0x7f, 0xf0, 0x54, 0x24, 0xbe, 0x2f, 0x82, 0xd0,
    0xff, 0xfd, 0x79, 0x7, 0xf1, 0x7e, 0x4f, 0x40,
    0xff, 0xf9,

    /* U+63D2 "插" */
    0x9, 0xf, 0xfe, 0x24, 0x1f, 0x2a, 0xe0, 0xfd,
    0x7d, 0x42, 0x81, 0xfa, 0xf8, 0xe4, 0x2a, 0x12,
    0x1f, 0xfc, 0x4d, 0xfc, 0x7f, 0x14, 0x28, 0xfe,
    0x2f, 0xc1, 0xfc, 0x81, 0xf, 0xfa, 0xf0, 0x1f,
    0x83, 0xac, 0x78, 0xf, 0x82, 0xb0, 0x41, 0xff,
    0xc0, 0x62, 0x43, 0xff, 0x81, 0xa1, 0xde, 0x47,
    0xc1, 0xfe, 0xf2, 0x3e, 0xf, 0xfe, 0x7f, 0xc7,
    0xc1, 0x3a, 0x1a, 0xbe, 0x9, 0xe0, 0xb5, 0xfb,
    0x0,

    /* U+6478 "摸" */
    0xf, 0xfe, 0x4e, 0x1d, 0x85, 0x87, 0xfa, 0xa3,
    0xa1, 0xd0, 0x3e, 0xbc, 0x5e, 0x2f, 0x2, 0x85,
    0x5, 0xff, 0x7, 0xef, 0x3f, 0x3e, 0xa, 0x85,
    0x1, 0xfe, 0x83, 0xfe, 0xaf, 0x83, 0xfe, 0xeb,
    0xc1, 0xf5, 0x81, 0xf, 0xf5, 0x82, 0x7, 0xfa,
    0xe, 0x89, 0x3e, 0x8f, 0xc1, 0x48, 0x5f, 0xa3,
    0xf8, 0x3e, 0xfa, 0x13, 0xf0, 0x7f, 0xa6, 0x60,
    0xff, 0xad, 0x88, 0xe0, 0xbc, 0x8e, 0x50, 0x2a,
    0x38, 0x3d, 0xf, 0x21, 0xcf, 0x80,

    /* U+64A4 "撤" */
    0x9, 0xf, 0xe4, 0x3e, 0x83, 0x61, 0xa0, 0xff,
    0xe0, 0xa1, 0xff, 0xc1, 0x7c, 0x5e, 0x43, 0xe4,
    0xe, 0xdf, 0x8f, 0x81, 0xc6, 0xbd, 0xa, 0x84,
    0x1e, 0x36, 0x68, 0x83, 0x56, 0x1f, 0x55, 0xe8,
    0xc5, 0x7, 0xd7, 0xe2, 0xf, 0xea, 0x1f, 0x12,
    0x83, 0xac, 0x70, 0xfd, 0x21, 0x28, 0xd3, 0xe0,
    0x95, 0x85, 0xc1, 0xbe, 0xb, 0x10, 0xfe, 0xf8,
    0x2c, 0x43, 0xfb, 0xe0, 0x2a, 0x81, 0x90, 0xfc,
    0xd1, 0x20, 0x51, 0xc, 0xef, 0x26, 0x15, 0xc0,
    0xc7, 0xa2, 0x14, 0x0,

    /* U+64CD "操" */
    0x9, 0xf, 0xfe, 0x2c, 0x1f, 0xfc, 0xaf, 0xf8,
    0x3f, 0xf8, 0x1f, 0xc1, 0xca, 0x24, 0x29, 0x68,
    0x3b, 0xc1, 0xd6, 0x17, 0x6, 0xa1, 0x2b, 0xa9,
    0xe9, 0xc1, 0xf7, 0x78, 0xf, 0xa4, 0x3c, 0x87,
    0xf2, 0x19, 0x3c, 0x53, 0xb, 0xb0, 0xb8, 0xe9,
    0xdf, 0x5d, 0xe0, 0x38, 0x7f, 0x21, 0xe8, 0x37,
    0xf1, 0xfc, 0x1f, 0x7c, 0x84, 0xfc, 0x1f, 0x9c,
    0xcc, 0xd0, 0xf9, 0xea, 0xa, 0xac, 0xe, 0x15,
    0xa1, 0xcf, 0x1, 0xf0, 0xa0, 0xd8, 0x64,

    /* U+6536 "收" */
    0xf, 0xe4, 0x3f, 0xf8, 0x18, 0x52, 0x1f, 0xfc,
    0xcc, 0x3c, 0x88, 0x7f, 0xf0, 0xb1, 0x7c, 0x1f,
    0xc9, 0x5e, 0xf, 0xc8, 0xfc, 0xac, 0x3f, 0x42,
    0x13, 0x87, 0xe4, 0xc3, 0x90, 0xfe, 0x86, 0x10,
    0xff, 0x28, 0x92, 0x81, 0x20, 0x70, 0xe7, 0x10,
    0xb3, 0xd0, 0x74, 0x41, 0xbb, 0x90, 0xec, 0x83,
    0x28, 0x3e, 0xdd, 0xc3, 0xfc, 0xec, 0x4f, 0x7,
    0xea, 0x82, 0xa0, 0x0,

    /* U+6539 "改" */
    0xf, 0xfe, 0x73, 0x87, 0x9f, 0xf0, 0x34, 0x3c,
    0xfe, 0x82, 0x70, 0xff, 0xe2, 0x5f, 0xc8, 0x7e,
    0x4f, 0xa3, 0x43, 0xf4, 0x1b, 0x42, 0xfd, 0x8,
    0x10, 0xf2, 0x57, 0xec, 0xe, 0x19, 0x7b, 0x58,
    0x44, 0x3f, 0xf8, 0xd, 0xa1, 0xff, 0xc1, 0xd5,
    0x7, 0xf2, 0x12, 0x21, 0xf3, 0x70, 0x50, 0xa0,
    0xee, 0x3c, 0x9, 0xe8, 0x83, 0x2e, 0x3, 0xb8,
    0xaa, 0x16, 0x86, 0x9c, 0x2a, 0x21, 0xfb, 0x83,
    0x9c,

    /* U+6545 "故" */
    0xf, 0xfe, 0x54, 0x86, 0x70, 0xff, 0xe2, 0x68,
    0x7f, 0xf1, 0x1c, 0x3e, 0xf9, 0xbd, 0x2, 0xfe,
    0x4a, 0x86, 0x9c, 0x7c, 0x9a, 0x2e, 0xd7, 0x7,
    0x21, 0xfe, 0x80, 0x81, 0xc3, 0xfc, 0xee, 0x12,
    0x13, 0xe6, 0xf4, 0x68, 0x87, 0xdf, 0x84, 0x46,
    0x81, 0xff, 0xc2, 0x61, 0xf, 0xfe, 0x14, 0x21,
    0xff, 0xc3, 0xc4, 0x3e, 0xfc, 0x16, 0x6e, 0x1e,
    0xfe, 0x73, 0x23, 0x9, 0x41, 0xaa, 0xc2, 0xdc,
    0x28, 0x35, 0xa1, 0xd6, 0x0,

    /* U+6548 "效" */
    0xf, 0xfe, 0x56, 0x1e, 0xa0, 0x7f, 0x58, 0x73,
    0x87, 0xaa, 0xca, 0x82, 0x43, 0xdf, 0xaf, 0x84,
    0xfe, 0x2, 0xa5, 0x62, 0x6f, 0xa3, 0xa, 0x41,
    0x40, 0x38, 0x7c, 0xa8, 0x26, 0x4c, 0x1a, 0x15,
    0x2, 0xfa, 0x50, 0x1c, 0x29, 0xd0, 0x2d, 0x6,
    0x42, 0x4a, 0x68, 0x21, 0xa2, 0x1e, 0x51, 0x86,
    0x95, 0x7, 0xc9, 0x7, 0xff, 0xa, 0x32, 0x9,
    0x2, 0x1d, 0x39, 0xa0, 0x6b, 0x6, 0x9c, 0x2c,
    0xa9, 0x6d, 0xb, 0xe, 0xdd, 0x5, 0x40, 0x83,
    0xde, 0xe, 0x70,

    /* U+654F "敏" */
    0xf, 0xfe, 0x4e, 0x1f, 0x50, 0x3e, 0x43, 0xf3,
    0x87, 0xd1, 0xfd, 0x1, 0xf, 0xdf, 0xe9, 0x2b,
    0x81, 0xa1, 0xf6, 0x19, 0xc, 0xff, 0x42, 0x54,
    0x40, 0xc9, 0xf4, 0x21, 0x90, 0xf3, 0x66, 0x50,
    0x32, 0x1c, 0x8a, 0x4, 0xa8, 0xb0, 0xb2, 0xd9,
    0x51, 0xa0, 0x42, 0xcd, 0xf3, 0x62, 0x48, 0x7d,
    0x61, 0xe5, 0x41, 0x91, 0x7b, 0x43, 0x21, 0xcf,
    0x8c, 0x72, 0x68, 0x19, 0xae, 0x3e, 0x75, 0x68,
    0x75, 0xe4, 0x9c, 0x15, 0x7, 0x5e, 0x8e, 0xc,
    0xe0,

    /* U+6574 "整" */
    0xf, 0xfe, 0x53, 0x7, 0x48, 0x7b, 0xe9, 0xf8,
    0xa, 0xf, 0x7d, 0x3f, 0x11, 0xfc, 0x7, 0xd3,
    0xe9, 0x6f, 0x4e, 0x13, 0xcf, 0x14, 0x51, 0x61,
    0x9e, 0x78, 0xde, 0x82, 0x13, 0xc0, 0x78, 0x25,
    0x61, 0xcc, 0xaf, 0x20, 0x95, 0xa1, 0x77, 0x87,
    0x6c, 0xea, 0xc1, 0x63, 0x85, 0xe8, 0xf, 0x1,
    0xfa, 0xfa, 0xff, 0x21, 0x7f, 0x95, 0xfe, 0xf,
    0x61, 0x9f, 0xe0, 0xff, 0xe0, 0x3f, 0xc1, 0xff,
    0xca, 0xf8, 0xf9, 0x5f, 0xf0,

    /* U+6587 "文" */
    0xf, 0xfe, 0x76, 0x87, 0xff, 0x11, 0x83, 0xff,
    0x89, 0x7, 0xfb, 0xff, 0x1f, 0xf0, 0x3d, 0x17,
    0xfa, 0x2f, 0x6, 0x56, 0x1e, 0xd4, 0x1f, 0x48,
    0x79, 0x83, 0xf9, 0x83, 0x48, 0x7f, 0xa5, 0x1,
    0x50, 0x7f, 0xd4, 0x4a, 0x7, 0xff, 0x1, 0xa6,
    0xa0, 0xff, 0xe2, 0x61, 0xff, 0xc1, 0xa2, 0xa8,
    0x1f, 0xe7, 0x6a, 0xdd, 0xf, 0x5c, 0xe8, 0x5b,
    0x70, 0x5b, 0x70, 0x7a, 0xe7, 0x7, 0x90, 0xff,
    0x3e, 0x0,

    /* U+65AD "断" */
    0xe, 0x43, 0xff, 0x81, 0x5, 0x7, 0x9b, 0x80,
    0x90, 0x52, 0xbd, 0x1c, 0x19, 0x9, 0x53, 0xe8,
    0x3f, 0x94, 0xc, 0x3f, 0xa0, 0xa0, 0xff, 0x9e,
    0x39, 0xf, 0xfb, 0xb, 0x5, 0xfc, 0x81, 0x40,
    0x58, 0xbc, 0x5a, 0x19, 0x18, 0x3f, 0xf8, 0x1e,
    0x21, 0xf, 0xf4, 0x85, 0x22, 0x1f, 0xb8, 0x3f,
    0xf8, 0x68, 0x10, 0xff, 0xe0, 0xfc, 0xfa, 0xf,
    0xea, 0xf9, 0x83, 0xf2, 0xff, 0x7, 0xff, 0xe,
    0xd, 0xa0,

    /* U+65B0 "新" */
    0xf, 0xfe, 0x56, 0x87, 0xf2, 0x1e, 0x60, 0xcd,
    0x3e, 0xb, 0xe4, 0xf8, 0x8f, 0xa0, 0xba, 0x7a,
    0x70, 0x48, 0x7e, 0x81, 0x87, 0xff, 0x5, 0x9,
    0x83, 0xfe, 0xf1, 0xe3, 0xc9, 0xfe, 0x7, 0xd3,
    0xf2, 0x7c, 0x58, 0x7f, 0xf1, 0x10, 0xbe, 0x9f,
    0x90, 0xfe, 0xfa, 0x7e, 0x43, 0xfd, 0xa0, 0x71,
    0xf, 0xe4, 0x40, 0xb0, 0x87, 0xeb, 0xd, 0xeb,
    0xf, 0xd8, 0x73, 0x8, 0x7f, 0xbb, 0x3, 0x7,
    0xe0,

    /* U+65E0 "无" */
    0x7, 0xff, 0xf0, 0x83, 0x7f, 0x8b, 0xfc, 0x1f,
    0xf2, 0x1f, 0xfe, 0x15, 0xf8, 0x5f, 0xc0, 0xaf,
    0x8a, 0xfc, 0xf, 0xf2, 0x8b, 0xfc, 0x1f, 0x9c,
    0x3f, 0xf8, 0x68, 0x87, 0xff, 0xe, 0x81, 0xff,
    0xc3, 0xc4, 0x3f, 0x61, 0xd9, 0x87, 0xff, 0x5,
    0xcc, 0x27, 0xc, 0x85, 0xd3, 0xd, 0xbf, 0xa8,
    0xf, 0x21, 0xcf, 0xf9, 0x0,

    /* U+65E5 "日" */
    0xff, 0xfe, 0x1, 0x7f, 0xe4, 0x3f, 0xec, 0x3f,
    0xfb, 0x5a, 0xfe, 0xc0, 0xd7, 0xe4, 0x17, 0xfe,
    0x83, 0xff, 0xcd, 0x7f, 0xe8, 0x17, 0xfe, 0x80,

    /* U+65F6 "时" */
    0xf, 0xfe, 0xc, 0x19, 0x78, 0x3e, 0x42, 0x6b,
    0x83, 0xff, 0x83, 0xf0, 0x7f, 0x21, 0xfd, 0xfe,
    0x2d, 0xf, 0xbf, 0xc7, 0x90, 0xfc, 0x87, 0xfb,
    0xe0, 0xa4, 0x3f, 0xbe, 0xb, 0x83, 0xff, 0x88,
    0xe1, 0xff, 0xc3, 0x84, 0x3f, 0xf8, 0x7a, 0x1f,
    0x7c, 0x1f, 0xfc, 0x2f, 0xc1, 0xff, 0x28, 0x3f,
    0xc8, 0x74, 0x1f, 0x3e, 0x90, 0x80,

    /* U+660E "明" */
    0xf, 0xcb, 0xfd, 0xfc, 0x95, 0xf8, 0x1f, 0x6,
    0xbf, 0x41, 0xff, 0xde, 0xbf, 0x41, 0x7c, 0x1a,
    0xb9, 0xb, 0xe0, 0xe5, 0xd8, 0x7f, 0x90, 0xff,
    0xe1, 0xaf, 0x7, 0xf2, 0x57, 0x82, 0xf8, 0x19,
    0xfd, 0x5, 0xf9, 0x50, 0x7c, 0xc1, 0xa1, 0xf,
    0xc8, 0x4a, 0x83, 0xff, 0x83, 0x44, 0x37, 0xa8,
    0x1d, 0xa1, 0xdf, 0x20,

    /* U+663E "显" */
    0xf, 0xfe, 0x4d, 0xff, 0xf0, 0x7d, 0x7f, 0xf0,
    0x7f, 0xf3, 0xaf, 0xfe, 0xf, 0xd7, 0xff, 0x7,
    0xec, 0x3f, 0xf8, 0xaf, 0xff, 0x7, 0xd7, 0xa7,
    0xd3, 0xf0, 0x73, 0x7, 0xf9, 0x83, 0x2c, 0x1f,
    0xd6, 0x1d, 0x40, 0xfd, 0x28, 0x39, 0x10, 0xf2,
    0xa0, 0xfb, 0x43, 0xce, 0x1d, 0xfd, 0x3e, 0x9f,
    0xe4, 0xaf, 0xfe, 0x22,

    /* U+6682 "暂" */
    0xf, 0xfe, 0x56, 0x1f, 0x9b, 0xb, 0xe3, 0xf3,
    0xeb, 0xd0, 0x5c, 0x7f, 0x25, 0x4a, 0xd, 0x42,
    0x43, 0xff, 0x81, 0x16, 0xde, 0x4b, 0xf8, 0x17,
    0xc5, 0xe4, 0xf8, 0xf0, 0x7d, 0xb0, 0x7f, 0xbf,
    0xf, 0x90, 0xfe, 0xfc, 0xd1, 0xa0, 0x7f, 0xf0,
    0x30, 0xa4, 0x24, 0x3d, 0xea, 0x7a, 0xfc, 0x87,
    0xd7, 0xfe, 0x83, 0xf5, 0xff, 0xa0, 0xfd, 0x7f,
    0xe8, 0x3f, 0xf9, 0xd7, 0xfe, 0x83, 0x0,

    /* U+6700 "最" */
    0xa, 0xbf, 0xf8, 0x1, 0xe7, 0xaf, 0xda, 0x1f,
    0xfc, 0xdb, 0xff, 0x41, 0xfa, 0xff, 0xd0, 0x7c,
    0xdf, 0xfa, 0xf, 0xaf, 0xff, 0x83, 0x7f, 0xff,
    0x10, 0x1c, 0x7c, 0x5f, 0xf8, 0x3b, 0xe0, 0x7f,
    0xc8, 0x77, 0xc0, 0xcf, 0xc2, 0x1d, 0x50, 0x56,
    0xe, 0xf, 0x54, 0x12, 0xa8, 0xa0, 0xf2, 0xa2,
    0x49, 0x50, 0x6e, 0x73, 0x26, 0xe9, 0xc1, 0x7a,
    0x8a, 0x7, 0xca, 0xcc,

    /* U+6708 "月" */
    0xf, 0xfe, 0x3f, 0xff, 0xc1, 0xdf, 0xfa, 0xf,
    0xfe, 0xc7, 0xfe, 0x83, 0xdf, 0xfa, 0xc, 0x87,
    0xff, 0x83, 0x3f, 0xf4, 0x19, 0xbf, 0xf4, 0x12,
    0x21, 0xff, 0xc0, 0x90, 0xff, 0xe0, 0x64, 0x1e,
    0x41, 0x85, 0x87, 0xd7, 0x98, 0xc3, 0xf7, 0xe4,

    /* U+6709 "有" */
    0xf, 0xfe, 0x66, 0x1f, 0xfc, 0x34, 0x3f, 0xeb,
    0xf4, 0x7f, 0xf1, 0x7c, 0x9f, 0xfe, 0xe, 0x50,
    0x7f, 0xf0, 0xa3, 0xf, 0xfe, 0x12, 0x5f, 0xf8,
    0x3b, 0x7, 0xfd, 0x7, 0x44, 0x1f, 0xfc, 0x1d,
    0xc1, 0xff, 0x41, 0xac, 0x2f, 0xfa, 0xc, 0x87,
    0xff, 0x27, 0xfe, 0x83, 0xfb, 0xfe, 0x83, 0xff,
    0x89, 0x87, 0xff, 0xb, 0xcc, 0x0,

    /* U+670D "服" */
    0xf, 0xfe, 0x47, 0xf0, 0x3f, 0xe0, 0xef, 0x83,
    0x7f, 0x7, 0xff, 0x31, 0x60, 0xf3, 0xe0, 0xf5,
    0x41, 0xe7, 0xe0, 0xef, 0x83, 0xff, 0x95, 0xfe,
    0x83, 0xfe, 0x8f, 0x8c, 0x37, 0xc1, 0x90, 0xe4,
    0x37, 0xc1, 0xd4, 0x24, 0x24, 0x3f, 0x95, 0x30,
    0x64, 0x3f, 0xa6, 0xd, 0xe0, 0xfe, 0x88, 0x32,
    0x83, 0xe7, 0x77, 0x40, 0x83, 0xc8, 0x6a, 0x15,
    0x2, 0x7, 0xa0, 0x6a, 0x9, 0xc0,

    /* U+671F "期" */
    0xa, 0xa, 0x43, 0xfc, 0xa0, 0xf3, 0xd5, 0xe2,
    0x87, 0xcd, 0x1, 0x56, 0xa, 0x1f, 0xc, 0x1f,
    0xfc, 0x27, 0xf, 0x21, 0xdf, 0x21, 0xbe, 0x83,
    0xbe, 0xe, 0xfa, 0xf, 0xc8, 0x7c, 0x87, 0x7c,
    0x87, 0xff, 0x7, 0xe4, 0x37, 0xe0, 0xff, 0xb2,
    0xb0, 0x38, 0xf9, 0xb1, 0x78, 0x1e, 0xbd, 0x7c,
    0xe1, 0xf3, 0x5, 0x84, 0x87, 0xd4, 0x2, 0xa8,
    0x86, 0x41, 0x28, 0x2a, 0x38, 0x2e, 0x4a, 0x7,
    0xb4, 0x17, 0xa0,

    /* U+672A "未" */
    0xf, 0xca, 0xf, 0xfe, 0x27, 0x83, 0xff, 0xc5,
    0x7f, 0x2b, 0xfa, 0xd, 0x7f, 0x2b, 0xfa, 0xf,
    0xfe, 0xdf, 0xfc, 0xaf, 0xf8, 0x15, 0xe0, 0xd5,
    0xe0, 0x2f, 0x4, 0x81, 0x78, 0x3c, 0xd1, 0x28,
    0x87, 0xf3, 0x44, 0xd, 0x10, 0xfa, 0xa4, 0x33,
    0x50, 0x67, 0x74, 0x3c, 0xee, 0x82, 0x98, 0x7f,
    0xba, 0x3, 0x43, 0xff, 0x80, 0xe0,

    /* U+672C "本" */
    0xf, 0xca, 0xf, 0xfe, 0x27, 0x83, 0xff, 0xd2,
    0x87, 0xf5, 0xfe, 0x4f, 0xf8, 0x17, 0xe8, 0x51,
    0x7f, 0x7, 0xd4, 0x5, 0x3, 0xfe, 0x44, 0x9,
    0x7, 0xfa, 0xc3, 0x68, 0x7f, 0x68, 0x79, 0xc3,
    0xec, 0x83, 0xd3, 0x87, 0x44, 0x19, 0xb, 0x30,
    0xb3, 0xbe, 0x4f, 0xad, 0xc1, 0xc7, 0xe5, 0x7e,
    0x2c, 0x3f, 0xfb, 0x20,

    /* U+6743 "权" */
    0xc, 0x87, 0xff, 0x16, 0xf, 0xfe, 0xd3, 0xff,
    0xc1, 0xe4, 0x5b, 0xf9, 0x40, 0xf8, 0xbb, 0x43,
    0x9c, 0x1e, 0x4f, 0x48, 0x7c, 0x86, 0x4c, 0x32,
    0x14, 0x86, 0x40, 0xe0, 0x70, 0x9c, 0x37, 0x13,
    0x12, 0x4, 0x43, 0x28, 0x10, 0x4e, 0x50, 0x34,
    0x86, 0x81, 0x18, 0x84, 0xa8, 0x3f, 0x24, 0x19,
    0x83, 0xf2, 0x88, 0x39, 0xf, 0xa9, 0xe7, 0xf,
    0xf3, 0xb8, 0x27, 0x43, 0xf5, 0x30, 0xd5, 0x7,
    0x60, 0xd0, 0xf3, 0x80,

    /* U+6761 "条" */
    0xf, 0x50, 0x3f, 0xf8, 0x6a, 0xc3, 0xff, 0x84,
    0xc5, 0xfc, 0x87, 0xd4, 0x1f, 0xcb, 0x7, 0x39,
    0xe2, 0x1c, 0x83, 0xcf, 0x2, 0x3a, 0x83, 0xfe,
    0xb6, 0x6d, 0xf, 0x5f, 0x16, 0x5d, 0x3e, 0x82,
    0xa7, 0x24, 0x8f, 0xa7, 0x4, 0xa0, 0xff, 0x32,
    0x15, 0xfc, 0x5f, 0xc1, 0xd7, 0xf1, 0x7f, 0x7,
    0xd6, 0x1c, 0xe1, 0xfa, 0x70, 0xe6, 0xd0, 0xec,
    0xc3, 0xe6, 0x81, 0xdc, 0x7, 0x10, 0x9c, 0x20,

    /* U+6765 "来" */
    0xf, 0xca, 0xf, 0xfe, 0x27, 0x83, 0xff, 0xa1,
    0xfe, 0x57, 0xf8, 0x37, 0xaf, 0x95, 0xf5, 0x30,
    0xe6, 0xf, 0xde, 0xf, 0x22, 0x1f, 0x30, 0x7d,
    0x40, 0xf4, 0x87, 0xe5, 0x7, 0xd0, 0x77, 0xe7,
    0xca, 0xf3, 0xf8, 0x1f, 0xe0, 0xdf, 0xe0, 0xfb,
    0x5d, 0x7, 0xfd, 0xb0, 0x23, 0xf, 0xce, 0xc1,
    0xa7, 0x43, 0xab, 0x7, 0xab, 0x5, 0x9a, 0x1f,
    0x9c, 0xc1, 0xc1, 0xff, 0xc0, 0xb0,

    /* U+6784 "构" */
    0xc, 0x86, 0x43, 0xfc, 0xc1, 0xa4, 0x3f, 0xf8,
    0x48, 0x87, 0xff, 0xb, 0x17, 0xe3, 0xd1, 0xe1,
    0x2b, 0xe2, 0x89, 0x51, 0xfe, 0x80, 0xb0, 0xb4,
    0x61, 0xff, 0x44, 0xa0, 0xfe, 0x82, 0x51, 0xc1,
    0xc8, 0x18, 0xa0, 0x14, 0x61, 0xca, 0xb, 0x24,
    0x24, 0xc1, 0x61, 0xc9, 0x66, 0x1c, 0x86, 0x41,
    0xf2, 0xc, 0xc3, 0x9e, 0x41, 0x88, 0x7f, 0xf5,
    0x11, 0xf, 0xfe, 0x7, 0xa8, 0x19, 0xc3, 0xef,
    0x90,

    /* U+67E5 "查" */
    0xf, 0xfe, 0x75, 0x3, 0xff, 0x9f, 0xff, 0x2b,
    0xfe, 0x7, 0xf4, 0x4, 0xbf, 0x83, 0xcd, 0xa5,
    0x10, 0xfe, 0xa6, 0x13, 0x50, 0x7d, 0xb8, 0x73,
    0xba, 0x15, 0xb8, 0x5c, 0x17, 0x4c, 0x1e, 0xbf,
    0x5f, 0xcf, 0x1, 0xb, 0xfe, 0x82, 0x43, 0xdf,
    0xf4, 0x1f, 0xef, 0xfa, 0xf, 0xf2, 0x1f, 0xfc,
    0x5b, 0xfd, 0x7, 0xf7, 0xff, 0x83, 0xaf, 0xff,
    0xe1, 0x40,

    /* U+6808 "栈" */
    0x9, 0x41, 0xc8, 0x7f, 0xbc, 0x1d, 0xa, 0xf,
    0xfe, 0x1a, 0xa4, 0x3f, 0xf8, 0x9e, 0xd, 0x6a,
    0xe0, 0xdd, 0x1c, 0x2e, 0x1a, 0xbc, 0x27, 0x61,
    0x28, 0x51, 0x79, 0x52, 0x83, 0x90, 0x41, 0xfc,
    0xa0, 0xb1, 0x60, 0x23, 0xf8, 0x32, 0x88, 0xb8,
    0x17, 0xa0, 0xa4, 0xa, 0xbd, 0x6, 0xc2, 0x60,
    0xfc, 0xe6, 0xa0, 0x41, 0xfd, 0xbb, 0x4, 0x87,
    0xf6, 0x31, 0x7, 0xfa, 0xc5, 0x1, 0xf, 0xd6,
    0x74, 0x24, 0x3f, 0xdc, 0x16, 0xd0,

    /* U+6821 "校" */
    0x9, 0x41, 0xff, 0xc4, 0xf0, 0x73, 0x87, 0xff,
    0x11, 0x50, 0x7f, 0xf0, 0x17, 0x1, 0x70, 0x7e,
    0xfc, 0xf, 0xc0, 0xf2, 0xba, 0xba, 0x8a, 0x81,
    0xe1, 0xe0, 0x41, 0xb0, 0xf9, 0xb, 0x82, 0x9c,
    0x34, 0x8, 0xd0, 0xce, 0x41, 0x2c, 0x35, 0x5,
    0x1c, 0x5, 0x3, 0x11, 0x82, 0x43, 0x58, 0x14,
    0x9, 0x5a, 0x19, 0x10, 0xfa, 0x84, 0x19, 0x83,
    0xff, 0x8a, 0x87, 0xd4, 0xdd, 0xf, 0xf3, 0xb9,
    0x56, 0x87, 0xea, 0x61, 0x3d, 0x86, 0xa0, 0x34,
    0x3c, 0xc0,

    /* U+68C0 "检" */
    0x9, 0xf, 0x90, 0xfe, 0xd0, 0xe6, 0xf, 0xfe,
    0x24, 0x21, 0xff, 0xc2, 0x9e, 0x43, 0xbc, 0xda,
    0x2a, 0x38, 0x3a, 0x83, 0x2a, 0xc2, 0xb4, 0x25,
    0x1, 0x54, 0x5c, 0x51, 0x9, 0x15, 0x7a, 0xb9,
    0xa0, 0x58, 0x3c, 0x5f, 0xc3, 0x84, 0xa9, 0x60,
    0x28, 0x28, 0x25, 0x3, 0x64, 0x18, 0x20, 0xd4,
    0xd, 0x62, 0x80, 0xc1, 0x21, 0xca, 0xc, 0xa0,
    0xd0, 0x79, 0x6, 0x50, 0x3f, 0xe8, 0x25, 0x7,
    0xfa, 0xfe, 0x9f, 0x41, 0xf7, 0x5f, 0xe0,

    /* U+6A2A "横" */
    0xc, 0x86, 0x43, 0x21, 0xe7, 0xd, 0x4, 0xc1,
    0xff, 0xc1, 0x43, 0xff, 0x85, 0x65, 0xe8, 0xf0,
    0x7e, 0xb3, 0xe8, 0xf0, 0x3d, 0x3e, 0x9, 0xf,
    0xde, 0x1e, 0xf1, 0x7a, 0x3c, 0x87, 0x9f, 0xc7,
    0xf2, 0x4, 0x51, 0x7c, 0x7f, 0x5, 0xaa, 0x4b,
    0xc7, 0xd0, 0x67, 0x2c, 0xa8, 0xea, 0xa, 0x80,
    0x62, 0xa2, 0xb0, 0x4a, 0xf, 0xe4, 0x3d, 0x7,
    0xaf, 0x1f, 0x41, 0x21, 0xd7, 0x7e, 0xbc, 0x1f,
    0x9f, 0x6, 0xf2, 0x1f, 0x35, 0x6, 0xa9, 0x9,
    0x87, 0x43, 0xce, 0x80,

    /* U+6B21 "次" */
    0xf, 0xfe, 0x76, 0x87, 0xf4, 0x86, 0x44, 0x3f,
    0xbb, 0xb, 0xf, 0xf9, 0xdc, 0x9, 0xff, 0x21,
    0xa8, 0x15, 0xfd, 0x7, 0xc9, 0x28, 0x90, 0xc8,
    0x79, 0x50, 0x10, 0xb4, 0x3f, 0x21, 0xf3, 0x7,
    0x95, 0x6, 0xc1, 0x87, 0x98, 0x32, 0x21, 0xfd,
    0x40, 0xd8, 0xa0, 0xfa, 0x10, 0xcd, 0xc1, 0xe5,
    0x61, 0xa1, 0x44, 0x1d, 0x21, 0xa7, 0x6, 0xc1,
    0xa8, 0x16, 0xe1, 0xa6, 0x9, 0x3, 0xb8, 0x73,
    0xb8, 0x73, 0xc1, 0xfb, 0xc0,

    /* U+6B63 "正" */
    0x1f, 0xff, 0xe1, 0x20, 0x7f, 0xd1, 0x7f, 0x21,
    0xfc, 0x88, 0x7f, 0xf4, 0x50, 0xff, 0xe2, 0x58,
    0x7f, 0xf2, 0xff, 0xa0, 0xff, 0xe0, 0x57, 0x61,
    0xff, 0xc0, 0x5f, 0x7, 0xff, 0xff, 0xca, 0xfc,
    0x7f, 0xc0, 0xaf, 0xfe, 0x20,

    /* U+6B64 "此" */
    0xe, 0x70, 0xb4, 0x3f, 0xfe, 0x5a, 0x1f, 0xf4,
    0x1f, 0xca, 0xc, 0xe1, 0xfe, 0xa2, 0x7a, 0xa0,
    0xfe, 0xf2, 0x36, 0x87, 0xff, 0xa, 0x43, 0xff,
    0xff, 0x87, 0xf2, 0x83, 0xfe, 0xe8, 0x70, 0x30,
    0xa0, 0x38, 0x94, 0xf3, 0x3f, 0x30, 0xfd, 0x28,
    0x27, 0xf9, 0x0,

    /* U+6B65 "步" */
    0xf, 0xcc, 0x1f, 0xf2, 0x19, 0xf, 0xfa, 0xe,
    0xfe, 0xf, 0xfe, 0x7, 0xf0, 0x7f, 0xf2, 0x16,
    0x16, 0xc5, 0xf8, 0xa8, 0xa9, 0x2b, 0xd9, 0xff,
    0x2b, 0xfd, 0x6, 0x70, 0xf9, 0xc3, 0xd4, 0xf,
    0xa4, 0x3b, 0x50, 0x7a, 0x20, 0xdb, 0x7, 0xb7,
    0xe, 0xa0, 0x6c, 0xdc, 0x3c, 0x86, 0x65, 0x41,
    0xfc, 0xdd, 0x38, 0x3e, 0xbd, 0x16, 0x87, 0xf7,
    0x7a, 0x43, 0xfc,

    /* U+6C42 "求" */
    0xf, 0xfe, 0x75, 0x6, 0xf, 0xfe, 0x23, 0xe8,
    0x3f, 0xf8, 0x6e, 0x86, 0xff, 0x95, 0xf8, 0xf0,
    0x3f, 0xe4, 0xff, 0x82, 0x50, 0x7f, 0x98, 0x33,
    0x21, 0xd0, 0x1b, 0xe, 0xe4, 0x32, 0x34, 0x43,
    0xd4, 0x9, 0x5d, 0x10, 0xf9, 0xc5, 0x10, 0xa0,
    0xfe, 0x78, 0x2d, 0x41, 0xfb, 0xa6, 0x85, 0x44,
    0x3a, 0xdd, 0xe, 0x6a, 0xb, 0x38, 0x3f, 0x33,
    0x83, 0x83, 0x90, 0xe7, 0x83, 0xd7, 0x88, 0x3c,
    0x80,

    /* U+6CA1 "没" */
    0x2, 0x1f, 0xfc, 0x5f, 0x21, 0x7f, 0x83, 0xd5,
    0x6, 0xfc, 0x1f, 0x9c, 0x3f, 0xf9, 0x8, 0x7f,
    0xdc, 0x13, 0x40, 0xef, 0x81, 0xba, 0xa5, 0x6,
    0xe9, 0x85, 0xca, 0xa0, 0x79, 0x41, 0xc8, 0x2f,
    0xfd, 0x7, 0xec, 0x7f, 0x88, 0x3d, 0x83, 0x43,
    0x68, 0x7a, 0x42, 0x70, 0x44, 0x1e, 0x60, 0xa7,
    0x9c, 0x3d, 0x21, 0xd8, 0xa0, 0xf2, 0xa0, 0x9e,
    0xa7, 0x83, 0x90, 0x7d, 0x6a, 0xe7, 0xc0, 0x60,
    0x7a, 0x43, 0x3f, 0x0,

    /* U+6CD5 "法" */
    0x4, 0x1f, 0xb0, 0xfb, 0xd0, 0x7f, 0xf0, 0x9c,
    0x43, 0xff, 0x87, 0x27, 0xe3, 0xf0, 0x7e, 0xfa,
    0x3f, 0x3, 0x43, 0xe4, 0x3e, 0xa6, 0x1f, 0xfc,
    0x27, 0x50, 0x72, 0x1f, 0xd2, 0x7e, 0x8f, 0xe0,
    0xf7, 0xe2, 0xfe, 0xd, 0x21, 0x42, 0x1f, 0xca,
    0x9, 0x81, 0x87, 0xa4, 0x29, 0x40, 0x70, 0xca,
    0x80, 0xa8, 0x28, 0x42, 0xa0, 0x51, 0x7e, 0x20,
    0x22, 0x4, 0x7b, 0xf3, 0xe, 0x13, 0xca, 0xd,
    0x40,

    /* U+6D3B "活" */
    0xf, 0xfe, 0x46, 0x87, 0xe6, 0xf0, 0x6a, 0x69,
    0x7e, 0x8b, 0xc, 0xe8, 0x3b, 0xc7, 0x21, 0xf4,
    0x8a, 0xf, 0xfe, 0x87, 0x1, 0xfe, 0x3f, 0x81,
    0x3a, 0xbf, 0x8b, 0xf0, 0x1d, 0xf, 0xc8, 0x7e,
    0x90, 0xff, 0xe4, 0x2e, 0x17, 0x7, 0xb4, 0xac,
    0x56, 0xe, 0x44, 0x1f, 0xf0, 0x7a, 0x81, 0xff,
    0xc3, 0x84, 0x3f, 0xf8, 0x4a, 0xc3, 0x2f, 0xc1,
    0xc8, 0x75, 0x7c, 0x10,

    /* U+6D88 "消" */
    0xf, 0xfe, 0x3c, 0x1f, 0xb0, 0x90, 0xbd, 0xe,
    0x1f, 0x50, 0xe, 0x8a, 0x83, 0x92, 0xd, 0x82,
    0x43, 0xa8, 0x1f, 0xd8, 0x76, 0x83, 0x83, 0x7e,
    0x3f, 0x3, 0x30, 0xdf, 0xf0, 0x6a, 0x7, 0xff,
    0x11, 0xd, 0xff, 0x7, 0x90, 0xbf, 0xe0, 0xf4,
    0x1f, 0xfc, 0x39, 0xb, 0xfe, 0xe, 0x60, 0xbf,
    0xe0, 0xda, 0x1f, 0xfc, 0x24, 0x83, 0xfc, 0x84,
    0xc1, 0xfc, 0xf2, 0x0,

    /* U+6DF1 "深" */
    0x4, 0x1f, 0xfc, 0x5f, 0x47, 0xff, 0xa0, 0x9c,
    0x2f, 0xfc, 0x87, 0xa0, 0xd0, 0x24, 0x3f, 0xd9,
    0x5, 0x46, 0x80, 0xe0, 0xd3, 0x5, 0xc8, 0x5b,
    0xa6, 0xe3, 0x2, 0x81, 0xb9, 0x3c, 0x12, 0x7,
    0xe, 0x43, 0xff, 0x91, 0xfa, 0x3f, 0x41, 0xd9,
    0xf2, 0x17, 0xd0, 0x6a, 0x4, 0xa8, 0xb0, 0xf2,
    0xc0, 0x6c, 0xa, 0x83, 0xa8, 0xa, 0x61, 0xa3,
    0x9, 0x12, 0x30, 0xf4, 0xe0, 0x60, 0x50, 0x3f,
    0x58,

    /* U+6E05 "清" */
    0x4, 0x1f, 0x50, 0x3f, 0xb8, 0xfc, 0xaf, 0xc8,
    0x57, 0x8f, 0xca, 0xfc, 0x87, 0x25, 0x65, 0x56,
    0xf, 0xd5, 0x95, 0x58, 0x2d, 0xf, 0xfe, 0x25,
    0x47, 0xf2, 0xbf, 0x80, 0xe9, 0xff, 0xfc, 0x0,
    0xd8, 0x1f, 0xfc, 0x87, 0xf3, 0xfe, 0x43, 0xce,
    0x7, 0xfc, 0x87, 0xa8, 0x7, 0xfc, 0x87, 0x22,
    0x1f, 0xfc, 0x3a, 0x4, 0xff, 0x90, 0xc8, 0x84,
    0xff, 0x90, 0xe8, 0x3f, 0xbc, 0xa0, 0x0,

    /* U+6E90 "源" */
    0x4, 0x1f, 0xfc, 0x6d, 0x3f, 0xfe, 0xa, 0xa0,
    0x5f, 0x4f, 0xe0, 0xce, 0x1e, 0xc3, 0xff, 0x85,
    0xf2, 0xbe, 0xb, 0x43, 0xd7, 0xf0, 0x6a, 0x83,
    0xff, 0x86, 0xe1, 0x92, 0xfe, 0xf, 0x41, 0xd7,
    0xf0, 0x7f, 0xf0, 0x2f, 0xe0, 0xf5, 0x10, 0x7e,
    0x3e, 0xe, 0x6d, 0x4, 0x1a, 0x81, 0xa0, 0x39,
    0xe0, 0xd2, 0x19, 0x80, 0xa1, 0xe, 0x70, 0x43,
    0x27, 0x80, 0x85, 0x20, 0xe0, 0x44, 0x5c, 0x85,
    0x0,

    /* U+6EE1 "满" */
    0xf, 0xfe, 0x44, 0x1d, 0x40, 0x38, 0x7b, 0xd4,
    0xf2, 0xbd, 0x1f, 0x4, 0xe5, 0xe5, 0x7a, 0x3e,
    0xe, 0x82, 0xf0, 0x14, 0x1f, 0xd7, 0xa9, 0xf3,
    0xf0, 0x24, 0x15, 0x8a, 0x2a, 0xa0, 0x76, 0x5,
    0x85, 0x1a, 0xc0, 0x78, 0x1f, 0x1e, 0x6f, 0x41,
    0x90, 0xbc, 0x78, 0xb4, 0x3f, 0xf8, 0x68, 0x7d,
    0x61, 0x22, 0xc, 0x3e, 0x60, 0xab, 0x2c, 0x1c,
    0x88, 0x25, 0x6d, 0x30, 0xea, 0x5, 0xc3, 0x2,
    0xd, 0x8, 0x48, 0x14, 0x1f, 0x58, 0x7f, 0xad,
    0x80,

    /* U+7259 "牙" */
    0xf, 0xfe, 0x3f, 0xff, 0xf0, 0x82, 0xff, 0xe4,
    0xf8, 0x3b, 0xf, 0x68, 0x7c, 0xa0, 0xff, 0xe1,
    0xf8, 0x3f, 0xf8, 0x6a, 0xf, 0xfe, 0x12, 0x7f,
    0xd3, 0xf8, 0xf, 0xfa, 0xb, 0xf0, 0x7e, 0x6a,
    0x43, 0xfe, 0xa9, 0xf, 0xfe, 0x6, 0xe8, 0x7f,
    0xd6, 0xe1, 0xfe, 0x6c, 0xe0, 0xff, 0xb3, 0x83,
    0xd8, 0x7a, 0x81, 0xcf, 0x9c, 0x3f, 0xf8, 0xf,
    0xc8, 0x60,

    /* U+72B6 "状" */
    0xe, 0x43, 0x90, 0xff, 0x30, 0x74, 0x8, 0x3f,
    0xf8, 0xaa, 0xa, 0x43, 0xfe, 0xe0, 0xa8, 0x87,
    0xfc, 0xa0, 0xa8, 0x1f, 0xf4, 0x84, 0xa0, 0x3f,
    0x8f, 0xe4, 0x28, 0xf, 0xd0, 0xfe, 0x43, 0xff,
    0x95, 0x7, 0x62, 0x1f, 0xb0, 0xf3, 0x7, 0xcf,
    0x40, 0xc8, 0xa8, 0x3a, 0x88, 0x74, 0x92, 0x1d,
    0xa1, 0xc9, 0x1, 0xc3, 0xfe, 0xa0, 0x51, 0x7,
    0xf6, 0xa0, 0xdb, 0x87, 0xd3, 0x7, 0xb1, 0xc,
    0xf4, 0xf, 0xda,

    /* U+751F "生" */
    0x9, 0xa, 0x81, 0xff, 0x48, 0x7f, 0xf0, 0x91,
    0xf, 0xfe, 0x14, 0x2c, 0x2f, 0xc1, 0xea, 0x92,
    0xbc, 0x16, 0xfe, 0x57, 0xf8, 0x11, 0x7, 0xff,
    0xb, 0x83, 0xff, 0x86, 0xa0, 0xff, 0xe2, 0xff,
    0x2b, 0xfa, 0xd, 0xfc, 0xaf, 0xe8, 0x3f, 0xff,
    0x5f, 0xf2, 0xbf, 0xe0,

    /* U+7528 "用" */
    0xb, 0xff, 0xf8, 0x21, 0xbf, 0x47, 0xe8, 0x3f,
    0xfb, 0x3f, 0xa3, 0xf4, 0x1d, 0x59, 0x2b, 0x21,
    0xcb, 0xb1, 0x76, 0x1f, 0xfc, 0x74, 0x3f, 0xf8,
    0xbf, 0xa3, 0xf4, 0x16, 0xfe, 0x8f, 0xd0, 0x4e,
    0x1f, 0xfc, 0x34, 0x3f, 0xf8, 0x3a, 0x1f, 0xfc,
    0x38, 0x3f, 0x3e, 0x93, 0xf, 0x38, 0xfd, 0x0,

    /* U+7535 "电" */
    0xf, 0xfe, 0x56, 0x1f, 0xfd, 0x24, 0x43, 0xf7,
    0xf4, 0x5f, 0xc8, 0x57, 0xe3, 0xf8, 0x3f, 0xf9,
    0x3a, 0xe2, 0x5c, 0x1c, 0xd6, 0x1a, 0xc1, 0xd7,
    0xe3, 0xf8, 0x3f, 0xf9, 0x37, 0xe3, 0xf8, 0x39,
    0xac, 0x57, 0x90, 0xb5, 0xc2, 0xf8, 0xcd, 0xe,
    0x43, 0x90, 0xfe, 0xc3, 0xa4, 0x3e, 0x9f, 0xe2,
    0x0,

    /* U+753B "画" */
    0x3f, 0xff, 0x84, 0xf, 0xff, 0xe1, 0x7, 0xff,
    0x27, 0xff, 0x7, 0x41, 0x78, 0xbc, 0x16, 0x28,
    0x3f, 0xf8, 0x28, 0x7f, 0xf2, 0x7c, 0x5e, 0xf,
    0xf7, 0x8b, 0xc1, 0xff, 0xce, 0xf1, 0x78, 0x3f,
    0xbf, 0xf0, 0x7f, 0xf2, 0xbf, 0xff, 0x80, 0x6,
    0xbf, 0xf8, 0x20,

    /* U+7559 "留" */
    0xf, 0xfe, 0x43, 0xa1, 0xfe, 0xbe, 0x93, 0xfe,
    0x46, 0xe4, 0x1e, 0x3e, 0xc, 0x8c, 0x1f, 0xfc,
    0x25, 0x81, 0x21, 0xfc, 0x90, 0x1c, 0x32, 0x8f,
    0xa1, 0xd4, 0x4, 0xa, 0xb9, 0xa3, 0x17, 0x40,
    0x48, 0x4f, 0x2, 0xf2, 0x17, 0xff, 0xf0, 0x3,
    0xbf, 0x17, 0xe0, 0xff, 0xe5, 0x7e, 0x2f, 0xc1,
    0xef, 0xc5, 0xf8, 0x3c, 0x87, 0xff, 0xe, 0xf8,
    0xbf, 0x4,

    /* U+7565 "略" */
    0xf, 0xfe, 0x73, 0x87, 0xbf, 0xc1, 0x48, 0x7d,
    0xe3, 0xa, 0x1f, 0xc1, 0xc8, 0x52, 0xbe, 0x50,
    0x7e, 0x99, 0x42, 0xa0, 0xfe, 0x9e, 0x68, 0x1b,
    0xce, 0x48, 0x1a, 0x21, 0xbc, 0x61, 0x96, 0x90,
    0xf2, 0x1a, 0xbe, 0xf, 0xd6, 0xe8, 0xee, 0x1f,
    0x93, 0xf8, 0x80, 0xb0, 0x2c, 0xfe, 0x10, 0x50,
    0xc3, 0xff, 0x83, 0xfc, 0x1f, 0xf6, 0x1f, 0xfc,
    0x4, 0x3f, 0xf8, 0x1f, 0xa0, 0x80,

    /* U+767B "登" */
    0xf, 0xe9, 0x2, 0x83, 0xbf, 0xcf, 0xc, 0x87,
    0x7e, 0x45, 0x1f, 0x8, 0x6b, 0x15, 0x83, 0x31,
    0x83, 0x53, 0xa0, 0x6a, 0x7c, 0x1f, 0x37, 0xe9,
    0xf, 0xab, 0x7f, 0xad, 0x82, 0xdd, 0xf, 0xec,
    0xc1, 0x67, 0xff, 0x8b, 0x2, 0x17, 0xfd, 0x7,
    0xff, 0x43, 0xfe, 0x83, 0xfb, 0xa7, 0xe9, 0xc3,
    0xfd, 0x6, 0xb0, 0xff, 0x21, 0x91, 0xf, 0x7f,
    0x1f, 0x47, 0xf0,

    /* U+7684 "的" */
    0xf, 0xfe, 0x3d, 0x3, 0xb0, 0xfc, 0xe1, 0x90,
    0xff, 0x21, 0xa4, 0x3d, 0xe3, 0xe0, 0x9f, 0xe0,
    0x7e, 0x4, 0xfe, 0x83, 0xf9, 0xc3, 0xff, 0x82,
    0xb0, 0x7f, 0xf0, 0x5a, 0x83, 0xef, 0xc1, 0x4a,
    0x9, 0x7, 0xe0, 0xdc, 0x1f, 0xfc, 0x37, 0x30,
    0xff, 0xe0, 0x58, 0x7f, 0xf1, 0x5c, 0x1f, 0x83,
    0xff, 0x81, 0x5c, 0x1e, 0x44, 0xb, 0xc1, 0x5e,
    0xa0, 0x30, 0xfd, 0x7c, 0x80,

    /* U+76EE "目" */
    0x3f, 0xff, 0x80, 0x15, 0xff, 0xa0, 0xc8, 0x7e,
    0x43, 0xff, 0x8d, 0xff, 0xe0, 0xd7, 0xfe, 0x83,
    0x21, 0xf9, 0xf, 0xfe, 0x32, 0x1f, 0x90, 0xd7,
    0xfe, 0x83, 0x7f, 0xf8, 0x3f, 0xf9, 0xe8, 0x6f,
    0xfe, 0x83, 0x7f, 0xf4, 0x0,

    /* U+77E5 "知" */
    0xf, 0xfe, 0x3b, 0x87, 0xff, 0xf, 0x43, 0xd5,
    0xe0, 0x95, 0xfa, 0x1f, 0xca, 0x12, 0x4a, 0x80,
    0xb8, 0x29, 0x58, 0xa0, 0xff, 0xa0, 0xff, 0xe1,
    0xe1, 0xff, 0xc4, 0xfa, 0x3e, 0x43, 0xf7, 0xca,
    0xf9, 0xf, 0xfe, 0x82, 0xa0, 0xff, 0xe1, 0xea,
    0xf, 0xfe, 0x4, 0x9c, 0x87, 0xf9, 0x50, 0x28,
    0xf, 0xc1, 0x34, 0x9, 0xc1, 0x7c, 0x14, 0xa0,
    0xf9, 0x9, 0x47, 0x7, 0xd8, 0x68,

    /* U+7801 "码" */
    0xf, 0xfe, 0x37, 0xf8, 0xff, 0x90, 0x78, 0xf8,
    0xff, 0x8, 0x7f, 0xa0, 0xfe, 0x50, 0x72, 0x1f,
    0xde, 0xc, 0x87, 0xf9, 0xe8, 0x81, 0x9, 0xc,
    0x84, 0xe6, 0x1b, 0x42, 0x8a, 0x21, 0x3f, 0x2b,
    0xc8, 0x7d, 0x7f, 0xa5, 0x61, 0xff, 0xc1, 0xc3,
    0xf3, 0x5e, 0xf, 0xfb, 0xfc, 0x38, 0x5e, 0x45,
    0xf8, 0x8, 0x57, 0xa0, 0xfa, 0xc, 0xa0, 0xfd,
    0xe6, 0xa, 0xf, 0xef, 0x90,

    /* U+793A "示" */
    0x3, 0xff, 0xfc, 0x4, 0x27, 0xff, 0xf8, 0x8,
    0x7f, 0xfa, 0x7f, 0xff, 0x88, 0x7f, 0xca, 0xff,
    0x83, 0xff, 0x93, 0xa1, 0xe7, 0xf, 0x4a, 0xf,
    0x2a, 0xc, 0xa8, 0x3f, 0x4a, 0xa, 0x81, 0xfe,
    0xa0, 0x35, 0x7, 0xf9, 0x23, 0x83, 0x90, 0xf7,
    0x7, 0x5e, 0x30, 0xf8,

    /* U+79BB "离" */
    0xf, 0xb0, 0xff, 0xe1, 0xb0, 0x7d, 0x7f, 0x95,
    0xff, 0x5b, 0x6d, 0xe5, 0x78, 0xf0, 0x10, 0x47,
    0x88, 0x3f, 0xcc, 0xcc, 0x1f, 0xcf, 0xa7, 0xc8,
    0x7d, 0x47, 0xf5, 0x30, 0xef, 0xe5, 0x7f, 0x7,
    0xf3, 0x87, 0xef, 0xf1, 0x7f, 0x82, 0xfa, 0x3d,
    0x4f, 0x83, 0xeb, 0xa, 0x43, 0xf6, 0x7e, 0x60,
    0xfd, 0xfd, 0x4c, 0x3f, 0xf8, 0x6f, 0x90, 0x61,
    0xfc, 0xfa, 0x0,

    /* U+79F0 "称" */
    0xf, 0xfe, 0x53, 0x60, 0xa0, 0x7e, 0xbd, 0x78,
    0xe, 0x1f, 0xaf, 0x8, 0x6b, 0xfc, 0x1f, 0xc9,
    0xc5, 0xa8, 0x3f, 0xa8, 0x22, 0x38, 0x3e, 0x3d,
    0x8, 0x72, 0x81, 0xe4, 0xf1, 0x7, 0xa0, 0xe4,
    0x89, 0xd0, 0xa4, 0x32, 0x14, 0x12, 0x17, 0x6,
    0xa1, 0x22, 0x83, 0x21, 0x96, 0x6, 0x58, 0x73,
    0x2, 0x81, 0x91, 0xe, 0xd0, 0x41, 0xdc, 0x1e,
    0x42, 0x43, 0xa4, 0x3e, 0xc3, 0xff, 0x80, 0x87,
    0xff, 0x13, 0x90, 0xe0,

    /* U+7A7A "空" */
    0xf, 0xfe, 0x5f, 0x7, 0xff, 0xa, 0x43, 0xe7,
    0xfd, 0x1f, 0xf0, 0x3f, 0xff, 0x81, 0x7, 0xc8,
    0x48, 0x7f, 0x38, 0x6f, 0x22, 0xd9, 0x52, 0x15,
    0x5b, 0x1e, 0x34, 0x39, 0xd9, 0x2e, 0xf, 0xeb,
    0x46, 0xff, 0xf8, 0x35, 0xfa, 0x3f, 0x83, 0xff,
    0xec, 0xff, 0xa3, 0xfe,

    /* U+7A97 "窗" */
    0xf, 0xfe, 0x5f, 0x7, 0xcd, 0x78, 0x6b, 0xe1,
    0xab, 0xf5, 0xd4, 0x1e, 0x60, 0xd4, 0x42, 0x77,
    0xb5, 0x3, 0xd7, 0x43, 0xd6, 0x58, 0x4f, 0x69,
    0x9d, 0xaa, 0xbb, 0x90, 0x25, 0xd7, 0xc8, 0x76,
    0x9, 0xf, 0xfe, 0xe, 0x7e, 0x83, 0xf4, 0xdf,
    0x10, 0x7e, 0xa1, 0xdc, 0x1f, 0xf2, 0xc1, 0xff,
    0x36, 0x7d, 0x7, 0xf7, 0xa0, 0x50, 0x3e, 0xab,
    0xfe, 0x8,

    /* U+7ACB "立" */
    0xf, 0xc8, 0x7f, 0xf1, 0x64, 0x3f, 0xf8, 0x8e,
    0x1f, 0xfc, 0x4c, 0x3f, 0xef, 0xf4, 0xff, 0x90,
    0xab, 0xff, 0x84, 0x84, 0xb0, 0xbe, 0x2, 0x83,
    0xcc, 0x1e, 0xf0, 0x7e, 0x43, 0xe7, 0xf, 0xf2,
    0x1e, 0x43, 0xf9, 0xc3, 0x41, 0xff, 0xc0, 0x43,
    0x30, 0x7f, 0xb0, 0xf2, 0x1f, 0xe4, 0x32, 0x1f,
    0xfc, 0x14, 0x2a, 0x7, 0xcb, 0xda, 0xc0, 0x5e,
    0x5, 0x7f, 0x15, 0xe0,

    /* U+7AD6 "竖" */
    0xc, 0xa1, 0x7e, 0xd, 0x85, 0x95, 0xf6, 0x1f,
    0xd9, 0xf8, 0x83, 0xfc, 0xc0, 0x44, 0x3f, 0xd2,
    0xd6, 0x1f, 0xfc, 0xa, 0xc1, 0xff, 0xc1, 0xc3,
    0xff, 0x85, 0x67, 0x4d, 0xa, 0xc, 0xaa, 0xf,
    0x4c, 0x8, 0x19, 0x58, 0x67, 0xc0, 0xff, 0x2b,
    0xfc, 0x15, 0x4d, 0x79, 0x54, 0x9, 0x7f, 0xed,
    0x41, 0xe6, 0xc, 0x88, 0x7e, 0xf0, 0x6d, 0xe,
    0xfd, 0x4f, 0xca, 0xfc, 0x0,

    /* U+7AEF "端" */
    0xf, 0xfe, 0x46, 0x1f, 0x48, 0x7c, 0xc0, 0x60,
    0xf6, 0x85, 0xa1, 0xff, 0xc1, 0xa6, 0xd0, 0x3b,
    0xe, 0xff, 0xf, 0x95, 0xe0, 0x91, 0x5a, 0xbf,
    0xf2, 0x38, 0x15, 0xff, 0xe1, 0x41, 0x35, 0x86,
    0xb0, 0x7c, 0xb8, 0x97, 0x6, 0x51, 0x7c, 0x7e,
    0x83, 0xb0, 0x39, 0xe3, 0x42, 0x8c, 0x4c, 0x3d,
    0x86, 0x9a, 0x7, 0xfd, 0xc5, 0xe0, 0xff, 0xbd,
    0x21, 0xfe, 0xc3, 0xfe, 0x40, 0xce, 0x1f, 0x49,
    0x2, 0x9a,

    /* U+7B49 "等" */
    0xf, 0xfe, 0x4e, 0x87, 0x68, 0x7e, 0x8a, 0xf1,
    0x5e, 0x9, 0x81, 0xf3, 0x47, 0xf0, 0x39, 0x96,
    0x97, 0x6b, 0x2, 0x46, 0x2, 0x15, 0x87, 0x2b,
    0xd7, 0x95, 0xf5, 0xa1, 0x9f, 0xe5, 0x7f, 0x21,
    0xff, 0xc9, 0xff, 0x95, 0xff, 0x3, 0xff, 0xe2,
    0xf8, 0x3f, 0xf9, 0x17, 0xff, 0x8b, 0xd0, 0x2f,
    0x2b, 0xfc, 0x5e, 0x83, 0xa3, 0xf, 0xfe, 0x25,
    0x41, 0xff, 0xc4, 0x63, 0xe1, 0xc,

    /* U+7CFB "系" */
    0xf, 0xfe, 0x62, 0xa9, 0xe0, 0xaf, 0xf5, 0x9f,
    0x5, 0x4f, 0x87, 0xa2, 0x1e, 0x41, 0xb0, 0x5a,
    0x1e, 0x7a, 0x1, 0xd4, 0x1d, 0x43, 0xf5, 0xc1,
    0xee, 0x9a, 0x38, 0xa0, 0xe5, 0x11, 0xc0, 0x64,
    0x33, 0xd3, 0x5a, 0x84, 0x83, 0x81, 0x5b, 0xea,
    0x81, 0xfe, 0x89, 0x74, 0x84, 0xe8, 0x77, 0xa,
    0xa, 0x88, 0x76, 0xe1, 0x3a, 0x83, 0xed, 0xc1,
    0x50, 0x7f, 0x4c, 0x68, 0x3d, 0x21, 0xd4,

    /* U+7E9F "纟" */
    0xe, 0x83, 0xe9, 0xf, 0x2b, 0xf, 0x50, 0x3d,
    0xa8, 0x60, 0x4c, 0xb, 0x25, 0x7c, 0xa2, 0x9e,
    0x18, 0x24, 0xd8, 0x3b, 0x61, 0x3, 0x8f, 0xa4,
    0xd, 0x3e, 0x46, 0x50, 0x7e, 0x55, 0xc3, 0xeb,
    0x28, 0x37, 0xa8, 0x80,

    /* U+7EA7 "级" */
    0xf, 0xfe, 0x56, 0x1f, 0xfc, 0x44, 0x2f, 0xfc,
    0x1e, 0xa0, 0x3c, 0x3e, 0x50, 0x72, 0x21, 0xd8,
    0x1c, 0x3a, 0xc7, 0xf, 0x90, 0xd2, 0x36, 0x12,
    0x21, 0xcb, 0x72, 0x19, 0x33, 0xc8, 0xfa, 0x20,
    0xd1, 0x78, 0x43, 0x58, 0x48, 0x72, 0x1d, 0xb7,
    0x80, 0xd0, 0x1a, 0x16, 0x27, 0x8f, 0x2c, 0x30,
    0x4f, 0xa0, 0x94, 0x53, 0x83, 0x41, 0x5a, 0x12,
    0x4, 0x3a, 0xf1, 0xe4, 0x10, 0x20, 0xd9, 0x72,
    0xa2, 0x7c, 0xe1, 0x72, 0x9, 0x59, 0x83, 0x70,
    0xfb, 0x9e, 0xd, 0x60,

    /* U+7EBF "线" */
    0xf, 0xf9, 0xf, 0xf6, 0x86, 0x63, 0x83, 0xc8,
    0x87, 0xd9, 0x87, 0x50, 0x3f, 0xa8, 0x19, 0x11,
    0x3, 0x9f, 0x48, 0x56, 0x50, 0xe0, 0x5f, 0x20,
    0x86, 0x73, 0xd0, 0x87, 0x95, 0xa8, 0x3e, 0x6a,
    0x7, 0x64, 0x6, 0xce, 0x38, 0x26, 0xc0, 0xe4,
    0x5c, 0xa0, 0xa6, 0x9b, 0x45, 0x60, 0xf0, 0x31,
    0x3c, 0x1b, 0x4, 0x40, 0xfa, 0x43, 0x95, 0x98,
    0x7c, 0xc1, 0x91, 0x83, 0x37, 0xe0, 0x3c, 0xa0,
    0x40, 0xcf, 0x4a, 0xe7, 0x88, 0x41, 0x40, 0xeb,
    0x81, 0x9a, 0x0,

    /* U+7EDD "绝" */
    0xf, 0xfe, 0x56, 0x86, 0xc3, 0xfc, 0x88, 0x50,
    0x7f, 0xd4, 0xc, 0x9f, 0x83, 0x91, 0xa, 0x7e,
    0x20, 0xea, 0xf, 0x30, 0x16, 0xd, 0x2d, 0x28,
    0xfa, 0x7c, 0x12, 0xb9, 0xb3, 0xe3, 0xc1, 0xae,
    0x20, 0xff, 0xe0, 0xa5, 0x3, 0xff, 0x87, 0xc8,
    0x81, 0x61, 0x41, 0xb2, 0xf8, 0x15, 0x14, 0xc,
    0xdf, 0x40, 0xff, 0x82, 0x90, 0xff, 0xe2, 0xaa,
    0xf2, 0x1f, 0xb0, 0x77, 0xe4, 0x43, 0x90, 0xbd,
    0x21, 0x53, 0xfa, 0x80,

    /* U+7EDF "统" */
    0xd, 0x7, 0xb0, 0xfe, 0x50, 0x79, 0x83, 0xf4,
    0x87, 0xb0, 0xfc, 0x90, 0x2f, 0xa7, 0xf0, 0x54,
    0x1a, 0x78, 0x7f, 0x81, 0x9, 0x60, 0x88, 0x70,
    0xc9, 0xe5, 0xa, 0xc0, 0xa8, 0x2b, 0x88, 0xa1,
    0xf9, 0x60, 0x25, 0x83, 0x9b, 0xd7, 0x61, 0x6a,
    0x97, 0x1, 0x86, 0x6, 0x38, 0x87, 0xff, 0x2,
    0xf5, 0x3, 0x21, 0xf9, 0x9, 0x42, 0x1f, 0x21,
    0x37, 0x2, 0x43, 0xd0, 0x38, 0xf3, 0x10, 0x7f,
    0x7a, 0x6, 0x61, 0x27, 0x90, 0xfb, 0x83, 0xbe,
    0x80,

    /* U+7EEA "绪" */
    0xd, 0x7, 0xb0, 0xfe, 0x50, 0x72, 0x1a, 0x43,
    0x50, 0xf, 0xa3, 0xd2, 0x82, 0x44, 0xf, 0xa3,
    0xcc, 0x1a, 0x83, 0x7, 0xa5, 0x4, 0xb1, 0x61,
    0xca, 0xc3, 0x4f, 0x95, 0xf4, 0x45, 0xe0, 0x54,
    0x47, 0xd1, 0x7e, 0x2, 0xa8, 0x1a, 0xa4, 0x3e,
    0x94, 0xb, 0x4b, 0xf0, 0x52, 0xbd, 0x31, 0xfc,
    0x1d, 0x4f, 0x5a, 0x21, 0x21, 0xa5, 0x7, 0xaf,
    0xa0, 0xf3, 0x4c, 0x2f, 0xe0, 0xde, 0x8f, 0x4,
    0x84, 0x86, 0xbd, 0x21, 0xaf, 0xa0, 0x80,

    /* U+7F3A "缺" */
    0xf, 0xfe, 0x44, 0x87, 0xec, 0x3e, 0x50, 0x7f,
    0xf1, 0x7f, 0x41, 0xff, 0x4e, 0x7a, 0x3e, 0x3e,
    0x9, 0x83, 0xde, 0x8e, 0xd, 0x7, 0xf2, 0x4,
    0x32, 0x1f, 0xfc, 0x5f, 0x8f, 0x82, 0x43, 0xef,
    0x8f, 0x9a, 0x65, 0x8, 0x12, 0x13, 0x3e, 0x3,
    0xd8, 0x7f, 0x94, 0x12, 0xc1, 0xff, 0xc0, 0x61,
    0xf, 0xfe, 0xa, 0x34, 0xe, 0xd2, 0x81, 0x50,
    0x48, 0x2c, 0xee, 0x6, 0x20, 0x94, 0x6, 0x8b,
    0x50, 0xc2, 0x68, 0x87, 0xeb, 0xe, 0x74,

    /* U+7F6E "置" */
    0xf, 0xfe, 0x2f, 0xa9, 0xea, 0x7a, 0x9e, 0xa,
    0xa6, 0xb3, 0x4c, 0x35, 0xe6, 0xf4, 0xfc, 0x17,
    0xf8, 0xbf, 0xc5, 0xfe, 0x2f, 0xf5, 0x3f, 0xc7,
    0xfd, 0x1, 0xfc, 0x7f, 0x21, 0xb7, 0xff, 0x21,
    0xe7, 0xff, 0x21, 0xe7, 0xff, 0x21, 0xe7, 0xff,
    0x21, 0xe7, 0xff, 0x21, 0xe7, 0xff, 0x21, 0xe7,
    0xff, 0x21, 0x79, 0x5f, 0xf9, 0xbc,

    /* U+8005 "者" */
    0xf, 0xa4, 0x3c, 0x87, 0xff, 0x12, 0x81, 0x9f,
    0xcd, 0xfa, 0x70, 0xcf, 0xe1, 0xf8, 0x70, 0xff,
    0x38, 0x23, 0xf, 0xf9, 0xcd, 0x83, 0xdf, 0xe1,
    0xc1, 0x7e, 0x7, 0xf9, 0x2f, 0xf8, 0x3d, 0x66,
    0x87, 0xfd, 0x68, 0xff, 0xc1, 0xad, 0x47, 0xfd,
    0x7, 0xae, 0xf, 0xfe, 0x14, 0x85, 0xff, 0x41,
    0xfe, 0xff, 0xa0, 0xff, 0xe2, 0xe1, 0xfe, 0xff,
    0x94, 0x10,

    /* U+8111 "脑" */
    0xf, 0xfa, 0xf, 0xdd, 0x30, 0xf4, 0x1f, 0xa8,
    0x1e, 0xd0, 0xff, 0xe0, 0x7e, 0x8f, 0xc8, 0x7d,
    0xfe, 0xa7, 0x90, 0xbc, 0x16, 0xc0, 0xc7, 0xd,
    0xe0, 0xcb, 0xa, 0xf, 0xfe, 0xd, 0x48, 0x7f,
    0xf0, 0x96, 0x83, 0xef, 0x7, 0xb1, 0xe, 0x4f,
    0x7, 0xaa, 0xf, 0x21, 0xf6, 0xb4, 0x1f, 0xfc,
    0x4, 0x8b, 0xd, 0xe0, 0xf3, 0x84, 0x86, 0x50,
    0x7b, 0xfd, 0x7, 0xb0, 0xbf, 0xe8, 0x2c, 0x1e,
    0xf, 0xe7, 0x0,

    /* U+8272 "色" */
    0xf, 0x48, 0x7f, 0xf0, 0xd4, 0x2e, 0xf, 0xf3,
    0x15, 0xc8, 0x7f, 0x53, 0xf2, 0xc1, 0xf3, 0xa8,
    0x29, 0x83, 0xea, 0xf, 0xe4, 0xfc, 0x86, 0xcb,
    0xe8, 0xfc, 0x1d, 0x7, 0xff, 0x6a, 0xfa, 0x3f,
    0x7, 0xea, 0xff, 0x7, 0xf2, 0xff, 0x48, 0x7f,
    0xf1, 0x12, 0xf, 0xfe, 0x22, 0x83, 0xb0, 0xff,
    0x48, 0x6c, 0xff, 0xf3, 0x0,

    /* U+8288 "芈" */
    0xf, 0x94, 0x1f, 0xfc, 0x2f, 0x1, 0xf, 0xda,
    0x19, 0x83, 0xff, 0x91, 0xf8, 0x3f, 0x7f, 0xe0,
    0xfd, 0xf8, 0x3f, 0xfc, 0xb7, 0x8b, 0x57, 0x1e,
    0x81, 0x7f, 0x2b, 0xfa, 0xf, 0xfe, 0xaf, 0xfc,
    0xaf, 0xff, 0xe1, 0x2b, 0xfe, 0xf, 0xfe, 0xa0,

    /* U+84DD "蓝" */
    0xf, 0xfe, 0x5c, 0x86, 0x60, 0xf7, 0xe6, 0xfd,
    0x3f, 0x81, 0xf9, 0x5f, 0x95, 0xf8, 0x3d, 0x40,
    0x9e, 0xf, 0xf3, 0x85, 0x7, 0xf5, 0x3, 0xee,
    0xb0, 0x7f, 0xd1, 0x9f, 0x7, 0xfc, 0xcb, 0xc1,
    0xfe, 0x94, 0x58, 0x7d, 0x86, 0xa0, 0x15, 0x7,
    0x48, 0xc1, 0xea, 0x7, 0xbe, 0xbf, 0xf2, 0x1e,
    0xf4, 0xf9, 0xbc, 0x1f, 0xfd, 0xdf, 0x1e, 0x9f,
    0x37, 0x8b, 0x0,

    /* U+85CF "藏" */
    0xf, 0xfe, 0x5d, 0x3, 0x48, 0x7b, 0xf2, 0xbf,
    0x37, 0xe0, 0x7e, 0x57, 0xe5, 0x6f, 0x83, 0xd4,
    0xd, 0xa7, 0x82, 0x51, 0xff, 0x47, 0x18, 0x58,
    0x2f, 0xf1, 0xf8, 0x3c, 0xd7, 0x21, 0x41, 0x98,
    0xd, 0x92, 0x5, 0x7, 0xff, 0x9, 0x5a, 0x13,
    0xc1, 0x73, 0xc0, 0x70, 0xbe, 0xb, 0xe8, 0xe1,
    0xa, 0x70, 0xbe, 0x82, 0x83, 0xfd, 0xcf, 0x1,
    0xf, 0x28, 0x1c, 0xf4, 0x12, 0x7, 0xe0, 0x7d,
    0x35, 0x8, 0x4b, 0x18, 0x56, 0xab, 0x40,

    /* U+884C "行" */
    0xf, 0xfe, 0x55, 0x87, 0xff, 0xd, 0x58, 0x3f,
    0xf4, 0x13, 0x40, 0xbf, 0xf4, 0xa, 0x68, 0x7f,
    0xf0, 0xbc, 0xe, 0xf, 0xfe, 0x2, 0x8, 0x83,
    0xff, 0x84, 0xac, 0xff, 0xf0, 0x4c, 0x17, 0xf8,
    0x7c, 0xa, 0x21, 0xfc, 0xe1, 0x9b, 0xf, 0xfe,
    0x1e, 0x87, 0xff, 0xfc, 0x3e, 0x43, 0xff, 0x85,
    0xf0, 0x87, 0x9c, 0x3b, 0xf0, 0x60,

    /* U+8865 "补" */
    0xf, 0xf9, 0xf, 0xee, 0xe, 0x60, 0xfe, 0xd4,
    0x1f, 0xfc, 0x48, 0x3f, 0xf8, 0x5f, 0x53, 0x83,
    0xfe, 0xfe, 0x30, 0xff, 0xe1, 0xc2, 0x1a, 0xf,
    0xe5, 0x62, 0x1b, 0x43, 0xe9, 0x2c, 0x2a, 0xc1,
    0xd8, 0xe4, 0x19, 0xd8, 0xe, 0x91, 0x87, 0xd8,
    0x1a, 0x81, 0xc8, 0x7d, 0xc, 0x86, 0xc3, 0xfe,
    0x43, 0xc8, 0x7f, 0xfc, 0xc0,

    /* U+8868 "表" */
    0xf, 0xd2, 0x1f, 0xfc, 0x47, 0xf, 0xf7, 0xf8,
    0x7f, 0xc1, 0xbf, 0xc5, 0xfe, 0xc, 0xff, 0x17,
    0xf2, 0x19, 0xfe, 0x2f, 0xe4, 0x3f, 0xf9, 0x3f,
    0xf1, 0x7f, 0xa0, 0x7f, 0x44, 0x7f, 0xa0, 0xf5,
    0x35, 0x41, 0x58, 0x75, 0xb8, 0x25, 0x19, 0x85,
    0x6a, 0xe, 0xa7, 0x40, 0xef, 0x83, 0x94, 0x1f,
    0x41, 0xf4, 0xd6, 0xf, 0xb2, 0xf0, 0x8c, 0xf0,
    0x72, 0xb, 0x82, 0x78, 0x3d, 0xe9, 0xf, 0x98,

    /* U+88C5 "装" */
    0xe, 0x43, 0xff, 0x8b, 0x7, 0x48, 0x79, 0xc3,
    0xff, 0x88, 0xd8, 0x5f, 0x9b, 0xe8, 0x27, 0xa,
    0xb0, 0xd6, 0xe, 0x40, 0xbd, 0xac, 0x19, 0xe0,
    0xff, 0xe1, 0x74, 0xc2, 0x5d, 0xac, 0x15, 0xa1,
    0x35, 0xd, 0x48, 0x10, 0xa1, 0x57, 0xf9, 0x5,
    0x6e, 0x8d, 0x7e, 0x7, 0xf9, 0x40, 0xff, 0x1,
    0x77, 0x59, 0x62, 0xd0, 0xaf, 0x3a, 0x2b, 0xbd,
    0x5, 0x9c, 0x1d, 0x2b, 0xe, 0xe0, 0x9b, 0xcd,
    0x5a, 0x1e, 0x8f, 0xc8, 0xf7, 0x83, 0xbd, 0x21,
    0xe6, 0xc0,

    /* U+8981 "要" */
    0xf, 0xfe, 0x3d, 0xff, 0xfc, 0x28, 0x17, 0xe2,
    0xf2, 0xbf, 0x41, 0x5f, 0x17, 0x95, 0xf4, 0x19,
    0xbc, 0x5e, 0x57, 0xa4, 0x3f, 0xf8, 0x88, 0x7f,
    0xf3, 0x2f, 0x17, 0x95, 0xf0, 0x77, 0xf1, 0xff,
    0x83, 0xf6, 0x87, 0xfd, 0xfc, 0x3f, 0xfc, 0xf,
    0xc5, 0xfc, 0x7e, 0xe, 0xd4, 0x1b, 0x43, 0xf9,
    0x5e, 0xa6, 0xc1, 0xfd, 0x70, 0xa1, 0x90, 0xe6,
    0xfa, 0x7e, 0x8b, 0x83, 0x77, 0xd0, 0x4d, 0xf0,
    0x0,

    /* U+89D2 "角" */
    0xf, 0xfe, 0x46, 0x87, 0xff, 0x2, 0x2f, 0xe0,
    0xf2, 0xbf, 0x84, 0x39, 0xa0, 0x64, 0x83, 0x31,
    0x7e, 0x8f, 0xcc, 0x9f, 0x8b, 0xe8, 0x7c, 0x1e,
    0x43, 0xff, 0x84, 0x87, 0xf7, 0xe2, 0xfa, 0xe,
    0xfc, 0x7e, 0x83, 0xff, 0x8d, 0x9f, 0x8f, 0xd0,
    0x4d, 0xf8, 0xbe, 0x83, 0x21, 0xc8, 0x7b, 0x43,
    0xfd, 0x89, 0x7, 0xef, 0x33, 0x87, 0xb0, 0x7c,
    0x80,

    /* U+89E6 "触" */
    0xf, 0xfe, 0x4d, 0x3, 0xed, 0xf, 0x95, 0x40,
    0xff, 0xe0, 0xa5, 0xa1, 0xff, 0xc1, 0xa2, 0x20,
    0xf8, 0xbc, 0x14, 0x54, 0xc0, 0xb2, 0xc3, 0x27,
    0x8d, 0x2, 0x4, 0x3b, 0x2, 0x1f, 0xfd, 0x6f,
    0x18, 0x7f, 0xf0, 0xbc, 0x61, 0x78, 0xf0, 0x7f,
    0xf0, 0x3e, 0x2f, 0x7, 0x78, 0xc3, 0xe4, 0x3d,
    0xe3, 0xf, 0xd8, 0x4a, 0xf, 0xfe, 0x27, 0x83,
    0x9f, 0x8b, 0x60, 0x28, 0x2c, 0xd, 0xf5, 0x10,
    0x61, 0x7c, 0xc8, 0x76, 0x0,

    /* U+8BA0 "讠" */
    0xf, 0xf9, 0xd0, 0xf3, 0x44, 0x3c, 0xd0, 0x3e,
    0x70, 0xcb, 0xc1, 0xab, 0x83, 0x7d, 0x7, 0xff,
    0x8d, 0x83, 0xd4, 0xc3, 0x60, 0xd0, 0xcd, 0x3,
    0xda, 0x10,

    /* U+8BA4 "认" */
    0x9, 0xf, 0xb0, 0xfe, 0xa0, 0x7f, 0xf1, 0x36,
    0xf, 0xfe, 0x26, 0x1f, 0xfc, 0x68, 0x3f, 0xfa,
    0x7f, 0x83, 0xe4, 0x3d, 0xf0, 0x79, 0xf, 0xfe,
    0x3e, 0x1f, 0xfc, 0x3c, 0x43, 0xff, 0x86, 0xc2,
    0x1f, 0xfc, 0x36, 0x81, 0xfe, 0xa1, 0x22, 0x21,
    0xfb, 0x21, 0x81, 0x40, 0xf4, 0x50, 0xd0, 0x92,
    0xe, 0xf2, 0x64, 0x1b, 0x70, 0xc8, 0x56, 0x1e,
    0xe0,

    /* U+8BAE "议" */
    0xf, 0xfe, 0x33, 0x84, 0x82, 0x81, 0x48, 0x15,
    0x82, 0x49, 0x9, 0x41, 0x41, 0x38, 0x18, 0x43,
    0xd8, 0x34, 0x16, 0x4, 0x3f, 0x21, 0x93, 0xc0,
    0xfc, 0x19, 0xc, 0xa0, 0x7a, 0xc, 0xc1, 0x21,
    0xff, 0x41, 0xa4, 0x3f, 0xe6, 0x12, 0xf, 0xfa,
    0x54, 0x87, 0xff, 0x5, 0x88, 0x3f, 0x90, 0xb0,
    0xff, 0xa8, 0xa, 0x8c, 0x3d, 0x83, 0x37, 0x77,
    0x43, 0x35, 0x6e, 0x15, 0x5a, 0xd, 0x3d, 0x7,
    0x3c, 0x80,

    /* U+8BB8 "许" */
    0xf, 0xfe, 0x73, 0x7, 0xf9, 0xc3, 0x61, 0xff,
    0x36, 0x13, 0x87, 0xfc, 0xb0, 0x97, 0xf9, 0xe,
    0x93, 0x7c, 0x5f, 0x21, 0xf9, 0x83, 0xfd, 0xf8,
    0x50, 0x7f, 0xdf, 0x1, 0x83, 0xff, 0x8a, 0xb8,
    0xd7, 0x7, 0xd5, 0xc3, 0x58, 0x3e, 0xbf, 0x17,
    0xe0, 0xff, 0xe6, 0xc1, 0xff, 0xc2, 0x4c, 0x3f,
    0xf8, 0x79, 0xc1, 0xff, 0xc2, 0xb0, 0xff, 0xe0,
    0x80,

    /* U+8BBE "设" */
    0xf, 0xfe, 0x3d, 0x87, 0x7f, 0x7, 0x4e, 0x1d,
    0xf0, 0x7d, 0x28, 0x8, 0x7f, 0xf0, 0x24, 0x1a,
    0x1f, 0xfc, 0x25, 0x41, 0xa5, 0xbe, 0x4a, 0x83,
    0x47, 0x9f, 0x5, 0xe4, 0x33, 0x50, 0x79, 0xff,
    0xd0, 0x7e, 0x8f, 0xe2, 0xf, 0xca, 0x82, 0x90,
    0xff, 0x4a, 0x15, 0x7, 0xcc, 0xa, 0x34, 0xf,
    0xa9, 0x81, 0x52, 0x83, 0x90, 0x68, 0xec, 0xe8,
    0x73, 0x97, 0x4d, 0xe9, 0xc0, 0x60, 0x5e, 0x42,
    0x7d, 0x0,

    /* U+8BCA "诊" */
    0x9, 0xf, 0xa4, 0x3f, 0x48, 0x79, 0xc3, 0xf7,
    0x21, 0xb5, 0x41, 0xfb, 0xd, 0x36, 0xc1, 0xf9,
    0x6, 0xc0, 0xdc, 0x3f, 0x3b, 0x8c, 0x6e, 0x9f,
    0x81, 0x41, 0xa0, 0x28, 0x9f, 0x1, 0x45, 0x30,
    0xc8, 0x7f, 0x66, 0xd, 0xf, 0xfb, 0x81, 0xa8,
    0x3f, 0xf8, 0x2e, 0xc2, 0x83, 0xf9, 0xee, 0x19,
    0xf, 0x93, 0xb0, 0x34, 0xe, 0x4e, 0x24, 0x15,
    0x21, 0xd8, 0xe1, 0x3b, 0xa1, 0xe6, 0x83, 0xea,
    0x61, 0xfb, 0x40, 0xde, 0x43, 0xc0,

    /* U+8BD5 "试" */
    0xf, 0xfe, 0x3a, 0x1f, 0xb6, 0xe, 0x90, 0xfe,
    0xf0, 0x6e, 0x43, 0xf2, 0xa0, 0xd0, 0x7f, 0xa8,
    0x19, 0x5f, 0xe2, 0xf8, 0x3d, 0xfe, 0x57, 0xc7,
    0xe0, 0xff, 0xe0, 0xfa, 0xf, 0xfe, 0x47, 0xeb,
    0xf, 0xfb, 0xc7, 0x8, 0x7f, 0xf0, 0xd0, 0xff,
    0xe7, 0xc1, 0x30, 0x12, 0xe, 0xcb, 0x2c, 0x61,
    0xa, 0x78, 0xbc, 0x91, 0x6, 0xa0, 0x24, 0x3a,
    0x60, 0x90, 0xff, 0x3a, 0x0,

    /* U+8BDD "话" */
    0xf, 0xfe, 0xb, 0x21, 0x68, 0x4a, 0xa7, 0xa0,
    0xee, 0x46, 0xcc, 0xf4, 0x86, 0xb1, 0xe8, 0x87,
    0xf3, 0x7, 0xff, 0x1d, 0x70, 0xbe, 0xf9, 0x2b,
    0x8a, 0xe7, 0xc1, 0x5f, 0x8f, 0xe0, 0xff, 0xe8,
    0xa1, 0xff, 0x5f, 0x17, 0xc1, 0xfd, 0x7f, 0x41,
    0xf2, 0x83, 0xff, 0x85, 0x44, 0x3f, 0xf8, 0x8,
    0xe0, 0xc3, 0xfe, 0xa0, 0x4f, 0xf4, 0x0,

    /* U+8BEF "误" */
    0xf, 0xfe, 0x35, 0x86, 0xff, 0xc8, 0x27, 0xd,
    0xfe, 0xe, 0x84, 0x3f, 0xf8, 0x7a, 0x12, 0xf8,
    0x3f, 0xcd, 0x78, 0x2a, 0x78, 0x2b, 0xfe, 0x4a,
    0x82, 0x7f, 0xf8, 0x3e, 0x7e, 0x57, 0xe0, 0xff,
    0xe6, 0x2f, 0xb, 0x83, 0xea, 0xc3, 0x59, 0xe,
    0x7e, 0x81, 0x7c, 0x86, 0xa0, 0x53, 0x40, 0xf6,
    0xc, 0x19, 0x2b, 0x43, 0xa8, 0x5b, 0x82, 0xad,
    0x4, 0x83, 0xd0, 0x67, 0x50,

    /* U+8BF4 "说" */
    0xf, 0xa0, 0xe8, 0x33, 0x87, 0x41, 0x28, 0x33,
    0x61, 0x48, 0x54, 0xe, 0x54, 0x12, 0x88, 0x3f,
    0x50, 0xf3, 0x69, 0x61, 0xfd, 0xfe, 0x82, 0xfc,
    0x1f, 0xfc, 0x1f, 0x41, 0xff, 0xc9, 0xff, 0x41,
    0xfd, 0xe5, 0x65, 0xe0, 0xff, 0x38, 0x7f, 0xf0,
    0x10, 0x90, 0xff, 0xa8, 0x21, 0xff, 0x63, 0x94,
    0xf, 0x48, 0x15, 0x9a, 0x83, 0xc8, 0x5c, 0x6c,
    0x13, 0x78, 0x43, 0xb8, 0x35, 0xf8,

    /* U+8BF7 "请" */
    0xf, 0xfe, 0x42, 0x83, 0xe6, 0xf, 0x9a, 0x2,
    0xfa, 0x7f, 0x6, 0xd4, 0x5f, 0x2b, 0xf0, 0x76,
    0x82, 0xa5, 0x54, 0x87, 0xf5, 0x49, 0x52, 0x1f,
    0xfc, 0xd, 0xf, 0x7e, 0x7, 0xe9, 0xfd, 0x1f,
    0x5, 0xff, 0xe8, 0x3f, 0x7f, 0xe0, 0xff, 0xbf,
    0xc1, 0xff, 0xc0, 0xff, 0x7, 0xff, 0x3, 0xfc,
    0x1f, 0xd0, 0x10, 0xff, 0x93, 0x41, 0x7f, 0x7,
    0xa2, 0xc1, 0xfe, 0xf, 0x5a, 0x1f, 0x79, 0x0,

    /* U+8D25 "败" */
    0xf, 0xfa, 0xf, 0xdf, 0xe0, 0x90, 0xfe, 0xfc,
    0x12, 0x1f, 0xf4, 0x86, 0xcf, 0xe0, 0xff, 0x9f,
    0xa3, 0xf, 0xf2, 0x1c, 0x87, 0xfd, 0x6, 0xc3,
    0xe4, 0x24, 0x8, 0x1c, 0x3f, 0xcf, 0x61, 0x21,
    0xf2, 0x19, 0x42, 0x1f, 0xfc, 0x36, 0xa0, 0xe4,
    0x32, 0x14, 0x88, 0x75, 0x16, 0x83, 0xff, 0x82,
    0xcc, 0x1a, 0x56, 0x1d, 0x20, 0xb0, 0x4d, 0x1c,
    0x29, 0x80, 0xb6, 0x60, 0x9c, 0x16, 0x1a, 0x68,
    0x1a, 0xc0,

    /* U+8F7D "载" */
    0xf, 0xfe, 0x5d, 0x3, 0x62, 0x83, 0xbe, 0x57,
    0xa0, 0x9a, 0x6, 0xf9, 0x5e, 0x83, 0x68, 0x7f,
    0xf0, 0x90, 0x61, 0x7e, 0x57, 0xe2, 0xfc, 0xf,
    0x9b, 0xf8, 0xbf, 0x7, 0x21, 0xe4, 0x2c, 0x2b,
    0xc5, 0xfa, 0x31, 0xd, 0x65, 0x9f, 0x58, 0x38,
    0x32, 0xc1, 0xf2, 0x28, 0x34, 0xf8, 0xf8, 0x49,
    0xe, 0xfc, 0x5e, 0x9, 0x83, 0xfe, 0x58, 0x8,
    0x20, 0x5f, 0x8b, 0xc6, 0x20, 0x41, 0x7e, 0x3a,
    0x9c, 0x90, 0xff, 0xa6, 0x32, 0x43, 0xec, 0x14,
    0xa, 0xe0,

    /* U+8F81 "辁" */
    0xf, 0xfe, 0x4b, 0x7, 0x9c, 0x3f, 0x61, 0xf4,
    0x21, 0xde, 0x57, 0x90, 0x4f, 0x7, 0x71, 0xf2,
    0x4c, 0x58, 0x79, 0x10, 0x4e, 0x6, 0xd0, 0xbc,
    0xc4, 0xc1, 0x95, 0x20, 0x50, 0x5e, 0xbf, 0x99,
    0x10, 0xe4, 0xf4, 0x7c, 0x83, 0x38, 0xd0, 0xff,
    0xaf, 0x46, 0x87, 0xff, 0x1a, 0xf4, 0x7c, 0x19,
    0x51, 0xd3, 0xd1, 0xf0, 0x5d, 0xa7, 0x7, 0xfd,
    0xeb, 0xf, 0xfe, 0xd5, 0xf4, 0x7e, 0x40,

    /* U+8F93 "输" */
    0xf, 0xfe, 0x4e, 0x1f, 0x70, 0x7c, 0x87, 0xd0,
    0xa0, 0xee, 0x3d, 0x3, 0x3a, 0x21, 0xb5, 0x7a,
    0x76, 0x1e, 0xd0, 0x9e, 0x19, 0x5f, 0x86, 0xc,
    0xa1, 0xef, 0xf5, 0x81, 0x41, 0xcb, 0x82, 0x50,
    0x31, 0x12, 0x9e, 0x8c, 0xc2, 0x56, 0x49, 0x50,
    0x7e, 0xf4, 0x69, 0x78, 0x3f, 0xf8, 0x77, 0x83,
    0xf9, 0x8e, 0x35, 0x7, 0xee, 0x7, 0xf, 0x83,
    0xf7, 0xa0, 0xd5, 0x2, 0xf, 0xfe, 0x2a, 0x1f,
    0xf6, 0xc, 0xe, 0xa0, 0xec, 0xa, 0x3c, 0x3e,
    0x0,

    /* U+8FC7 "过" */
    0x2, 0x1f, 0xe9, 0xe, 0xa0, 0x7f, 0x21, 0xed,
    0x83, 0xff, 0x89, 0x83, 0xfe, 0x2f, 0x7, 0x47,
    0xfc, 0x3e, 0xf, 0xfe, 0x1e, 0x1f, 0xea, 0x7,
    0xfb, 0xf0, 0x25, 0x7, 0xf7, 0xa0, 0xd4, 0xf,
    0xfe, 0x22, 0xc1, 0xff, 0xc4, 0x90, 0xff, 0xeb,
    0xfc, 0x21, 0xd4, 0x30, 0xdf, 0x83, 0xa7, 0xcf,
    0x2c, 0x2f, 0x5, 0x2, 0xca, 0xba, 0xe0, 0x48,
    0x6b, 0xff, 0x80,

    /* U+8FD0 "运" */
    0xf, 0xfe, 0x3d, 0x2, 0x7f, 0xf4, 0x14, 0x68,
    0xff, 0xe8, 0x35, 0x30, 0xff, 0xe2, 0x30, 0x7f,
    0xf1, 0xaf, 0xff, 0x87, 0xe6, 0xf8, 0xbf, 0xc3,
    0xe0, 0xe4, 0x45, 0x7, 0xff, 0x2, 0x80, 0x60,
    0xff, 0x91, 0x9, 0x83, 0xfd, 0x40, 0xda, 0x83,
    0xf4, 0x5f, 0xa2, 0xf, 0xdd, 0x3f, 0xc1, 0xd1,
    0xb, 0x7, 0xb0, 0xb7, 0xbc, 0x87, 0x96, 0xb,
    0x1e, 0x9f, 0xea, 0x81, 0x86, 0x7f, 0xfc, 0x0,

    /* U+8FD1 "近" */
    0xf, 0xfe, 0x44, 0x1f, 0x95, 0x79, 0xd, 0x86,
    0xfe, 0x2d, 0xa, 0x20, 0xde, 0xa9, 0xf, 0x68,
    0x7f, 0xf1, 0x70, 0xff, 0xe5, 0x57, 0xe0, 0x2e,
    0x2, 0x1c, 0x87, 0x75, 0x6, 0xac, 0x54, 0xb,
    0x83, 0x21, 0xff, 0xc4, 0xc3, 0xff, 0x8a, 0xe1,
    0xff, 0xc5, 0x43, 0xff, 0x87, 0x21, 0xff, 0xc0,
    0x61, 0x20, 0xff, 0x9a, 0x79, 0x83, 0xb0, 0x20,
    0xa2, 0x50, 0xff, 0xd2, 0x68, 0x4d, 0xff, 0xc8,

    /* U+8FD9 "这" */
    0xf, 0xfe, 0x7d, 0x87, 0xee, 0xf, 0x42, 0x1f,
    0x6c, 0x1e, 0x70, 0xfd, 0xa7, 0xf2, 0xbf, 0x41,
    0xb3, 0xff, 0x1e, 0x83, 0xe8, 0x39, 0xf, 0xfb,
    0xc8, 0x54, 0xc, 0xfc, 0x7, 0xa0, 0x88, 0x67,
    0xc1, 0xd9, 0xd0, 0x3f, 0xf8, 0x50, 0x7f, 0xf1,
    0x1e, 0xb0, 0x7f, 0x9a, 0x95, 0xb8, 0x7c, 0xd0,
    0xd0, 0xb3, 0xc, 0x9f, 0x41, 0xef, 0x5, 0x45,
    0x51, 0xf, 0x2c, 0x7, 0xb8, 0xbf, 0xd4, 0xc1,
    0x84, 0xdf, 0xfd, 0x0,

    /* U+8FDE "连" */
    0x4, 0x1e, 0xd0, 0xfe, 0x50, 0x7f, 0xf1, 0x39,
    0x5f, 0x17, 0xf2, 0x1a, 0xdf, 0x17, 0xf9, 0xc,
    0xc0, 0x44, 0xd0, 0xff, 0xe0, 0x50, 0x3f, 0x9f,
    0x81, 0x17, 0x8b, 0xd0, 0x1f, 0x5, 0xd6, 0x1a,
    0x61, 0xf9, 0x78, 0xd6, 0xf, 0xfe, 0x6b, 0xfc,
    0x5f, 0x41, 0xe7, 0xf8, 0xbe, 0x83, 0xff, 0x93,
    0x18, 0x7f, 0xf0, 0xb7, 0x79, 0x9, 0x9, 0x42,
    0x65, 0x97, 0xcd, 0xea, 0xe, 0x1a, 0xff, 0xf0,

    /* U+901A "通" */
    0xf, 0xfe, 0x3d, 0x2, 0xbf, 0xf8, 0x28, 0xc1,
    0x6d, 0xe8, 0x70, 0xd3, 0x5, 0x1e, 0xb8, 0x3d,
    0x42, 0xf4, 0x17, 0xc1, 0xf9, 0xbd, 0x1f, 0x6,
    0x58, 0x24, 0x8, 0x7c, 0xd4, 0x83, 0xf1, 0xf0,
    0x4f, 0x83, 0x7e, 0x3e, 0xf, 0xf2, 0x1f, 0xfc,
    0x5b, 0xe3, 0xe0, 0xff, 0x7e, 0x3e, 0xf, 0xfe,
    0x5a, 0x62, 0x1e, 0xf0, 0x6b, 0xf0, 0x85, 0x9f,
    0x20, 0x61, 0xf5, 0xff, 0xa0, 0x61, 0x9f, 0xff,
    0x0,

    /* U+914D "配" */
    0x5f, 0xc1, 0xfd, 0xd7, 0xc7, 0xfc, 0x5c, 0xcf,
    0x8f, 0xf0, 0x7f, 0xf1, 0xde, 0x67, 0x83, 0xfc,
    0xed, 0x41, 0xff, 0xc7, 0xbf, 0x83, 0x38, 0x72,
    0xaa, 0x43, 0x68, 0x7b, 0x5a, 0xf, 0x3c, 0x1f,
    0xb0, 0xa0, 0x50, 0x3f, 0xe7, 0xf4, 0x1f, 0xf3,
    0xfa, 0xf, 0xd2, 0x1f, 0xfc, 0x67, 0xf4, 0x16,
    0x19, 0x3, 0xfa, 0x4, 0xfe, 0x5a, 0xc, 0xc3,
    0xfd, 0x0,

    /* U+91CD "重" */
    0xf, 0xe5, 0xaa, 0xe, 0x7f, 0xd7, 0xe8, 0x39,
    0xfe, 0x55, 0x14, 0x1d, 0xff, 0x2b, 0xfe, 0x7,
    0xfc, 0xaf, 0xf8, 0x37, 0xf2, 0xbf, 0x83, 0xef,
    0xca, 0xfc, 0x1f, 0xfc, 0xea, 0xca, 0xac, 0x1f,
    0xab, 0x2a, 0xb0, 0x7e, 0xfc, 0xaf, 0xc1, 0xf7,
    0xf2, 0xbf, 0x83, 0xaf, 0xe5, 0x7f, 0x83, 0x5f,
    0xca, 0xff, 0x7, 0xff, 0x27, 0xfe, 0x57, 0xfc,
    0x0,

    /* U+91CF "量" */
    0xa, 0xbf, 0xf8, 0x1, 0xe7, 0xaf, 0xda, 0x1f,
    0x57, 0xf8, 0x3f, 0x57, 0xf8, 0x3e, 0x6f, 0xfd,
    0x21, 0x95, 0xd7, 0xfb, 0x50, 0x7f, 0xf2, 0x15,
    0x5f, 0xfc, 0x1, 0xe, 0xfc, 0xaf, 0xc1, 0xfb,
    0xa9, 0x55, 0x83, 0xf7, 0x52, 0xab, 0x7, 0xef,
    0xca, 0xfc, 0x1f, 0x7f, 0x2b, 0xf9, 0xd, 0x7f,
    0x2b, 0xfa, 0xd, 0x7f, 0x2b, 0xfa, 0xb, 0xfe,
    0x57, 0xfc, 0x0,

    /* U+949F "钟" */
    0xf, 0xfe, 0x2, 0x1f, 0x61, 0xfa, 0xf, 0x41,
    0xff, 0xc4, 0x4f, 0x90, 0xff, 0x67, 0xe5, 0xe1,
    0x70, 0x30, 0xea, 0xc5, 0x63, 0xfc, 0xf, 0x8f,
    0x82, 0xe3, 0xc1, 0xff, 0xc1, 0x43, 0xff, 0x84,
    0xa8, 0x50, 0x7f, 0xdc, 0x94, 0x4f, 0x8f, 0x81,
    0x78, 0xf2, 0x54, 0x54, 0x1f, 0xcb, 0x85, 0xc1,
    0xfa, 0xf, 0xa0, 0x91, 0xd0, 0xff, 0xe0, 0x67,
    0x21, 0xff, 0xc1, 0xa2, 0x1f, 0xe0,

    /* U+94C8 "铈" */
    0xf, 0xf9, 0xf, 0xec, 0x3e, 0x90, 0xfa, 0x43,
    0xea, 0x7, 0xca, 0xf9, 0xfa, 0x3f, 0x26, 0xfe,
    0x6b, 0x15, 0x90, 0x41, 0xcb, 0x85, 0xc0, 0xfe,
    0x83, 0xff, 0x83, 0x2a, 0x87, 0xe3, 0xf0, 0x4e,
    0x21, 0x5c, 0x7a, 0xe, 0xc3, 0x91, 0x9, 0xb,
    0xca, 0xf0, 0x7f, 0xf0, 0x3d, 0x3e, 0xf, 0xfe,
    0xfb, 0x7, 0x63, 0x7, 0xd9, 0x6, 0x57, 0x8c,
    0x3a, 0x88, 0x67, 0x90, 0xff, 0x80,

    /* U+9500 "销" */
    0xf, 0xfe, 0x46, 0x19, 0xb, 0x9, 0x4, 0x86,
    0x90, 0xec, 0x25, 0x7c, 0xf0, 0x64, 0x4d, 0xfc,
    0x8a, 0xa, 0xc2, 0x83, 0xd2, 0x81, 0x85, 0xfe,
    0x3e, 0x8f, 0x90, 0x71, 0xe0, 0x7f, 0x83, 0xff,
    0xa1, 0xfe, 0xb, 0xd1, 0xe4, 0xaf, 0x5, 0xe8,
    0xf2, 0x2f, 0x83, 0xfe, 0xff, 0x7, 0xfd, 0x7f,
    0x7, 0xd6, 0x4, 0x3f, 0xd1, 0xe0, 0xf2, 0x83,
    0xad, 0xf, 0xa8, 0xa0,

    /* U+9519 "错" */
    0xf, 0xfe, 0x4e, 0x1e, 0xc0, 0xe1, 0xd2, 0x1f,
    0xfc, 0x45, 0x7c, 0x50, 0xa8, 0xa0, 0x37, 0xf1,
    0xe3, 0xc9, 0xe0, 0xa0, 0xe5, 0xa, 0xc5, 0x3,
    0xfa, 0xf, 0xfe, 0xc, 0x96, 0xf8, 0xf4, 0x79,
    0x3, 0xae, 0xff, 0xe4, 0x32, 0x19, 0x7e, 0xb,
    0xd1, 0xe4, 0xbf, 0xa0, 0xbd, 0x3e, 0x41, 0x5c,
    0x1f, 0xfc, 0x54, 0x3f, 0xf8, 0x3f, 0xa0, 0xfe,
    0x82, 0xfe, 0xf, 0x6f, 0x83, 0xe4, 0x3e, 0xb4,
    0x2f, 0xd0, 0x40,

    /* U+951D "锝" */
    0xf, 0xfe, 0x4e, 0x1d, 0x5f, 0x6, 0x83, 0xcd,
    0x72, 0x19, 0x3e, 0x43, 0xfe, 0xdf, 0xc8, 0x3f,
    0x83, 0xa0, 0xfb, 0xf8, 0x37, 0xf8, 0x2f, 0xe0,
    0xee, 0x3c, 0xf, 0xf8, 0x3f, 0xfa, 0x1f, 0xfc,
    0xf, 0x47, 0x9f, 0xf1, 0xe0, 0x7a, 0x3c, 0x7f,
    0x8f, 0x21, 0xf3, 0xd3, 0xd1, 0xe4, 0x3f, 0xd0,
    0x10, 0xfe, 0xb4, 0x54, 0x1f, 0xd8, 0x34, 0x14,
    0x10, 0xfd, 0xc1, 0xee, 0x42,

    /* U+95E8 "门" */
    0x18, 0x3f, 0xf8, 0x4a, 0x8b, 0xff, 0x90, 0x6a,
    0xbf, 0xf0, 0x1c, 0xd0, 0xff, 0xff, 0x87, 0xff,
    0xfc, 0x3f, 0xfc, 0x9f, 0x28,

    /* U+95ED "闭" */
    0x24, 0x3f, 0xf8, 0x54, 0x4b, 0xff, 0x82, 0xa1,
    0x7f, 0xe0, 0x95, 0x87, 0x68, 0x73, 0x7, 0xff,
    0x33, 0xf, 0xd7, 0xf0, 0xf8, 0x3d, 0x7e, 0x5,
    0xe0, 0xff, 0x48, 0x7f, 0xf0, 0x66, 0xf, 0xfe,
    0x4, 0xe1, 0xff, 0x39, 0x87, 0xff, 0x2, 0xa0,
    0xff, 0xe0, 0xe8, 0x7f, 0xf1, 0x5f, 0x28, 0x3f,
    0xe7, 0xd0, 0x3c, 0x7, 0xf, 0xf7, 0xc0,

    /* U+95F2 "闲" */
    0x18, 0x3f, 0xf8, 0x4a, 0x81, 0xff, 0xe0, 0x6a,
    0x3f, 0xf8, 0x9, 0xe0, 0xff, 0x98, 0x10, 0x1c,
    0x3f, 0xf9, 0xdf, 0xa3, 0xf0, 0x7b, 0xf0, 0x1f,
    0x83, 0xfa, 0x2, 0x83, 0xfc, 0xa8, 0xe4, 0x3f,
    0x36, 0x15, 0x3, 0xe6, 0x81, 0x95, 0x7, 0xbc,
    0x87, 0x50, 0x3d, 0x7, 0xff, 0x39, 0xf, 0xce,
    0xb, 0xd4,

    /* U+95F4 "间" */
    0x24, 0x3f, 0xf8, 0x54, 0x4b, 0xff, 0x90, 0x71,
    0x7f, 0xe0, 0x93, 0xf, 0xfe, 0x3, 0x7, 0xff,
    0x1f, 0xfc, 0x1f, 0xf7, 0xe0, 0xff, 0xf0, 0x7e,
    0xf, 0xfe, 0x7, 0xe0, 0xff, 0xe8, 0x7e, 0xf,
    0xfb, 0xfc, 0x1f, 0xfd, 0x5f, 0x8,

    /* U+961F "队" */
    0xf, 0xf4, 0x87, 0xbf, 0x90, 0x90, 0xfd, 0xf0,
    0x87, 0xff, 0xa, 0x43, 0xff, 0x86, 0xc1, 0xff,
    0xc2, 0x43, 0xff, 0x88, 0x87, 0xff, 0x16, 0xc3,
    0xb0, 0xfe, 0x43, 0x22, 0x1f, 0xf2, 0xd, 0x10,
    0xff, 0xe0, 0xbb, 0x87, 0xd6, 0x22, 0x32, 0x83,
    0xd7, 0x81, 0x20, 0x60, 0xff, 0x44, 0x8, 0x83,
    0xf4, 0xe1, 0xb6, 0xf, 0x26, 0x1e, 0xd0, 0x61,
    0x30, 0x7e, 0xc0,

    /* U+9650 "限" */
    0xf, 0xfe, 0x37, 0xf1, 0xff, 0x83, 0x79, 0x40,
    0xbf, 0x83, 0xe6, 0xf, 0xfe, 0x12, 0x1a, 0xfe,
    0xf, 0x70, 0x57, 0xe8, 0x3d, 0xc1, 0xf9, 0xf,
    0x2c, 0x12, 0xf0, 0x7d, 0xe0, 0x57, 0x83, 0xe5,
    0x2, 0xdb, 0xe4, 0x39, 0xe, 0xe1, 0xf0, 0x6e,
    0x81, 0x93, 0xb8, 0x37, 0x90, 0xec, 0xc3, 0xff,
    0x87, 0x61, 0xff, 0x7c, 0xb7, 0x7, 0xc8, 0x2d,
    0x2c, 0x2c, 0x33, 0xc8, 0x74, 0x0,

    /* U+9664 "除" */
    0xf, 0xf4, 0x87, 0x7f, 0x6, 0x56, 0x1e, 0xb9,
    0x9, 0xb3, 0xf, 0xa8, 0xa, 0x64, 0xe1, 0xfd,
    0xb8, 0x54, 0xe0, 0xa8, 0x51, 0xfe, 0xa6, 0x15,
    0x9, 0xe8, 0x34, 0x50, 0x6a, 0x1, 0x63, 0x50,
    0x79, 0x41, 0xff, 0xc5, 0xbf, 0x17, 0xe0, 0xf5,
    0xf8, 0xbf, 0x5, 0xe8, 0x18, 0x67, 0xe, 0xf2,
    0x48, 0x65, 0x61, 0xf2, 0xa0, 0xe9, 0x83, 0xde,
    0xf, 0xa0, 0xfa, 0x7, 0x84, 0x28, 0xd0, 0xf7,
    0xc1, 0xe0,

    /* U+9690 "隐" */
    0xf, 0xfe, 0x35, 0x64, 0xe, 0x1f, 0x28, 0xe,
    0x8, 0xfa, 0xe, 0xa1, 0x9d, 0xf1, 0x87, 0xe7,
    0x90, 0x4a, 0xf, 0x48, 0xdf, 0x2b, 0xc8, 0x66,
    0x2f, 0xf8, 0x3c, 0xc1, 0xff, 0xc3, 0x90, 0x7f,
    0xc1, 0xf3, 0x1f, 0xf0, 0x7d, 0x8b, 0xf8, 0x3f,
    0xf8, 0x18, 0x69, 0x9, 0xed, 0x40, 0x97, 0x6,
    0x7c, 0xe5, 0x5a, 0x61, 0xf2, 0x82, 0x75, 0xa0,
    0xf5, 0x87, 0xa8, 0x87, 0xa4, 0x1f, 0x93, 0x1c,
    0x24, 0x1f, 0xd0, 0x40,

    /* U+969C "障" */
    0xf, 0xfe, 0x25, 0x70, 0x67, 0xe, 0x42, 0x4f,
    0xa3, 0xf0, 0x28, 0x27, 0x1f, 0x1e, 0xc, 0xc0,
    0x42, 0x43, 0xc8, 0x3e, 0x3d, 0x1e, 0x81, 0xc7,
    0xff, 0xa0, 0x50, 0xf, 0xfc, 0x1d, 0x40, 0xbf,
    0x83, 0xca, 0xb, 0xf8, 0x3f, 0xef, 0xe0, 0xf2,
    0x1a, 0xb8, 0x3b, 0x91, 0xe8, 0xd3, 0xd, 0xe8,
    0x3f, 0xf8, 0x9f, 0xc7, 0xe8, 0x3b, 0xf8, 0xfd,
    0x7, 0xff, 0x10,

    /* U+9700 "需" */
    0xf, 0xfe, 0x2b, 0xff, 0xfc, 0x8, 0xf, 0xf2,
    0xbf, 0xa2, 0xff, 0x2b, 0xfd, 0xf, 0xf2, 0xbf,
    0x90, 0x9f, 0x90, 0x3f, 0x20, 0xb7, 0xe4, 0xf,
    0xcd, 0x8d, 0x64, 0xd, 0x61, 0x5, 0x67, 0xcd,
    0x60, 0x5f, 0xea, 0x7f, 0xd7, 0xf8, 0xff, 0xc3,
    0xfc, 0x7f, 0xc1, 0xbd, 0x3e, 0x9f, 0x41, 0xff,
    0xe2, 0xe4, 0xe, 0x6, 0x3, 0x1e, 0x80,

    /* U+9879 "项" */
    0xf, 0xfe, 0x6f, 0xff, 0x93, 0xf9, 0xfc, 0x7f,
    0x25, 0x6, 0x42, 0x83, 0xf2, 0xda, 0x3e, 0x4f,
    0xc1, 0xfe, 0x7f, 0xc1, 0xff, 0xc2, 0xd0, 0xff,
    0xf9, 0xf4, 0xe, 0x43, 0xcc, 0xa2, 0xf, 0xfe,
    0x4, 0x7a, 0x18, 0x90, 0xa0, 0xb8, 0x3c, 0xa9,
    0xd4, 0x1f, 0xea, 0x87, 0xb0, 0xfd, 0x66, 0x85,
    0xb8, 0x7d, 0x70, 0x7a, 0xc0,

    /* U+988C "颌" */
    0xf, 0xfe, 0x55, 0x3, 0xff, 0x88, 0xa0, 0x3f,
    0xf9, 0xa, 0x1c, 0x7e, 0x2f, 0x90, 0x2b, 0x9c,
    0x24, 0x43, 0x9a, 0x2, 0x7, 0xa3, 0xf0, 0x25,
    0x5, 0x83, 0xfa, 0xa, 0x3f, 0x21, 0xa0, 0xf3,
    0x7e, 0x43, 0x21, 0xff, 0xcd, 0xff, 0x7, 0xff,
    0x7, 0xf0, 0x7f, 0xf6, 0xa1, 0x9, 0x83, 0xe4,
    0x9, 0x56, 0x21, 0xbe, 0x82, 0xd5, 0x3a, 0x1b,
    0xfa, 0xd8, 0x15, 0x5, 0x87, 0x7a, 0xc, 0xe0,

    /* U+9963 "饣" */
    0xf, 0xfe, 0xe, 0x1f, 0x90, 0xfe, 0xc3, 0xf9,
    0x3f, 0x83, 0x7e, 0x50, 0x24, 0x33, 0xa, 0x8c,
    0x8, 0x18, 0x3a, 0x9, 0xf, 0xff, 0xc, 0x1f,
    0x58, 0x79, 0x1e, 0xe, 0xdc, 0x3e, 0xa0, 0x70,

    /* U+9A6C "马" */
    0xf, 0xfe, 0x2d, 0xff, 0xf0, 0x6b, 0xff, 0xa0,
    0xf9, 0xf, 0xfe, 0x1c, 0x1f, 0x90, 0xff, 0xe1,
    0x61, 0xff, 0xc4, 0xc3, 0xff, 0x84, 0x87, 0x93,
    0xfe, 0x2f, 0x20, 0x7f, 0xfe, 0xf, 0xfe, 0x2b,
    0xff, 0xf4, 0x1a, 0xbf, 0xec, 0x40, 0xbf, 0xfc,
    0x3, 0x43, 0xff, 0x84, 0xe1, 0xfe, 0x7e, 0x50,
    0x7f, 0x9f, 0xa0, 0x0,

    /* U+9C7F "鱿" */
    0xc, 0x87, 0xc8, 0x7e, 0x60, 0xfa, 0x20, 0xf4,
    0x51, 0xf, 0x78, 0x32, 0x72, 0x1f, 0x2a, 0xa,
    0x81, 0x21, 0xf5, 0x82, 0x3, 0x28, 0x24, 0x32,
    0x1b, 0xc9, 0x3e, 0x8f, 0xd1, 0x14, 0x61, 0xf4,
    0x7e, 0x83, 0xff, 0x83, 0xa1, 0xef, 0x38, 0x6d,
    0xf, 0xde, 0x70, 0xce, 0x1f, 0xfc, 0x54, 0x3f,
    0x79, 0xc2, 0x43, 0xfb, 0xfc, 0xa, 0x7, 0x21,
    0xca, 0x94, 0x21, 0x9c, 0xbe, 0xb0, 0x50, 0x3f,
    0x7f, 0x54, 0xa0, 0x37, 0x62, 0x1e, 0xe0, 0xaf,
    0x90,

    /* U+9E1F "鸟" */
    0xf, 0xfe, 0x6e, 0x1f, 0xfc, 0x38, 0x3f, 0xf8,
    0x17, 0xc9, 0xfd, 0x7, 0x9f, 0xfc, 0x61, 0xfa,
    0xd0, 0xff, 0xe1, 0x5f, 0x6, 0x43, 0xfd, 0x67,
    0x90, 0xff, 0xe1, 0x7a, 0xf, 0x9f, 0xff, 0x90,
    0xaf, 0xff, 0x83, 0xff, 0xae, 0x9f, 0xff, 0xc0,
    0xe, 0xff, 0xfe, 0x0, 0x87, 0xff, 0x13, 0x43,
    0xff, 0x80, 0xf9, 0x83, 0xff, 0x80, 0xfc, 0x0,

    /* U+9ED8 "默" */
    0xf, 0xfe, 0x4d, 0x7c, 0x1b, 0xf, 0x9b, 0x6d,
    0xe, 0xa0, 0x73, 0x28, 0xc3, 0xd2, 0x83, 0xf5,
    0x87, 0xd4, 0xf, 0x20, 0x43, 0xe7, 0xe, 0x92,
    0x5, 0xf1, 0xf2, 0x13, 0xe7, 0xc5, 0x49, 0x52,
    0x17, 0xc7, 0xc2, 0xb1, 0x60, 0x9f, 0x8f, 0x82,
    0xc4, 0x39, 0xf4, 0x7c, 0x12, 0xb0, 0xff, 0x94,
    0x1a, 0x43, 0xaf, 0x47, 0xc0, 0x50, 0x7d, 0x4f,
    0xd4, 0x5, 0x94, 0xe, 0x99, 0x98, 0x44, 0x58,
    0x2a, 0x22, 0xe2, 0xc2, 0xa0, 0x4a, 0x9, 0x3d,
    0x6, 0x56, 0xc, 0x11, 0x3, 0x43, 0xac,

    /* U+FF01 "！" */
    0x9, 0xd0, 0xfe, 0x44, 0x3f, 0xf8, 0x38, 0x67,
    0x42, 0x74,

    /* U+FF08 "（" */
    0xf, 0xeb, 0x9, 0x58, 0x54, 0x9, 0x10, 0xa8,
    0x1c, 0x87, 0xf2, 0x1f, 0xf2, 0x1f, 0xfc, 0x14,
    0x33, 0x86, 0x90, 0xe7, 0xd, 0x10, 0x6c, 0x0,

    /* U+FF09 "）" */
    0xf, 0xb8, 0x36, 0xa0, 0xd4, 0xc, 0x88, 0x6b,
    0xc, 0xa0, 0xff, 0xe0, 0x21, 0xff, 0x21, 0xfc,
    0x87, 0x68, 0x66, 0xb, 0x42, 0x88, 0x36, 0x10,

    /* U+FF0C "，" */
    0xe, 0xb4, 0x4c, 0xd0, 0x9c, 0xd6, 0xa0,

    /* U+FF1A "：" */
    0x12, 0xac, 0xdd, 0xf, 0xfe, 0x22, 0x55, 0x9b,
    0xa0,

    /* U+FF1B "；" */
    0x2, 0x15, 0x40, 0xcc, 0xe, 0x87, 0xff, 0x2d,
    0xa, 0x98, 0x30, 0xce, 0x1a, 0x41, 0x30, 0x58,
    0x0,

    /* U+FF1F "？" */
    0x3, 0x72, 0x15, 0x8, 0xa0, 0x5c, 0xd1, 0x4,
    0x19, 0xf, 0xd0, 0x7c, 0xa8, 0x39, 0xa2, 0x1d,
    0x44, 0x39, 0x10, 0xf3, 0x7, 0xe4, 0x3f, 0xf8,
    0x96, 0x1f, 0xfc, 0x4b, 0xc,

    /* U+FF3B "［" */
    0x3f, 0x20, 0xf9, 0xf, 0xff, 0xf8, 0x77, 0xc8,

    /* U+FF3D "］" */
    0x7f, 0xf, 0xc1, 0xff, 0xff, 0xe, 0x7e, 0x0
};


/*---------------------
 *  GLYPH DESCRIPTION
 *--------------------*/

static const lv_font_fmt_txt_glyph_dsc_t ui_font_zh_18_glyph_dsc[] = {
    {.bitmap_index = 0, .adv_w = 0, .box_w = 0, .box_h = 0, .ofs_x = 0, .ofs_y = 0} /* id = 0 reserved */,
    {.bitmap_index = 0, .adv_w = 288, .box_w = 4, .box_h = 4, .ofs_x = 7, .ofs_y = 5},
    {.bitmap_index = 5, .adv_w = 154, .box_w = 9, .box_h = 2, .ofs_x = 0, .ofs_y = 4},
    {.bitmap_index = 9, .adv_w = 257, .box_w = 16, .box_h = 2, .ofs_x = 0, .ofs_y = 4},
    {.bitmap_index = 16, .adv_w = 288, .box_w = 4, .box_h = 5, .ofs_x = 14, .ofs_y = 10},
    {.bitmap_index = 22, .adv_w = 288, .box_w = 4, .box_h = 6, .ofs_x = 0, .ofs_y = 10},
    {.bitmap_index = 28, .adv_w = 288, .box_w = 7, .box_h = 5, .ofs_x = 11, .ofs_y = 10},
    {.bitmap_index = 38, .adv_w = 288, .box_w = 7, .box_h = 6, .ofs_x = 0, .ofs_y = 10},
    {.bitmap_index = 48, .adv_w = 288, .box_w = 16, .box_h = 3, .ofs_x = 1, .ofs_y = 6},
    {.bitmap_index = 59, .adv_w = 288, .box_w = 0, .box_h = 0, .ofs_x = 0, .ofs_y = 0},
    {.bitmap_index = 59, .adv_w = 288, .box_w = 7, .box_h = 5, .ofs_x = 0, .ofs_y = -1},
    {.bitmap_index = 68, .adv_w = 288, .box_w = 7, .box_h = 6, .ofs_x = 0, .ofs_y = -1},
    {.bitmap_index = 79, .adv_w = 288, .box_w = 8, .box_h = 18, .ofs_x = 10, .ofs_y = -2},
    {.bitmap_index = 111, .adv_w = 288, .box_w = 8, .box_h = 18, .ofs_x = 0, .ofs_y = -2},
    {.bitmap_index = 142, .adv_w = 288, .box_w = 9, .box_h = 18, .ofs_x = 9, .ofs_y = -2},
    {.bitmap_index = 181, .adv_w = 288, .box_w = 9, .box_h = 18, .ofs_x = 0, .ofs_y = -2},
    {.bitmap_index = 220, .adv_w = 288, .box_w = 7, .box_h = 13, .ofs_x = 11, .ofs_y = 3},
    {.bitmap_index = 229, .adv_w = 288, .box_w = 7, .box_h = 12, .ofs_x = 0, .ofs_y = -1},
    {.bitmap_index = 237, .adv_w = 288, .box_w = 7, .box_h = 12, .ofs_x = 11, .ofs_y = 3},
    {.bitmap_index = 248, .adv_w = 288, .box_w = 7, .box_h = 12, .ofs_x = 0, .ofs_y = -1},
    {.bitmap_index = 257, .adv_w = 288, .box_w = 6, .box_h = 17, .ofs_x = 12, .ofs_y = -1},
    {.bitmap_index = 274, .adv_w = 288, .box_w = 6, .box_h = 18, .ofs_x = 0, .ofs_y = -2},
    {.bitmap_index = 293, .adv_w = 288, .box_w = 18, .box_h = 2, .ofs_x = 0, .ofs_y = 6},
    {.bitmap_index = 300, .adv_w = 288, .box_w = 17, .box_h = 16, .ofs_x = 0, .ofs_y = -2},
    {.bitmap_index = 348, .adv_w = 288, .box_w = 16, .box_h = 15, .ofs_x = 1, .ofs_y = -1},
    {.bitmap_index = 375, .adv_w = 288, .box_w = 18, .box_h = 17, .ofs_x = 0, .ofs_y = -1},
    {.bitmap_index = 399, .adv_w = 288, .box_w = 17, .box_h = 15, .ofs_x = 1, .ofs_y = -1},
    {.bitmap_index = 431, .adv_w = 288, .box_w = 18, .box_h = 15, .ofs_x = 0, .ofs_y = -1},
    {.bitmap_index = 476, .adv_w = 288, .box_w = 15, .box_h = 17, .ofs_x = 1, .ofs_y = -2},
    {.bitmap_index = 526, .adv_w = 288, .box_w = 15, .box_h = 17, .ofs_x = 1, .ofs_y = -1},
    {.bitmap_index = 560, .adv_w = 288, .box_w = 16, .box_h = 17, .ofs_x = 1, .ofs_y = -1},
    {.bitmap_index = 607, .adv_w = 288, .box_w = 16, .box_h = 18, .ofs_x = 1, .ofs_y = -2},
    {.bitmap_index = 665, .adv_w = 288, .box_w = 18, .box_h = 17, .ofs_x = 0, .ofs_y = -1},
    {.bitmap_index = 727, .adv_w = 288, .box_w = 16, .box_h = 13, .ofs_x = 1, .ofs_y = 0},
    {.bitmap_index = 749, .adv_w = 288, .box_w = 17, .box_h = 15, .ofs_x = 1, .ofs_y = -1},
    {.bitmap_index = 793, .adv_w = 288, .box_w = 16, .box_h = 17, .ofs_x = 1, .ofs_y = -2},
    {.bitmap_index = 849, .adv_w = 288, .box_w = 18, .box_h = 17, .ofs_x = 0, .ofs_y = -2},
    {.bitmap_index = 915, .adv_w = 288, .box_w = 18, .box_h = 18, .ofs_x = 0, .ofs_y = -2},
    {.bitmap_index = 982, .adv_w = 288, .box_w = 18, .box_h = 17, .ofs_x = 0, .ofs_y = -1},
    {.bitmap_index = 1034, .adv_w = 288, .box_w = 18, .box_h = 16, .ofs_x = 0, .ofs_y = -1},
    {.bitmap_index = 1082, .adv_w = 288, .box_w = 18, .box_h = 17, .ofs_x = 0, .ofs_y = -1},
    {.bitmap_index = 1149, .adv_w = 288, .box_w = 17, .box_h = 17, .ofs_x = 1, .ofs_y = -2},
    {.bitmap_index = 1211, .adv_w = 288, .box_w = 18, .box_h = 17, .ofs_x = 0, .ofs_y = -1},
    {.bitmap_index = 1259, .adv_w = 288, .box_w = 17, .box_h = 17, .ofs_x = 0, .ofs_y = -1},
    {.bitmap_index = 1319, .adv_w = 288, .box_w = 18, .box_h = 17, .ofs_x = 0, .ofs_y = -2},
    {.bitmap_index = 1372, .adv_w = 288, .box_w = 18, .box_h = 18, .ofs_x = 0, .ofs_y = -2},
    {.bitmap_index = 1440, .adv_w = 288, .box_w = 17, .box_h = 17, .ofs_x = 0, .ofs_y = -1},
    {.bitmap_index = 1486, .adv_w = 288, .box_w = 18, .box_h = 17, .ofs_x = 0, .ofs_y = -1},
    {.bitmap_index = 1551, .adv_w = 288, .box_w = 18, .box_h = 16, .ofs_x = 0, .ofs_y = -1},
    {.bitmap_index = 1609, .adv_w = 288, .box_w = 18, .box_h = 17, .ofs_x = 0, .ofs_y = -1},
    {.bitmap_index = 1677, .adv_w = 288, .box_w = 18, .box_h = 18, .ofs_x = 0, .ofs_y = -2},
    {.bitmap_index = 1748, .adv_w = 288, .box_w = 18, .box_h = 18, .ofs_x = 0, .ofs_y = -2},
    {.bitmap_index = 1811, .adv_w = 288, .box_w = 18, .box_h = 17, .ofs_x = 0, .ofs_y = -2},
    {.bitmap_index = 1873, .adv_w = 288, .box_w = 18, .box_h = 17, .ofs_x = 0, .ofs_y = -1},
    {.bitmap_index = 1927, .adv_w = 288, .box_w = 18, .box_h = 17, .ofs_x = 0, .ofs_y = -2},
    {.bitmap_index = 1986, .adv_w = 288, .box_w = 17, .box_h = 18, .ofs_x = 1, .ofs_y = -2},
    {.bitmap_index = 2045, .adv_w = 288, .box_w = 18, .box_h = 18, .ofs_x = 0, .ofs_y = -2},
    {.bitmap_index = 2104, .adv_w = 288, .box_w = 16, .box_h = 17, .ofs_x = 1, .ofs_y = -1},
    {.bitmap_index = 2147, .adv_w = 288, .box_w = 17, .box_h = 17, .ofs_x = 1, .ofs_y = -1},
    {.bitmap_index = 2210, .adv_w = 288, .box_w = 18, .box_h = 17, .ofs_x = 0, .ofs_y = -2},
    {.bitmap_index = 2274, .adv_w = 288, .box_w = 17, .box_h = 17, .ofs_x = 0, .ofs_y = -2},
    {.bitmap_index = 2334, .adv_w = 288, .box_w = 17, .box_h = 18, .ofs_x = 0, .ofs_y = -2},
    {.bitmap_index = 2393, .adv_w = 288, .box_w = 17, .box_h = 17, .ofs_x = 0, .ofs_y = -2},
    {.bitmap_index = 2438, .adv_w = 288, .box_w = 17, .box_h = 17, .ofs_x = 0, .ofs_y = -2},
    {.bitmap_index = 2492, .adv_w = 288, .box_w = 17, .box_h = 18, .ofs_x = 0, .ofs_y = -2},
    {.bitmap_index = 2552, .adv_w = 288, .box_w = 17, .box_h = 17, .ofs_x = 0, .ofs_y = -2},
    {.bitmap_index = 2606, .adv_w = 288, .box_w = 18, .box_h = 18, .ofs_x = 0, .ofs_y = -2},
    {.bitmap_index = 2669, .adv_w = 288, .box_w = 17, .box_h = 18, .ofs_x = 0, .ofs_y = -2},
    {.bitmap_index = 2724, .adv_w = 288, .box_w = 18, .box_h = 17, .ofs_x = 0, .ofs_y = -2},
    {.bitmap_index = 2789, .adv_w = 288, .box_w = 17, .box_h = 17, .ofs_x = 0, .ofs_y = -2},
    {.bitmap_index = 2853, .adv_w = 288, .box_w = 18, .box_h = 17, .ofs_x = 0, .ofs_y = -1},
    {.bitmap_index = 2910, .adv_w = 288, .box_w = 17, .box_h = 16, .ofs_x = 1, .ofs_y = -1},
    {.bitmap_index = 2965, .adv_w = 288, .box_w = 18, .box_h = 18, .ofs_x = 0, .ofs_y = -2},
    {.bitmap_index = 3029, .adv_w = 288, .box_w = 16, .box_h = 16, .ofs_x = 1, .ofs_y = -1},
    {.bitmap_index = 3068, .adv_w = 288, .box_w = 18, .box_h = 17, .ofs_x = 0, .ofs_y = -2},
    {.bitmap_index = 3135, .adv_w = 288, .box_w = 18, .box_h = 17, .ofs_x = 0, .ofs_y = -2},
    {.bitmap_index = 3200, .adv_w = 288, .box_w = 14, .box_h = 15, .ofs_x = 2, .ofs_y = -1},
    {.bitmap_index = 3221, .adv_w = 288, .box_w = 17, .box_h = 15, .ofs_x = 1, .ofs_y = -1},
    {.bitmap_index = 3262, .adv_w = 288, .box_w = 16, .box_h = 16, .ofs_x = 1, .ofs_y = -1},
    {.bitmap_index = 3302, .adv_w = 288, .box_w = 15, .box_h = 17, .ofs_x = 1, .ofs_y = -1},
    {.bitmap_index = 3348, .adv_w = 288, .box_w = 18, .box_h = 18, .ofs_x = 0, .ofs_y = -2},
    {.bitmap_index = 3404, .adv_w = 288, .box_w = 16, .box_h = 17, .ofs_x = 0, .ofs_y = -2},
    {.bitmap_index = 3455, .adv_w = 288, .box_w = 16, .box_h = 17, .ofs_x = 0, .ofs_y = -2},
    {.bitmap_index = 3510, .adv_w = 288, .box_w = 17, .box_h = 17, .ofs_x = 0, .ofs_y = -1},
    {.bitmap_index = 3564, .adv_w = 288, .box_w = 17, .box_h = 16, .ofs_x = 0, .ofs_y = -1},
    {.bitmap_index = 3620, .adv_w = 288, .box_w = 16, .box_h = 16, .ofs_x = 1, .ofs_y = -2},
    {.bitmap_index = 3667, .adv_w = 288, .box_w = 16, .box_h = 16, .ofs_x = 1, .ofs_y = -1},
    {.bitmap_index = 3699, .adv_w = 288, .box_w = 16, .box_h = 16, .ofs_x = 1, .ofs_y = -1},
    {.bitmap_index = 3741, .adv_w = 288, .box_w = 17, .box_h = 17, .ofs_x = 0, .ofs_y = -1},
    {.bitmap_index = 3790, .adv_w = 288, .box_w = 18, .box_h = 16, .ofs_x = 0, .ofs_y = -1},
    {.bitmap_index = 3849, .adv_w = 288, .box_w = 18, .box_h = 17, .ofs_x = 0, .ofs_y = -2},
    {.bitmap_index = 3913, .adv_w = 288, .box_w = 18, .box_h = 17, .ofs_x = 0, .ofs_y = -1},
    {.bitmap_index = 3977, .adv_w = 288, .box_w = 18, .box_h = 18, .ofs_x = 0, .ofs_y = -2},
    {.bitmap_index = 4045, .adv_w = 288, .box_w = 18, .box_h = 16, .ofs_x = 0, .ofs_y = -1},
    {.bitmap_index = 4109, .adv_w = 288, .box_w = 16, .box_h = 17, .ofs_x = 1, .ofs_y = -1},
    {.bitmap_index = 4157, .adv_w = 288, .box_w = 18, .box_h = 17, .ofs_x = 0, .ofs_y = -1},
    {.bitmap_index = 4208, .adv_w = 288, .box_w = 16, .box_h = 17, .ofs_x = 1, .ofs_y = -1},
    {.bitmap_index = 4261, .adv_w = 288, .box_w = 16, .box_h = 18, .ofs_x = 1, .ofs_y = -2},
    {.bitmap_index = 4322, .adv_w = 288, .box_w = 18, .box_h = 18, .ofs_x = 0, .ofs_y = -2},
    {.bitmap_index = 4379, .adv_w = 288, .box_w = 16, .box_h = 17, .ofs_x = 1, .ofs_y = -1},
    {.bitmap_index = 4431, .adv_w = 288, .box_w = 18, .box_h = 16, .ofs_x = 0, .ofs_y = -1},
    {.bitmap_index = 4493, .adv_w = 288, .box_w = 18, .box_h = 17, .ofs_x = 0, .ofs_y = -1},
    {.bitmap_index = 4554, .adv_w = 288, .box_w = 18, .box_h = 18, .ofs_x = 0, .ofs_y = -2},
    {.bitmap_index = 4621, .adv_w = 288, .box_w = 17, .box_h = 17, .ofs_x = 0, .ofs_y = -1},
    {.bitmap_index = 4686, .adv_w = 288, .box_w = 18, .box_h = 18, .ofs_x = 0, .ofs_y = -2},
    {.bitmap_index = 4744, .adv_w = 288, .box_w = 18, .box_h = 17, .ofs_x = 0, .ofs_y = -2},
    {.bitmap_index = 4813, .adv_w = 288, .box_w = 18, .box_h = 17, .ofs_x = 0, .ofs_y = -2},
    {.bitmap_index = 4874, .adv_w = 288, .box_w = 18, .box_h = 14, .ofs_x = 0, .ofs_y = 0},
    {.bitmap_index = 4897, .adv_w = 288, .box_w = 17, .box_h = 15, .ofs_x = 1, .ofs_y = -1},
    {.bitmap_index = 4936, .adv_w = 288, .box_w = 16, .box_h = 16, .ofs_x = 1, .ofs_y = -1},
    {.bitmap_index = 4985, .adv_w = 288, .box_w = 18, .box_h = 17, .ofs_x = 0, .ofs_y = -1},
    {.bitmap_index = 5051, .adv_w = 288, .box_w = 18, .box_h = 17, .ofs_x = 0, .ofs_y = -2},
    {.bitmap_index = 5109, .adv_w = 288, .box_w = 17, .box_h = 18, .ofs_x = 0, .ofs_y = -2},
    {.bitmap_index = 5169, .adv_w = 288, .box_w = 18, .box_h = 18, .ofs_x = 0, .ofs_y = -2},
    {.bitmap_index = 5233, .adv_w = 288, .box_w = 18, .box_h = 18, .ofs_x = 0, .ofs_y = -2},
    {.bitmap_index = 5297, .adv_w = 288, .box_w = 18, .box_h = 18, .ofs_x = 0, .ofs_y = -2},
    {.bitmap_index = 5371, .adv_w = 288, .box_w = 18, .box_h = 16, .ofs_x = 0, .ofs_y = -2},
    {.bitmap_index = 5419, .adv_w = 288, .box_w = 15, .box_h = 17, .ofs_x = 1, .ofs_y = -1},
    {.bitmap_index = 5467, .adv_w = 288, .box_w = 17, .box_h = 16, .ofs_x = 1, .ofs_y = -1},
    {.bitmap_index = 5522, .adv_w = 288, .box_w = 18, .box_h = 18, .ofs_x = 0, .ofs_y = -2},
    {.bitmap_index = 5589, .adv_w = 288, .box_w = 18, .box_h = 17, .ofs_x = 0, .ofs_y = -1},
    {.bitmap_index = 5658, .adv_w = 288, .box_w = 18, .box_h = 17, .ofs_x = 0, .ofs_y = -1},
    {.bitmap_index = 5725, .adv_w = 288, .box_w = 17, .box_h = 17, .ofs_x = 0, .ofs_y = -1},
    {.bitmap_index = 5771, .adv_w = 288, .box_w = 18, .box_h = 18, .ofs_x = 0, .ofs_y = -2},
    {.bitmap_index = 5843, .adv_w = 288, .box_w = 17, .box_h = 16, .ofs_x = 0, .ofs_y = -1},
    {.bitmap_index = 5907, .adv_w = 288, .box_w = 17, .box_h = 17, .ofs_x = 1, .ofs_y = -1},
    {.bitmap_index = 5969, .adv_w = 288, .box_w = 16, .box_h = 18, .ofs_x = 0, .ofs_y = -2},
    {.bitmap_index = 6015, .adv_w = 288, .box_w = 18, .box_h = 17, .ofs_x = 0, .ofs_y = -2},
    {.bitmap_index = 6076, .adv_w = 288, .box_w = 18, .box_h = 17, .ofs_x = 0, .ofs_y = -2},
    {.bitmap_index = 6121, .adv_w = 288, .box_w = 18, .box_h = 18, .ofs_x = 0, .ofs_y = -2},
    {.bitmap_index = 6181, .adv_w = 288, .box_w = 18, .box_h = 18, .ofs_x = 0, .ofs_y = -2},
    {.bitmap_index = 6241, .adv_w = 288, .box_w = 18, .box_h = 18, .ofs_x = 0, .ofs_y = -2},
    {.bitmap_index = 6300, .adv_w = 288, .box_w = 18, .box_h = 18, .ofs_x = 0, .ofs_y = -2},
    {.bitmap_index = 6370, .adv_w = 288, .box_w = 18, .box_h = 18, .ofs_x = 0, .ofs_y = -2},
    {.bitmap_index = 6444, .adv_w = 288, .box_w = 18, .box_h = 18, .ofs_x = 0, .ofs_y = -2},
    {.bitmap_index = 6502, .adv_w = 288, .box_w = 17, .box_h = 18, .ofs_x = 0, .ofs_y = -2},
    {.bitmap_index = 6567, .adv_w = 288, .box_w = 18, .box_h = 18, .ofs_x = 0, .ofs_y = -2},
    {.bitmap_index = 6637, .adv_w = 288, .box_w = 18, .box_h = 18, .ofs_x = 0, .ofs_y = -2},
    {.bitmap_index = 6713, .adv_w = 288, .box_w = 18, .box_h = 18, .ofs_x = 0, .ofs_y = -2},
    {.bitmap_index = 6784, .adv_w = 288, .box_w = 17, .box_h = 17, .ofs_x = 1, .ofs_y = -1},
    {.bitmap_index = 6844, .adv_w = 288, .box_w = 17, .box_h = 18, .ofs_x = 1, .ofs_y = -2},
    {.bitmap_index = 6909, .adv_w = 288, .box_w = 18, .box_h = 18, .ofs_x = 0, .ofs_y = -2},
    {.bitmap_index = 6978, .adv_w = 288, .box_w = 18, .box_h = 18, .ofs_x = 0, .ofs_y = -2},
    {.bitmap_index = 7053, .adv_w = 288, .box_w = 18, .box_h = 18, .ofs_x = 0, .ofs_y = -2},
    {.bitmap_index = 7126, .adv_w = 288, .box_w = 18, .box_h = 17, .ofs_x = 0, .ofs_y = -1},
    {.bitmap_index = 7195, .adv_w = 288, .box_w = 18, .box_h = 18, .ofs_x = 0, .ofs_y = -2},
    {.bitmap_index = 7261, .adv_w = 288, .box_w = 17, .box_h = 18, .ofs_x = 1, .ofs_y = -2},
    {.bitmap_index = 7327, .adv_w = 288, .box_w = 18, .box_h = 17, .ofs_x = 0, .ofs_y = -1},
    {.bitmap_index = 7392, .adv_w = 288, .box_w = 18, .box_h = 16, .ofs_x = 0, .ofs_y = -2},
    {.bitmap_index = 7445, .adv_w = 288, .box_w = 12, .box_h = 15, .ofs_x = 3, .ofs_y = -1},
    {.bitmap_index = 7469, .adv_w = 288, .box_w = 17, .box_h = 16, .ofs_x = 1, .ofs_y = -1},
    {.bitmap_index = 7523, .adv_w = 288, .box_w = 16, .box_h = 17, .ofs_x = 1, .ofs_y = -2},
    {.bitmap_index = 7575, .adv_w = 288, .box_w = 18, .box_h = 16, .ofs_x = 0, .ofs_y = -1},
    {.bitmap_index = 7627, .adv_w = 288, .box_w = 18, .box_h = 17, .ofs_x = 0, .ofs_y = -1},
    {.bitmap_index = 7690, .adv_w = 288, .box_w = 18, .box_h = 16, .ofs_x = 0, .ofs_y = -1},
    {.bitmap_index = 7750, .adv_w = 288, .box_w = 15, .box_h = 17, .ofs_x = 0, .ofs_y = -2},
    {.bitmap_index = 7790, .adv_w = 288, .box_w = 17, .box_h = 17, .ofs_x = 0, .ofs_y = -1},
    {.bitmap_index = 7844, .adv_w = 288, .box_w = 18, .box_h = 17, .ofs_x = 0, .ofs_y = -2},
    {.bitmap_index = 7906, .adv_w = 288, .box_w = 17, .box_h = 17, .ofs_x = 0, .ofs_y = -2},
    {.bitmap_index = 7973, .adv_w = 288, .box_w = 18, .box_h = 17, .ofs_x = 0, .ofs_y = -1},
    {.bitmap_index = 8027, .adv_w = 288, .box_w = 18, .box_h = 17, .ofs_x = 0, .ofs_y = -1},
    {.bitmap_index = 8079, .adv_w = 288, .box_w = 18, .box_h = 18, .ofs_x = 0, .ofs_y = -2},
    {.bitmap_index = 8147, .adv_w = 288, .box_w = 18, .box_h = 16, .ofs_x = 0, .ofs_y = -1},
    {.bitmap_index = 8211, .adv_w = 288, .box_w = 18, .box_h = 17, .ofs_x = 0, .ofs_y = -1},
    {.bitmap_index = 8273, .adv_w = 288, .box_w = 17, .box_h = 18, .ofs_x = 0, .ofs_y = -2},
    {.bitmap_index = 8338, .adv_w = 288, .box_w = 18, .box_h = 17, .ofs_x = 0, .ofs_y = -1},
    {.bitmap_index = 8396, .adv_w = 288, .box_w = 18, .box_h = 17, .ofs_x = 0, .ofs_y = -1},
    {.bitmap_index = 8466, .adv_w = 288, .box_w = 18, .box_h = 18, .ofs_x = 0, .ofs_y = -2},
    {.bitmap_index = 8540, .adv_w = 288, .box_w = 18, .box_h = 17, .ofs_x = 0, .ofs_y = -1},
    {.bitmap_index = 8611, .adv_w = 288, .box_w = 18, .box_h = 18, .ofs_x = 0, .ofs_y = -2},
    {.bitmap_index = 8687, .adv_w = 288, .box_w = 18, .box_h = 18, .ofs_x = 0, .ofs_y = -2},
    {.bitmap_index = 8756, .adv_w = 288, .box_w = 18, .box_h = 15, .ofs_x = 0, .ofs_y = -1},
    {.bitmap_index = 8793, .adv_w = 288, .box_w = 18, .box_h = 17, .ofs_x = 0, .ofs_y = -2},
    {.bitmap_index = 8836, .adv_w = 288, .box_w = 17, .box_h = 17, .ofs_x = 0, .ofs_y = -2},
    {.bitmap_index = 8895, .adv_w = 288, .box_w = 18, .box_h = 17, .ofs_x = 0, .ofs_y = -1},
    {.bitmap_index = 8960, .adv_w = 288, .box_w = 18, .box_h = 17, .ofs_x = 0, .ofs_y = -2},
    {.bitmap_index = 9028, .adv_w = 288, .box_w = 17, .box_h = 17, .ofs_x = 0, .ofs_y = -2},
    {.bitmap_index = 9093, .adv_w = 288, .box_w = 18, .box_h = 17, .ofs_x = 0, .ofs_y = -1},
    {.bitmap_index = 9153, .adv_w = 288, .box_w = 17, .box_h = 17, .ofs_x = 0, .ofs_y = -1},
    {.bitmap_index = 9213, .adv_w = 288, .box_w = 18, .box_h = 16, .ofs_x = 0, .ofs_y = -1},
    {.bitmap_index = 9278, .adv_w = 288, .box_w = 18, .box_h = 16, .ofs_x = 0, .ofs_y = -1},
    {.bitmap_index = 9341, .adv_w = 288, .box_w = 18, .box_h = 16, .ofs_x = 0, .ofs_y = -1},
    {.bitmap_index = 9406, .adv_w = 288, .box_w = 18, .box_h = 17, .ofs_x = 0, .ofs_y = -1},
    {.bitmap_index = 9479, .adv_w = 288, .box_w = 17, .box_h = 17, .ofs_x = 0, .ofs_y = -2},
    {.bitmap_index = 9537, .adv_w = 288, .box_w = 18, .box_h = 18, .ofs_x = 0, .ofs_y = -2},
    {.bitmap_index = 9604, .adv_w = 288, .box_w = 17, .box_h = 16, .ofs_x = 1, .ofs_y = -1},
    {.bitmap_index = 9648, .adv_w = 288, .box_w = 16, .box_h = 16, .ofs_x = 0, .ofs_y = -2},
    {.bitmap_index = 9696, .adv_w = 288, .box_w = 16, .box_h = 17, .ofs_x = 2, .ofs_y = -1},
    {.bitmap_index = 9745, .adv_w = 288, .box_w = 16, .box_h = 15, .ofs_x = 1, .ofs_y = -1},
    {.bitmap_index = 9788, .adv_w = 288, .box_w = 16, .box_h = 17, .ofs_x = 1, .ofs_y = -1},
    {.bitmap_index = 9846, .adv_w = 288, .box_w = 17, .box_h = 17, .ofs_x = 1, .ofs_y = -1},
    {.bitmap_index = 9908, .adv_w = 288, .box_w = 18, .box_h = 16, .ofs_x = 0, .ofs_y = -1},
    {.bitmap_index = 9967, .adv_w = 288, .box_w = 16, .box_h = 18, .ofs_x = 1, .ofs_y = -2},
    {.bitmap_index = 10028, .adv_w = 288, .box_w = 14, .box_h = 15, .ofs_x = 2, .ofs_y = -1},
    {.bitmap_index = 10065, .adv_w = 288, .box_w = 17, .box_h = 18, .ofs_x = 0, .ofs_y = -2},
    {.bitmap_index = 10127, .adv_w = 288, .box_w = 17, .box_h = 17, .ofs_x = 0, .ofs_y = -2},
    {.bitmap_index = 10188, .adv_w = 288, .box_w = 17, .box_h = 15, .ofs_x = 0, .ofs_y = -1},
    {.bitmap_index = 10232, .adv_w = 288, .box_w = 16, .box_h = 17, .ofs_x = 1, .ofs_y = -2},
    {.bitmap_index = 10291, .adv_w = 288, .box_w = 18, .box_h = 17, .ofs_x = 0, .ofs_y = -1},
    {.bitmap_index = 10359, .adv_w = 288, .box_w = 16, .box_h = 17, .ofs_x = 1, .ofs_y = -1},
    {.bitmap_index = 10403, .adv_w = 288, .box_w = 16, .box_h = 17, .ofs_x = 1, .ofs_y = -1},
    {.bitmap_index = 10461, .adv_w = 288, .box_w = 18, .box_h = 17, .ofs_x = 0, .ofs_y = -1},
    {.bitmap_index = 10521, .adv_w = 288, .box_w = 17, .box_h = 16, .ofs_x = 1, .ofs_y = -1},
    {.bitmap_index = 10582, .adv_w = 288, .box_w = 17, .box_h = 18, .ofs_x = 0, .ofs_y = -2},
    {.bitmap_index = 10648, .adv_w = 288, .box_w = 18, .box_h = 17, .ofs_x = 0, .ofs_y = -1},
    {.bitmap_index = 10710, .adv_w = 288, .box_w = 16, .box_h = 17, .ofs_x = 1, .ofs_y = -1},
    {.bitmap_index = 10773, .adv_w = 288, .box_w = 9, .box_h = 16, .ofs_x = 1, .ofs_y = -1},
    {.bitmap_index = 10809, .adv_w = 288, .box_w = 18, .box_h = 18, .ofs_x = 0, .ofs_y = -2},
    {.bitmap_index = 10885, .adv_w = 288, .box_w = 18, .box_h = 17, .ofs_x = 0, .ofs_y = -1},
    {.bitmap_index = 10960, .adv_w = 288, .box_w = 18, .box_h = 17, .ofs_x = 0, .ofs_y = -1},
    {.bitmap_index = 11028, .adv_w = 288, .box_w = 18, .box_h = 17, .ofs_x = 0, .ofs_y = -2},
    {.bitmap_index = 11101, .adv_w = 288, .box_w = 18, .box_h = 16, .ofs_x = 0, .ofs_y = -1},
    {.bitmap_index = 11172, .adv_w = 288, .box_w = 18, .box_h = 18, .ofs_x = 0, .ofs_y = -2},
    {.bitmap_index = 11243, .adv_w = 288, .box_w = 16, .box_h = 16, .ofs_x = 1, .ofs_y = -1},
    {.bitmap_index = 11297, .adv_w = 288, .box_w = 18, .box_h = 16, .ofs_x = 0, .ofs_y = -1},
    {.bitmap_index = 11355, .adv_w = 288, .box_w = 18, .box_h = 17, .ofs_x = 0, .ofs_y = -2},
    {.bitmap_index = 11422, .adv_w = 288, .box_w = 18, .box_h = 16, .ofs_x = 0, .ofs_y = -1},
    {.bitmap_index = 11475, .adv_w = 288, .box_w = 16, .box_h = 17, .ofs_x = 1, .ofs_y = -1},
    {.bitmap_index = 11515, .adv_w = 288, .box_w = 18, .box_h = 17, .ofs_x = 0, .ofs_y = -1},
    {.bitmap_index = 11574, .adv_w = 288, .box_w = 18, .box_h = 17, .ofs_x = 0, .ofs_y = -1},
    {.bitmap_index = 11645, .adv_w = 288, .box_w = 18, .box_h = 18, .ofs_x = 0, .ofs_y = -2},
    {.bitmap_index = 11699, .adv_w = 288, .box_w = 18, .box_h = 17, .ofs_x = 0, .ofs_y = -1},
    {.bitmap_index = 11752, .adv_w = 288, .box_w = 18, .box_h = 17, .ofs_x = 0, .ofs_y = -2},
    {.bitmap_index = 11816, .adv_w = 288, .box_w = 18, .box_h = 18, .ofs_x = 0, .ofs_y = -2},
    {.bitmap_index = 11890, .adv_w = 288, .box_w = 18, .box_h = 17, .ofs_x = 0, .ofs_y = -2},
    {.bitmap_index = 11955, .adv_w = 288, .box_w = 15, .box_h = 18, .ofs_x = 1, .ofs_y = -2},
    {.bitmap_index = 12012, .adv_w = 288, .box_w = 18, .box_h = 18, .ofs_x = 0, .ofs_y = -2},
    {.bitmap_index = 12081, .adv_w = 288, .box_w = 9, .box_h = 17, .ofs_x = 0, .ofs_y = -2},
    {.bitmap_index = 12107, .adv_w = 288, .box_w = 18, .box_h = 17, .ofs_x = 0, .ofs_y = -2},
    {.bitmap_index = 12164, .adv_w = 288, .box_w = 17, .box_h = 17, .ofs_x = 1, .ofs_y = -2},
    {.bitmap_index = 12230, .adv_w = 288, .box_w = 18, .box_h = 17, .ofs_x = 0, .ofs_y = -1},
    {.bitmap_index = 12287, .adv_w = 288, .box_w = 17, .box_h = 17, .ofs_x = 0, .ofs_y = -2},
    {.bitmap_index = 12353, .adv_w = 288, .box_w = 18, .box_h = 17, .ofs_x = 0, .ofs_y = -2},
    {.bitmap_index = 12423, .adv_w = 288, .box_w = 17, .box_h = 18, .ofs_x = 1, .ofs_y = -2},
    {.bitmap_index = 12484, .adv_w = 288, .box_w = 17, .box_h = 16, .ofs_x = 0, .ofs_y = -1},
    {.bitmap_index = 12539, .adv_w = 288, .box_w = 17, .box_h = 17, .ofs_x = 1, .ofs_y = -2},
    {.bitmap_index = 12600, .adv_w = 288, .box_w = 17, .box_h = 17, .ofs_x = 1, .ofs_y = -2},
    {.bitmap_index = 12662, .adv_w = 288, .box_w = 18, .box_h = 17, .ofs_x = 0, .ofs_y = -1},
    {.bitmap_index = 12726, .adv_w = 288, .box_w = 18, .box_h = 17, .ofs_x = 0, .ofs_y = -2},
    {.bitmap_index = 12792, .adv_w = 288, .box_w = 18, .box_h = 18, .ofs_x = 0, .ofs_y = -2},
    {.bitmap_index = 12866, .adv_w = 288, .box_w = 18, .box_h = 17, .ofs_x = 0, .ofs_y = -1},
    {.bitmap_index = 12929, .adv_w = 288, .box_w = 18, .box_h = 18, .ofs_x = 0, .ofs_y = -2},
    {.bitmap_index = 13002, .adv_w = 288, .box_w = 18, .box_h = 17, .ofs_x = 0, .ofs_y = -2},
    {.bitmap_index = 13061, .adv_w = 288, .box_w = 18, .box_h = 17, .ofs_x = 0, .ofs_y = -2},
    {.bitmap_index = 13125, .adv_w = 288, .box_w = 18, .box_h = 18, .ofs_x = 0, .ofs_y = -2},
    {.bitmap_index = 13189, .adv_w = 288, .box_w = 18, .box_h = 18, .ofs_x = 0, .ofs_y = -2},
    {.bitmap_index = 13257, .adv_w = 288, .box_w = 18, .box_h = 17, .ofs_x = 0, .ofs_y = -2},
    {.bitmap_index = 13321, .adv_w = 288, .box_w = 18, .box_h = 17, .ofs_x = 0, .ofs_y = -2},
    {.bitmap_index = 13386, .adv_w = 288, .box_w = 17, .box_h = 17, .ofs_x = 1, .ofs_y = -2},
    {.bitmap_index = 13444, .adv_w = 288, .box_w = 18, .box_h = 16, .ofs_x = 0, .ofs_y = -1},
    {.bitmap_index = 13501, .adv_w = 288, .box_w = 18, .box_h = 16, .ofs_x = 0, .ofs_y = -1},
    {.bitmap_index = 13560, .adv_w = 288, .box_w = 17, .box_h = 17, .ofs_x = 0, .ofs_y = -1},
    {.bitmap_index = 13622, .adv_w = 288, .box_w = 18, .box_h = 17, .ofs_x = 0, .ofs_y = -1},
    {.bitmap_index = 13684, .adv_w = 288, .box_w = 17, .box_h = 17, .ofs_x = 0, .ofs_y = -1},
    {.bitmap_index = 13744, .adv_w = 288, .box_w = 18, .box_h = 17, .ofs_x = 0, .ofs_y = -1},
    {.bitmap_index = 13811, .adv_w = 288, .box_w = 18, .box_h = 17, .ofs_x = 0, .ofs_y = -1},
    {.bitmap_index = 13872, .adv_w = 288, .box_w = 16, .box_h = 16, .ofs_x = 1, .ofs_y = -1},
    {.bitmap_index = 13893, .adv_w = 288, .box_w = 16, .box_h = 17, .ofs_x = 1, .ofs_y = -2},
    {.bitmap_index = 13948, .adv_w = 288, .box_w = 16, .box_h = 16, .ofs_x = 1, .ofs_y = -1},
    {.bitmap_index = 13998, .adv_w = 288, .box_w = 16, .box_h = 16, .ofs_x = 1, .ofs_y = -1},
    {.bitmap_index = 14036, .adv_w = 288, .box_w = 17, .box_h = 17, .ofs_x = 1, .ofs_y = -2},
    {.bitmap_index = 14095, .adv_w = 288, .box_w = 17, .box_h = 17, .ofs_x = 1, .ofs_y = -2},
    {.bitmap_index = 14157, .adv_w = 288, .box_w = 17, .box_h = 17, .ofs_x = 1, .ofs_y = -2},
    {.bitmap_index = 14223, .adv_w = 288, .box_w = 17, .box_h = 18, .ofs_x = 1, .ofs_y = -2},
    {.bitmap_index = 14291, .adv_w = 288, .box_w = 16, .box_h = 17, .ofs_x = 1, .ofs_y = -1},
    {.bitmap_index = 14350, .adv_w = 288, .box_w = 16, .box_h = 17, .ofs_x = 1, .ofs_y = -2},
    {.bitmap_index = 14405, .adv_w = 288, .box_w = 18, .box_h = 17, .ofs_x = 0, .ofs_y = -2},
    {.bitmap_index = 14458, .adv_w = 288, .box_w = 18, .box_h = 18, .ofs_x = 0, .ofs_y = -2},
    {.bitmap_index = 14522, .adv_w = 288, .box_w = 10, .box_h = 18, .ofs_x = 1, .ofs_y = -2},
    {.bitmap_index = 14554, .adv_w = 288, .box_w = 16, .box_h = 17, .ofs_x = 1, .ofs_y = -2},
    {.bitmap_index = 14606, .adv_w = 288, .box_w = 18, .box_h = 18, .ofs_x = 0, .ofs_y = -2},
    {.bitmap_index = 14679, .adv_w = 288, .box_w = 17, .box_h = 18, .ofs_x = 0, .ofs_y = -2},
    {.bitmap_index = 14735, .adv_w = 288, .box_w = 19, .box_h = 18, .ofs_x = 0, .ofs_y = -2},
    {.bitmap_index = 14814, .adv_w = 288, .box_w = 3, .box_h = 15, .ofs_x = 3, .ofs_y = -1},
    {.bitmap_index = 14824, .adv_w = 288, .box_w = 6, .box_h = 18, .ofs_x = 12, .ofs_y = -2},
    {.bitmap_index = 14848, .adv_w = 288, .box_w = 6, .box_h = 18, .ofs_x = 0, .ofs_y = -2},
    {.bitmap_index = 14872, .adv_w = 288, .box_w = 4, .box_h = 7, .ofs_x = 2, .ofs_y = -2},
    {.bitmap_index = 14879, .adv_w = 288, .box_w = 3, .box_h = 13, .ofs_x = 3, .ofs_y = -1},
    {.bitmap_index = 14888, .adv_w = 288, .box_w = 5, .box_h = 15, .ofs_x = 2, .ofs_y = -3},
    {.bitmap_index = 14905, .adv_w = 288, .box_w = 9, .box_h = 15, .ofs_x = 0, .ofs_y = -1},
    {.bitmap_index = 14934, .adv_w = 288, .box_w = 6, .box_h = 16, .ofs_x = 12, .ofs_y = -1},
    {.bitmap_index = 14942, .adv_w = 288, .box_w = 6, .box_h = 16, .ofs_x = 0, .ofs_y = -1}
};

/*---------------------
 *  CHARACTER MAPPING
 *--------------------*/

static const uint16_t ui_font_zh_18_unicode_list_0[] = {
    0x0, 0x1f5c, 0x1f5d, 0x1f61, 0x1f62, 0x1f65, 0x1f66, 0x1f6f,
    0x2f49, 0x2f4a, 0x2f4b, 0x2f51, 0x2f52, 0x2f53, 0x2f54, 0x2f55,
    0x2f56, 0x2f57, 0x2f58, 0x2f59, 0x2f5a, 0x4d49, 0x4d50, 0x4d52,
    0x4d53, 0x4d54, 0x4d56, 0x4d57, 0x4d76, 0x4d7b, 0x4d83, 0x4dd4,
    0x4dd5, 0x4ddd, 0x4df7, 0x4e0e, 0x4e2d, 0x4e3f, 0x4e44, 0x4e62,
    0x4e63, 0x4e7d, 0x4e96, 0x4e9e, 0x4ea2, 0x4ea5, 0x4ec8, 0x4f26,
    0x4f37, 0x4ff1, 0x508a, 0x50ae, 0x50b1, 0x50b6, 0x50bc, 0x50bf,
    0x50ce, 0x510f, 0x514f, 0x5150, 0x5160, 0x5169, 0x5179, 0x517f,
    0x5180, 0x5196, 0x51e9, 0x51ea, 0x51f1, 0x524e, 0x5283, 0x5298,
    0x52b9, 0x5313, 0x531f, 0x532c, 0x5338, 0x5355, 0x5356, 0x5357,
    0x5378, 0x53b1, 0x53c6, 0x53d5, 0x5624, 0x5627, 0x5643, 0x5671,
    0x5850, 0x5856, 0x585f, 0x587a, 0x5914, 0x5aa0, 0x5aa1, 0x5acc,
    0x5ad2, 0x5ad5, 0x5aea, 0x5b02, 0x5b0f, 0x5b42, 0x5b4f, 0x5b5a,
    0x5b7a, 0x5b98, 0x5d2e, 0x5d3b, 0x5d81, 0x5d9e, 0x5dbf, 0x5ddc,
    0x5ddd, 0x5def, 0x5e43, 0x5e49, 0x5e9c, 0x5e9e, 0x5ece, 0x5f46,
    0x5f4a, 0x5f70, 0x5fab, 0x6068, 0x615f, 0x6180, 0x6189, 0x619c,
    0x61b0, 0x61c2, 0x621b, 0x62ab, 0x62ee, 0x62f0, 0x631b, 0x63c1,
    0x63ed, 0x6416, 0x647f, 0x6482, 0x648e, 0x6491, 0x6498, 0x64bd,
    0x64d0, 0x64f6, 0x64f9, 0x6529, 0x652e, 0x653f, 0x6557, 0x6587,
    0x65cb, 0x6649, 0x6651, 0x6652, 0x6656, 0x6668, 0x6673, 0x6675,
    0x668c, 0x66aa, 0x66ae, 0x66cd, 0x672e, 0x6751, 0x676a, 0x6809,
    0x6973, 0x6a6a, 0x6aac, 0x6aad, 0x6aae, 0x6b8b, 0x6bea, 0x6c1e,
    0x6c84, 0x6cd1, 0x6d3a, 0x6d4e, 0x6dd9, 0x6e2a, 0x71a2, 0x71ff,
    0x7468, 0x7471, 0x747e, 0x7484, 0x74a2, 0x74ae, 0x75c4, 0x75cd,
    0x7637, 0x772e, 0x774a, 0x7883, 0x7904, 0x7939, 0x79c3, 0x79e0,
    0x7a14, 0x7a1f, 0x7a38, 0x7a92, 0x7c44, 0x7de8, 0x7df0, 0x7e08,
    0x7e26, 0x7e28, 0x7e33, 0x7e83, 0x7eb7, 0x7f4e, 0x805a, 0x81bb,
    0x81d1, 0x8426, 0x8518, 0x8795, 0x87ae, 0x87b1, 0x880e, 0x88ca,
    0x891b, 0x892f, 0x8ae9, 0x8aed, 0x8af7, 0x8b01, 0x8b07, 0x8b13,
    0x8b1e, 0x8b26, 0x8b38, 0x8b3d, 0x8b40, 0x8c6e, 0x8ec6, 0x8eca,
    0x8edc, 0x8f10, 0x8f19, 0x8f1a, 0x8f22, 0x8f27, 0x8f63, 0x9096,
    0x9116, 0x9118, 0x93e8, 0x9411, 0x9449, 0x9462, 0x9466, 0x9531,
    0x9536, 0x953b, 0x953d, 0x9568, 0x9599, 0x95ad, 0x95d9, 0x95e5,
    0x9649, 0x97c2, 0x97d5, 0x98ac, 0x99b5, 0x9bc8, 0x9d68, 0x9e21,
    0xfe4a, 0xfe51, 0xfe52, 0xfe55, 0xfe63, 0xfe64, 0xfe68, 0xfe84,
    0xfe86
};

/*Collect the unicode lists and glyph_id offsets*/
static const lv_font_fmt_txt_cmap_t ui_font_zh_18_cmaps[] =
{
    {
        .range_start = 183, .range_length = 65159, .glyph_id_start = 1,
        .unicode_list = ui_font_zh_18_unicode_list_0, .glyph_id_ofs_list = NULL, .list_length = 281, .type = LV_FONT_FMT_TXT_CMAP_SPARSE_TINY
    }
};



/*--------------------
 *  ALL CUSTOM DATA
 *--------------------*/

#if LVGL_VERSION_MAJOR == 8
/*Store all the custom data of the font*/
static  lv_font_fmt_txt_glyph_cache_t cache;
#endif

#if LVGL_VERSION_MAJOR >= 8
static const lv_font_fmt_txt_dsc_t ui_font_zh_18_font_dsc = {
#else
static lv_font_fmt_txt_dsc_t ui_font_zh_18_font_dsc = {
#endif
    .glyph_bitmap = ui_font_zh_18_glyph_bitmap,
    .glyph_dsc = ui_font_zh_18_glyph_dsc,
    .cmaps = ui_font_zh_18_cmaps,
    .kern_dsc = NULL,
    .kern_scale = 0,
    .cmap_num = 1,
    .bpp = 2,
    .kern_classes = 0,
    .bitmap_format = 1,
#if LVGL_VERSION_MAJOR == 8
    .cache = &cache
#endif
};

extern const lv_font_t lv_font_montserrat_14;


/*-----------------
 *  PUBLIC FONT
 *----------------*/

/*Initialize a public general font descriptor*/
#if LVGL_VERSION_MAJOR >= 8
const lv_font_t ui_font_zh_18 = {
#else
lv_font_t ui_font_zh_18 = {
#endif
    .get_glyph_dsc = lv_font_get_glyph_dsc_fmt_txt,    /*Function pointer to get glyph's data*/
    .get_glyph_bitmap = lv_font_get_bitmap_fmt_txt,    /*Function pointer to get glyph's bitmap*/
    .line_height = 19,          /*The maximum line height required by the font*/
    .base_line = 3,             /*Baseline measured from the bottom of the line*/
#if !(LVGL_VERSION_MAJOR == 6 && LVGL_VERSION_MINOR == 0)
    .subpx = LV_FONT_SUBPX_NONE,
#endif
#if LV_VERSION_CHECK(7, 4, 0) || LVGL_VERSION_MAJOR >= 8
    .underline_position = -2,
    .underline_thickness = 1,
#endif
    .dsc = &ui_font_zh_18_font_dsc,          /*The custom font data. Will be accessed by `get_glyph_bitmap/dsc` */
#if LV_VERSION_CHECK(8, 2, 0) || LVGL_VERSION_MAJOR >= 9
    .fallback = &lv_font_montserrat_14,
#endif
    .user_data = NULL,
};



#endif /*#if UI_FONT_ZH_18*/
